date,port,congestion_score,avg_queue_length_vessels,avg_wait_hours,is_synthetic,proxy_source
2024-09-28,Shanghai,0.7316,8,72.4,True,Weather-Correlated Engine
2024-09-28,Singapore,0.6711,5,66.4,True,Weather-Correlated Engine
2024-09-28,Rotterdam,0.6811,6,67.4,True,Weather-Correlated Engine
2024-09-28,Los Angeles,0.6051,5,59.9,True,Weather-Correlated Engine
2024-09-29,Shanghai,0.7411,8,73.4,True,Weather-Correlated Engine
2024-09-29,Singapore,0.6817,6,67.5,True,Weather-Correlated Engine
2024-09-29,Rotterdam,0.6768,6,67.0,True,Weather-Correlated Engine
2024-09-29,Los Angeles,0.6229,7,61.7,True,Weather-Correlated Engine
2024-09-30,Shanghai,0.7247,6,71.7,True,Weather-Correlated Engine
2024-09-30,Singapore,0.6914,5,68.4,True,Weather-Correlated Engine
2024-09-30,Rotterdam,0.6896,7,68.3,True,Weather-Correlated Engine
2024-09-30,Los Angeles,0.6259,7,62.0,True,Weather-Correlated Engine
2024-10-01,Shanghai,0.636,5,63.0,True,Weather-Correlated Engine
2024-10-01,Singapore,0.598,6,59.2,True,Weather-Correlated Engine
2024-10-01,Rotterdam,0.5516,4,54.6,True,Weather-Correlated Engine
2024-10-01,Los Angeles,0.5013,5,49.6,True,Weather-Correlated Engine
2024-10-02,Shanghai,0.6278,6,62.2,True,Weather-Correlated Engine
2024-10-02,Singapore,0.5702,4,56.5,True,Weather-Correlated Engine
2024-10-02,Rotterdam,0.5689,6,56.3,True,Weather-Correlated Engine
2024-10-02,Los Angeles,0.48,4,47.5,True,Weather-Correlated Engine
2024-10-03,Shanghai,0.632,7,62.6,True,Weather-Correlated Engine
2024-10-03,Singapore,0.5977,5,59.2,True,Weather-Correlated Engine
2024-10-03,Rotterdam,0.5788,5,57.3,True,Weather-Correlated Engine
2024-10-03,Los Angeles,0.4958,4,49.1,True,Weather-Correlated Engine
2024-10-04,Shanghai,0.6435,6,63.7,True,Weather-Correlated Engine
2024-10-04,Singapore,0.5771,6,57.1,True,Weather-Correlated Engine
2024-10-04,Rotterdam,0.5406,6,53.5,True,Weather-Correlated Engine
2024-10-04,Los Angeles,0.4811,3,47.6,True,Weather-Correlated Engine
2024-10-05,Shanghai,0.6317,6,62.5,True,Weather-Correlated Engine
2024-10-05,Singapore,0.5909,5,58.5,True,Weather-Correlated Engine
2024-10-05,Rotterdam,0.5434,5,53.8,True,Weather-Correlated Engine
2024-10-05,Los Angeles,0.4994,3,49.4,True,Weather-Correlated Engine
2024-10-06,Shanghai,0.6138,5,60.8,True,Weather-Correlated Engine
2024-10-06,Singapore,0.618,6,61.2,True,Weather-Correlated Engine
2024-10-06,Rotterdam,0.5586,6,55.3,True,Weather-Correlated Engine
2024-10-06,Los Angeles,0.5023,3,49.7,True,Weather-Correlated Engine
2024-10-07,Shanghai,0.6307,5,62.4,True,Weather-Correlated Engine
2024-10-07,Singapore,0.6111,7,60.5,True,Weather-Correlated Engine
2024-10-07,Rotterdam,0.5497,6,54.4,True,Weather-Correlated Engine
2024-10-07,Los Angeles,0.5005,4,49.6,True,Weather-Correlated Engine
2024-10-08,Shanghai,0.6172,6,61.1,True,Weather-Correlated Engine
2024-10-08,Singapore,0.5973,6,59.1,True,Weather-Correlated Engine
2024-10-08,Rotterdam,0.5721,6,56.6,True,Weather-Correlated Engine
2024-10-08,Los Angeles,0.5204,4,51.5,True,Weather-Correlated Engine
2024-10-09,Shanghai,0.6189,5,61.3,True,Weather-Correlated Engine
2024-10-09,Singapore,0.6093,6,60.3,True,Weather-Correlated Engine
2024-10-09,Rotterdam,0.5659,4,56.0,True,Weather-Correlated Engine
2024-10-09,Los Angeles,0.5177,4,51.3,True,Weather-Correlated Engine
2024-10-10,Shanghai,0.6328,7,62.6,True,Weather-Correlated Engine
2024-10-10,Singapore,0.5737,4,56.8,True,Weather-Correlated Engine
2024-10-10,Rotterdam,0.5794,5,57.4,True,Weather-Correlated Engine
2024-10-10,Los Angeles,0.5101,6,50.5,True,Weather-Correlated Engine
2024-10-11,Shanghai,0.6379,5,63.2,True,Weather-Correlated Engine
2024-10-11,Singapore,0.5807,4,57.5,True,Weather-Correlated Engine
2024-10-11,Rotterdam,0.5526,5,54.7,True,Weather-Correlated Engine
2024-10-11,Los Angeles,0.4873,5,48.2,True,Weather-Correlated Engine
2024-10-12,Shanghai,0.6041,4,59.8,True,Weather-Correlated Engine
2024-10-12,Singapore,0.5737,5,56.8,True,Weather-Correlated Engine
2024-10-12,Rotterdam,0.5766,5,57.1,True,Weather-Correlated Engine
2024-10-12,Los Angeles,0.505,5,50.0,True,Weather-Correlated Engine
2024-10-13,Shanghai,0.6396,6,63.3,True,Weather-Correlated Engine
2024-10-13,Singapore,0.612,6,60.6,True,Weather-Correlated Engine
2024-10-13,Rotterdam,0.5438,6,53.8,True,Weather-Correlated Engine
2024-10-13,Los Angeles,0.5006,3,49.6,True,Weather-Correlated Engine
2024-10-14,Shanghai,0.6432,6,63.7,True,Weather-Correlated Engine
2024-10-14,Singapore,0.5909,6,58.5,True,Weather-Correlated Engine
2024-10-14,Rotterdam,0.5584,5,55.3,True,Weather-Correlated Engine
2024-10-14,Los Angeles,0.5058,4,50.1,True,Weather-Correlated Engine
2024-10-15,Shanghai,0.6235,7,61.7,True,Weather-Correlated Engine
2024-10-15,Singapore,0.5776,6,57.2,True,Weather-Correlated Engine
2024-10-15,Rotterdam,0.5697,5,56.4,True,Weather-Correlated Engine
2024-10-15,Los Angeles,0.5018,3,49.7,True,Weather-Correlated Engine
2024-10-16,Shanghai,0.6179,6,61.2,True,Weather-Correlated Engine
2024-10-16,Singapore,0.5792,6,57.3,True,Weather-Correlated Engine
2024-10-16,Rotterdam,0.5805,5,57.5,True,Weather-Correlated Engine
2024-10-16,Los Angeles,0.5297,5,52.4,True,Weather-Correlated Engine
2024-10-17,Shanghai,0.6493,6,64.3,True,Weather-Correlated Engine
2024-10-17,Singapore,0.5764,5,57.1,True,Weather-Correlated Engine
2024-10-17,Rotterdam,0.5503,4,54.5,True,Weather-Correlated Engine
2024-10-17,Los Angeles,0.526,4,52.1,True,Weather-Correlated Engine
2024-10-18,Shanghai,0.6392,5,63.3,True,Weather-Correlated Engine
2024-10-18,Singapore,0.5904,4,58.4,True,Weather-Correlated Engine
2024-10-18,Rotterdam,0.5897,6,58.4,True,Weather-Correlated Engine
2024-10-18,Los Angeles,0.5222,6,51.7,True,Weather-Correlated Engine
2024-10-19,Shanghai,0.6025,6,59.6,True,Weather-Correlated Engine
2024-10-19,Singapore,0.5723,6,56.7,True,Weather-Correlated Engine
2024-10-19,Rotterdam,0.5556,5,55.0,True,Weather-Correlated Engine
2024-10-19,Los Angeles,0.526,5,52.1,True,Weather-Correlated Engine
2024-10-20,Shanghai,0.6327,5,62.6,True,Weather-Correlated Engine
2024-10-20,Singapore,0.5988,5,59.3,True,Weather-Correlated Engine
2024-10-20,Rotterdam,0.5823,4,57.6,True,Weather-Correlated Engine
2024-10-20,Los Angeles,0.5195,4,51.4,True,Weather-Correlated Engine
2024-10-21,Shanghai,0.6392,7,63.3,True,Weather-Correlated Engine
2024-10-21,Singapore,0.6192,5,61.3,True,Weather-Correlated Engine
2024-10-21,Rotterdam,0.5846,5,57.9,True,Weather-Correlated Engine
2024-10-21,Los Angeles,0.5254,6,52.0,True,Weather-Correlated Engine
2024-10-22,Shanghai,0.6157,7,60.9,True,Weather-Correlated Engine
2024-10-22,Singapore,0.6082,7,60.2,True,Weather-Correlated Engine
2024-10-22,Rotterdam,0.556,5,55.0,True,Weather-Correlated Engine
2024-10-22,Los Angeles,0.5252,6,52.0,True,Weather-Correlated Engine
2024-10-23,Shanghai,0.6234,6,61.7,True,Weather-Correlated Engine
2024-10-23,Singapore,0.5707,6,56.5,True,Weather-Correlated Engine
2024-10-23,Rotterdam,0.5688,6,56.3,True,Weather-Correlated Engine
2024-10-23,Los Angeles,0.5196,5,51.4,True,Weather-Correlated Engine
2024-10-24,Shanghai,0.6252,5,61.9,True,Weather-Correlated Engine
2024-10-24,Singapore,0.5844,4,57.9,True,Weather-Correlated Engine
2024-10-24,Rotterdam,0.5634,5,55.8,True,Weather-Correlated Engine
2024-10-24,Los Angeles,0.5153,6,51.0,True,Weather-Correlated Engine
2024-10-25,Shanghai,0.6464,5,64.0,True,Weather-Correlated Engine
2024-10-25,Singapore,0.5959,6,59.0,True,Weather-Correlated Engine
2024-10-25,Rotterdam,0.5527,4,54.7,True,Weather-Correlated Engine
2024-10-25,Los Angeles,0.5101,4,50.5,True,Weather-Correlated Engine
2024-10-26,Shanghai,0.6171,7,61.1,True,Weather-Correlated Engine
2024-10-26,Singapore,0.583,5,57.7,True,Weather-Correlated Engine
2024-10-26,Rotterdam,0.5884,4,58.3,True,Weather-Correlated Engine
2024-10-26,Los Angeles,0.5055,6,50.0,True,Weather-Correlated Engine
2024-10-27,Shanghai,0.6333,7,62.7,True,Weather-Correlated Engine
2024-10-27,Singapore,0.5746,5,56.9,True,Weather-Correlated Engine
2024-10-27,Rotterdam,0.5759,6,57.0,True,Weather-Correlated Engine
2024-10-27,Los Angeles,0.5107,6,50.6,True,Weather-Correlated Engine
2024-10-28,Shanghai,0.6092,7,60.3,True,Weather-Correlated Engine
2024-10-28,Singapore,0.6038,6,59.8,True,Weather-Correlated Engine
2024-10-28,Rotterdam,0.5643,6,55.9,True,Weather-Correlated Engine
2024-10-28,Los Angeles,0.4863,4,48.1,True,Weather-Correlated Engine
2024-10-29,Shanghai,0.6069,5,60.1,True,Weather-Correlated Engine
2024-10-29,Singapore,0.5999,4,59.4,True,Weather-Correlated Engine
2024-10-29,Rotterdam,0.5608,5,55.5,True,Weather-Correlated Engine
2024-10-29,Los Angeles,0.5162,5,51.1,True,Weather-Correlated Engine
2024-10-30,Shanghai,0.612,7,60.6,True,Weather-Correlated Engine
2024-10-30,Singapore,0.5815,6,57.6,True,Weather-Correlated Engine
2024-10-30,Rotterdam,0.5444,4,53.9,True,Weather-Correlated Engine
2024-10-30,Los Angeles,0.4939,4,48.9,True,Weather-Correlated Engine
2024-10-31,Shanghai,0.6317,5,62.5,True,Weather-Correlated Engine
2024-10-31,Singapore,0.604,5,59.8,True,Weather-Correlated Engine
2024-10-31,Rotterdam,0.554,5,54.8,True,Weather-Correlated Engine
2024-10-31,Los Angeles,0.4829,4,47.8,True,Weather-Correlated Engine
2024-11-01,Shanghai,0.633,6,62.7,True,Weather-Correlated Engine
2024-11-01,Singapore,0.5875,5,58.2,True,Weather-Correlated Engine
2024-11-01,Rotterdam,0.5767,5,57.1,True,Weather-Correlated Engine
2024-11-01,Los Angeles,0.4866,4,48.2,True,Weather-Correlated Engine
2024-11-02,Shanghai,0.6337,5,62.7,True,Weather-Correlated Engine
2024-11-02,Singapore,0.6129,5,60.7,True,Weather-Correlated Engine
2024-11-02,Rotterdam,0.5839,5,57.8,True,Weather-Correlated Engine
2024-11-02,Los Angeles,0.5187,6,51.4,True,Weather-Correlated Engine
2024-11-03,Shanghai,0.6193,6,61.3,True,Weather-Correlated Engine
2024-11-03,Singapore,0.6146,5,60.8,True,Weather-Correlated Engine
2024-11-03,Rotterdam,0.5655,5,56.0,True,Weather-Correlated Engine
2024-11-03,Los Angeles,0.4833,3,47.8,True,Weather-Correlated Engine
2024-11-04,Shanghai,0.6331,6,62.7,True,Weather-Correlated Engine
2024-11-04,Singapore,0.6137,7,60.8,True,Weather-Correlated Engine
2024-11-04,Rotterdam,0.5591,6,55.4,True,Weather-Correlated Engine
2024-11-04,Los Angeles,0.5261,4,52.1,True,Weather-Correlated Engine
2024-11-05,Shanghai,0.6291,7,62.3,True,Weather-Correlated Engine
2024-11-05,Singapore,0.5825,6,57.7,True,Weather-Correlated Engine
2024-11-05,Rotterdam,0.5667,5,56.1,True,Weather-Correlated Engine
2024-11-05,Los Angeles,0.5217,5,51.6,True,Weather-Correlated Engine
2024-11-06,Shanghai,0.6157,5,60.9,True,Weather-Correlated Engine
2024-11-06,Singapore,0.6142,6,60.8,True,Weather-Correlated Engine
2024-11-06,Rotterdam,0.5824,5,57.7,True,Weather-Correlated Engine
2024-11-06,Los Angeles,0.5227,6,51.8,True,Weather-Correlated Engine
2024-11-07,Shanghai,0.6219,7,61.6,True,Weather-Correlated Engine
2024-11-07,Singapore,0.5923,6,58.6,True,Weather-Correlated Engine
2024-11-07,Rotterdam,0.5662,5,56.1,True,Weather-Correlated Engine
2024-11-07,Los Angeles,0.4971,4,49.2,True,Weather-Correlated Engine
2024-11-08,Shanghai,0.6473,5,64.1,True,Weather-Correlated Engine
2024-11-08,Singapore,0.5847,4,57.9,True,Weather-Correlated Engine
2024-11-08,Rotterdam,0.5578,6,55.2,True,Weather-Correlated Engine
2024-11-08,Los Angeles,0.5096,5,50.5,True,Weather-Correlated Engine
2024-11-09,Shanghai,0.6461,6,64.0,True,Weather-Correlated Engine
2024-11-09,Singapore,0.6197,7,61.4,True,Weather-Correlated Engine
2024-11-09,Rotterdam,0.5693,4,56.4,True,Weather-Correlated Engine
2024-11-09,Los Angeles,0.5245,5,51.9,True,Weather-Correlated Engine
2024-11-10,Shanghai,0.601,6,59.5,True,Weather-Correlated Engine
2024-11-10,Singapore,0.5927,5,58.7,True,Weather-Correlated Engine
2024-11-10,Rotterdam,0.5792,4,57.3,True,Weather-Correlated Engine
2024-11-10,Los Angeles,0.5113,6,50.6,True,Weather-Correlated Engine
2024-11-11,Shanghai,0.6234,5,61.7,True,Weather-Correlated Engine
2024-11-11,Singapore,0.5943,4,58.8,True,Weather-Correlated Engine
2024-11-11,Rotterdam,0.5854,4,58.0,True,Weather-Correlated Engine
2024-11-11,Los Angeles,0.519,6,51.4,True,Weather-Correlated Engine
2024-11-12,Shanghai,0.6217,7,61.5,True,Weather-Correlated Engine
2024-11-12,Singapore,0.5705,5,56.5,True,Weather-Correlated Engine
2024-11-12,Rotterdam,0.5842,4,57.8,True,Weather-Correlated Engine
2024-11-12,Los Angeles,0.4858,4,48.1,True,Weather-Correlated Engine
2024-11-13,Shanghai,0.6099,5,60.4,True,Weather-Correlated Engine
2024-11-13,Singapore,0.6186,6,61.2,True,Weather-Correlated Engine
2024-11-13,Rotterdam,0.5874,5,58.2,True,Weather-Correlated Engine
2024-11-13,Los Angeles,0.5047,3,50.0,True,Weather-Correlated Engine
2024-11-14,Shanghai,0.613,5,60.7,True,Weather-Correlated Engine
2024-11-14,Singapore,0.6167,6,61.0,True,Weather-Correlated Engine
2024-11-14,Rotterdam,0.5747,6,56.9,True,Weather-Correlated Engine
2024-11-14,Los Angeles,0.5102,4,50.5,True,Weather-Correlated Engine
2024-11-15,Shanghai,0.6264,5,62.0,True,Weather-Correlated Engine
2024-11-15,Singapore,0.5795,6,57.4,True,Weather-Correlated Engine
2024-11-15,Rotterdam,0.5434,5,53.8,True,Weather-Correlated Engine
2024-11-15,Los Angeles,0.5271,6,52.2,True,Weather-Correlated Engine
2024-11-16,Shanghai,0.6491,5,64.3,True,Weather-Correlated Engine
2024-11-16,Singapore,0.5882,5,58.2,True,Weather-Correlated Engine
2024-11-16,Rotterdam,0.5418,5,53.6,True,Weather-Correlated Engine
2024-11-16,Los Angeles,0.51,6,50.5,True,Weather-Correlated Engine
2024-11-17,Shanghai,0.641,7,63.5,True,Weather-Correlated Engine
2024-11-17,Singapore,0.5894,6,58.3,True,Weather-Correlated Engine
2024-11-17,Rotterdam,0.5584,4,55.3,True,Weather-Correlated Engine
2024-11-17,Los Angeles,0.5294,4,52.4,True,Weather-Correlated Engine
2024-11-18,Shanghai,0.6213,7,61.5,True,Weather-Correlated Engine
2024-11-18,Singapore,0.5778,6,57.2,True,Weather-Correlated Engine
2024-11-18,Rotterdam,0.5525,5,54.7,True,Weather-Correlated Engine
2024-11-18,Los Angeles,0.5102,5,50.5,True,Weather-Correlated Engine
2024-11-19,Shanghai,0.6294,7,62.3,True,Weather-Correlated Engine
2024-11-19,Singapore,0.5861,5,58.0,True,Weather-Correlated Engine
2024-11-19,Rotterdam,0.5562,5,55.1,True,Weather-Correlated Engine
2024-11-19,Los Angeles,0.4846,3,48.0,True,Weather-Correlated Engine
2024-11-20,Shanghai,0.6001,6,59.4,True,Weather-Correlated Engine
2024-11-20,Singapore,0.6143,7,60.8,True,Weather-Correlated Engine
2024-11-20,Rotterdam,0.541,6,53.6,True,Weather-Correlated Engine
2024-11-20,Los Angeles,0.4906,5,48.6,True,Weather-Correlated Engine
2024-11-21,Shanghai,0.6324,6,62.6,True,Weather-Correlated Engine
2024-11-21,Singapore,0.5824,5,57.7,True,Weather-Correlated Engine
2024-11-21,Rotterdam,0.5844,4,57.9,True,Weather-Correlated Engine
2024-11-21,Los Angeles,0.4872,3,48.2,True,Weather-Correlated Engine
2024-11-22,Shanghai,0.6035,6,59.7,True,Weather-Correlated Engine
2024-11-22,Singapore,0.5843,6,57.8,True,Weather-Correlated Engine
2024-11-22,Rotterdam,0.5529,5,54.7,True,Weather-Correlated Engine
2024-11-22,Los Angeles,0.5236,4,51.8,True,Weather-Correlated Engine
2024-11-23,Shanghai,0.6382,7,63.2,True,Weather-Correlated Engine
2024-11-23,Singapore,0.6186,5,61.2,True,Weather-Correlated Engine
2024-11-23,Rotterdam,0.5568,4,55.1,True,Weather-Correlated Engine
2024-11-23,Los Angeles,0.4983,3,49.3,True,Weather-Correlated Engine
2024-11-24,Shanghai,0.605,5,59.9,True,Weather-Correlated Engine
2024-11-24,Singapore,0.615,6,60.9,True,Weather-Correlated Engine
2024-11-24,Rotterdam,0.5715,4,56.6,True,Weather-Correlated Engine
2024-11-24,Los Angeles,0.4883,3,48.3,True,Weather-Correlated Engine
2024-11-25,Shanghai,0.6244,6,61.8,True,Weather-Correlated Engine
2024-11-25,Singapore,0.609,5,60.3,True,Weather-Correlated Engine
2024-11-25,Rotterdam,0.5688,5,56.3,True,Weather-Correlated Engine
2024-11-25,Los Angeles,0.5275,4,52.2,True,Weather-Correlated Engine
2024-11-26,Shanghai,0.6437,5,63.7,True,Weather-Correlated Engine
2024-11-26,Singapore,0.5816,6,57.6,True,Weather-Correlated Engine
2024-11-26,Rotterdam,0.5632,4,55.8,True,Weather-Correlated Engine
2024-11-26,Los Angeles,0.5227,6,51.7,True,Weather-Correlated Engine
2024-11-27,Shanghai,0.6024,4,59.6,True,Weather-Correlated Engine
2024-11-27,Singapore,0.6028,6,59.7,True,Weather-Correlated Engine
2024-11-27,Rotterdam,0.554,4,54.8,True,Weather-Correlated Engine
2024-11-27,Los Angeles,0.4867,5,48.2,True,Weather-Correlated Engine
2024-11-28,Shanghai,0.6338,7,62.7,True,Weather-Correlated Engine
2024-11-28,Singapore,0.6005,4,59.4,True,Weather-Correlated Engine
2024-11-28,Rotterdam,0.5703,5,56.5,True,Weather-Correlated Engine
2024-11-28,Los Angeles,0.4825,5,47.8,True,Weather-Correlated Engine
2024-11-29,Shanghai,0.6422,6,63.6,True,Weather-Correlated Engine
2024-11-29,Singapore,0.5865,5,58.1,True,Weather-Correlated Engine
2024-11-29,Rotterdam,0.5844,6,57.9,True,Weather-Correlated Engine
2024-11-29,Los Angeles,0.5241,6,51.9,True,Weather-Correlated Engine
2024-11-30,Shanghai,0.6209,7,61.5,True,Weather-Correlated Engine
2024-11-30,Singapore,0.5709,5,56.5,True,Weather-Correlated Engine
2024-11-30,Rotterdam,0.5716,5,56.6,True,Weather-Correlated Engine
2024-11-30,Los Angeles,0.5294,4,52.4,True,Weather-Correlated Engine
2024-12-01,Shanghai,0.6367,7,63.0,True,Weather-Correlated Engine
2024-12-01,Singapore,0.6077,6,60.2,True,Weather-Correlated Engine
2024-12-01,Rotterdam,0.5821,5,57.6,True,Weather-Correlated Engine
2024-12-01,Los Angeles,0.4983,4,49.3,True,Weather-Correlated Engine
2024-12-02,Shanghai,0.6191,6,61.3,True,Weather-Correlated Engine
2024-12-02,Singapore,0.5937,5,58.8,True,Weather-Correlated Engine
2024-12-02,Rotterdam,0.575,4,56.9,True,Weather-Correlated Engine
2024-12-02,Los Angeles,0.5193,5,51.4,True,Weather-Correlated Engine
2024-12-03,Shanghai,0.6196,5,61.3,True,Weather-Correlated Engine
2024-12-03,Singapore,0.5755,6,57.0,True,Weather-Correlated Engine
2024-12-03,Rotterdam,0.5696,6,56.4,True,Weather-Correlated Engine
2024-12-03,Los Angeles,0.4973,4,49.2,True,Weather-Correlated Engine
2024-12-04,Shanghai,0.6437,7,63.7,True,Weather-Correlated Engine
2024-12-04,Singapore,0.5966,4,59.1,True,Weather-Correlated Engine
2024-12-04,Rotterdam,0.5487,6,54.3,True,Weather-Correlated Engine
2024-12-04,Los Angeles,0.5075,4,50.2,True,Weather-Correlated Engine
2024-12-05,Shanghai,0.6139,6,60.8,True,Weather-Correlated Engine
2024-12-05,Singapore,0.5734,5,56.8,True,Weather-Correlated Engine
2024-12-05,Rotterdam,0.5857,4,58.0,True,Weather-Correlated Engine
2024-12-05,Los Angeles,0.4857,3,48.1,True,Weather-Correlated Engine
2024-12-06,Shanghai,0.6084,5,60.2,True,Weather-Correlated Engine
2024-12-06,Singapore,0.5868,4,58.1,True,Weather-Correlated Engine
2024-12-06,Rotterdam,0.5848,5,57.9,True,Weather-Correlated Engine
2024-12-06,Los Angeles,0.5227,4,51.7,True,Weather-Correlated Engine
2024-12-07,Shanghai,0.6122,6,60.6,True,Weather-Correlated Engine
2024-12-07,Singapore,0.6121,6,60.6,True,Weather-Correlated Engine
2024-12-07,Rotterdam,0.5773,4,57.2,True,Weather-Correlated Engine
2024-12-07,Los Angeles,0.5227,6,51.8,True,Weather-Correlated Engine
2024-12-08,Shanghai,0.6377,6,63.1,True,Weather-Correlated Engine
2024-12-08,Singapore,0.6089,7,60.3,True,Weather-Correlated Engine
2024-12-08,Rotterdam,0.5871,6,58.1,True,Weather-Correlated Engine
2024-12-08,Los Angeles,0.5006,3,49.6,True,Weather-Correlated Engine
2024-12-09,Shanghai,0.6094,7,60.3,True,Weather-Correlated Engine
2024-12-09,Singapore,0.5905,4,58.5,True,Weather-Correlated Engine
2024-12-09,Rotterdam,0.5415,4,53.6,True,Weather-Correlated Engine
2024-12-09,Los Angeles,0.484,5,47.9,True,Weather-Correlated Engine
2024-12-10,Shanghai,0.6369,7,63.1,True,Weather-Correlated Engine
2024-12-10,Singapore,0.6017,4,59.6,True,Weather-Correlated Engine
2024-12-10,Rotterdam,0.5576,4,55.2,True,Weather-Correlated Engine
2024-12-10,Los Angeles,0.5001,3,49.5,True,Weather-Correlated Engine
2024-12-11,Shanghai,0.6275,5,62.1,True,Weather-Correlated Engine
2024-12-11,Singapore,0.5756,5,57.0,True,Weather-Correlated Engine
2024-12-11,Rotterdam,0.5686,4,56.3,True,Weather-Correlated Engine
2024-12-11,Los Angeles,0.4914,5,48.6,True,Weather-Correlated Engine
2024-12-12,Shanghai,0.6433,5,63.7,True,Weather-Correlated Engine
2024-12-12,Singapore,0.5747,6,56.9,True,Weather-Correlated Engine
2024-12-12,Rotterdam,0.5704,4,56.5,True,Weather-Correlated Engine
2024-12-12,Los Angeles,0.5106,5,50.6,True,Weather-Correlated Engine
2024-12-13,Shanghai,0.6232,6,61.7,True,Weather-Correlated Engine
2024-12-13,Singapore,0.6169,6,61.1,True,Weather-Correlated Engine
2024-12-13,Rotterdam,0.5587,6,55.3,True,Weather-Correlated Engine
2024-12-13,Los Angeles,0.5103,4,50.5,True,Weather-Correlated Engine
2024-12-14,Shanghai,0.6268,7,62.0,True,Weather-Correlated Engine
2024-12-14,Singapore,0.5934,6,58.7,True,Weather-Correlated Engine
2024-12-14,Rotterdam,0.5767,4,57.1,True,Weather-Correlated Engine
2024-12-14,Los Angeles,0.4977,3,49.3,True,Weather-Correlated Engine
2024-12-15,Shanghai,0.6374,7,63.1,True,Weather-Correlated Engine
2024-12-15,Singapore,0.5974,4,59.1,True,Weather-Correlated Engine
2024-12-15,Rotterdam,0.5434,4,53.8,True,Weather-Correlated Engine
2024-12-15,Los Angeles,0.5252,4,52.0,True,Weather-Correlated Engine
2024-12-16,Shanghai,0.6213,6,61.5,True,Weather-Correlated Engine
2024-12-16,Singapore,0.5795,6,57.4,True,Weather-Correlated Engine
2024-12-16,Rotterdam,0.5814,4,57.6,True,Weather-Correlated Engine
2024-12-16,Los Angeles,0.4808,4,47.6,True,Weather-Correlated Engine
2024-12-17,Shanghai,0.6205,7,61.4,True,Weather-Correlated Engine
2024-12-17,Singapore,0.5742,4,56.8,True,Weather-Correlated Engine
2024-12-17,Rotterdam,0.566,5,56.0,True,Weather-Correlated Engine
2024-12-17,Los Angeles,0.5141,4,50.9,True,Weather-Correlated Engine
2024-12-18,Shanghai,0.6087,5,60.3,True,Weather-Correlated Engine
2024-12-18,Singapore,0.582,6,57.6,True,Weather-Correlated Engine
2024-12-18,Rotterdam,0.5803,4,57.5,True,Weather-Correlated Engine
2024-12-18,Los Angeles,0.5248,4,52.0,True,Weather-Correlated Engine
2024-12-19,Shanghai,0.6165,6,61.0,True,Weather-Correlated Engine
2024-12-19,Singapore,0.5964,6,59.0,True,Weather-Correlated Engine
2024-12-19,Rotterdam,0.5525,6,54.7,True,Weather-Correlated Engine
2024-12-19,Los Angeles,0.5273,5,52.2,True,Weather-Correlated Engine
2024-12-20,Shanghai,0.6036,5,59.8,True,Weather-Correlated Engine
2024-12-20,Singapore,0.583,6,57.7,True,Weather-Correlated Engine
2024-12-20,Rotterdam,0.5483,4,54.3,True,Weather-Correlated Engine
2024-12-20,Los Angeles,0.4946,3,49.0,True,Weather-Correlated Engine
2024-12-21,Shanghai,0.6211,7,61.5,True,Weather-Correlated Engine
2024-12-21,Singapore,0.6083,6,60.2,True,Weather-Correlated Engine
2024-12-21,Rotterdam,0.55,4,54.4,True,Weather-Correlated Engine
2024-12-21,Los Angeles,0.4848,5,48.0,True,Weather-Correlated Engine
2024-12-22,Shanghai,0.6361,7,63.0,True,Weather-Correlated Engine
2024-12-22,Singapore,0.607,7,60.1,True,Weather-Correlated Engine
2024-12-22,Rotterdam,0.5811,4,57.5,True,Weather-Correlated Engine
2024-12-22,Los Angeles,0.4835,5,47.9,True,Weather-Correlated Engine
2024-12-23,Shanghai,0.6361,5,63.0,True,Weather-Correlated Engine
2024-12-23,Singapore,0.5706,4,56.5,True,Weather-Correlated Engine
2024-12-23,Rotterdam,0.5608,4,55.5,True,Weather-Correlated Engine
2024-12-23,Los Angeles,0.5291,5,52.4,True,Weather-Correlated Engine
2024-12-24,Shanghai,0.6468,6,64.0,True,Weather-Correlated Engine
2024-12-24,Singapore,0.6026,6,59.7,True,Weather-Correlated Engine
2024-12-24,Rotterdam,0.5604,6,55.5,True,Weather-Correlated Engine
2024-12-24,Los Angeles,0.4964,3,49.1,True,Weather-Correlated Engine
2024-12-25,Shanghai,0.6358,7,62.9,True,Weather-Correlated Engine
2024-12-25,Singapore,0.5922,4,58.6,True,Weather-Correlated Engine
2024-12-25,Rotterdam,0.5505,6,54.5,True,Weather-Correlated Engine
2024-12-25,Los Angeles,0.4876,4,48.3,True,Weather-Correlated Engine
2024-12-26,Shanghai,0.6316,5,62.5,True,Weather-Correlated Engine
2024-12-26,Singapore,0.584,4,57.8,True,Weather-Correlated Engine
2024-12-26,Rotterdam,0.5642,6,55.9,True,Weather-Correlated Engine
2024-12-26,Los Angeles,0.4951,4,49.0,True,Weather-Correlated Engine
2024-12-27,Shanghai,0.6173,7,61.1,True,Weather-Correlated Engine
2024-12-27,Singapore,0.6197,5,61.4,True,Weather-Correlated Engine
2024-12-27,Rotterdam,0.5796,5,57.4,True,Weather-Correlated Engine
2024-12-27,Los Angeles,0.5135,6,50.8,True,Weather-Correlated Engine
2024-12-28,Shanghai,0.6202,6,61.4,True,Weather-Correlated Engine
2024-12-28,Singapore,0.5973,5,59.1,True,Weather-Correlated Engine
2024-12-28,Rotterdam,0.5442,5,53.9,True,Weather-Correlated Engine
2024-12-28,Los Angeles,0.4988,5,49.4,True,Weather-Correlated Engine
2024-12-29,Shanghai,0.6353,7,62.9,True,Weather-Correlated Engine
2024-12-29,Singapore,0.6171,6,61.1,True,Weather-Correlated Engine
2024-12-29,Rotterdam,0.5445,4,53.9,True,Weather-Correlated Engine
2024-12-29,Los Angeles,0.4909,4,48.6,True,Weather-Correlated Engine
2024-12-30,Shanghai,0.6371,7,63.1,True,Weather-Correlated Engine
2024-12-30,Singapore,0.6192,7,61.3,True,Weather-Correlated Engine
2024-12-30,Rotterdam,0.5833,5,57.7,True,Weather-Correlated Engine
2024-12-30,Los Angeles,0.5135,5,50.8,True,Weather-Correlated Engine
2024-12-31,Shanghai,0.6182,6,61.2,True,Weather-Correlated Engine
2024-12-31,Singapore,0.5964,5,59.0,True,Weather-Correlated Engine
2024-12-31,Rotterdam,0.5425,4,53.7,True,Weather-Correlated Engine
2024-12-31,Los Angeles,0.5033,3,49.8,True,Weather-Correlated Engine
2025-01-01,Shanghai,0.6247,6,61.8,True,Weather-Correlated Engine
2025-01-01,Singapore,0.5921,5,58.6,True,Weather-Correlated Engine
2025-01-01,Rotterdam,0.5407,5,53.5,True,Weather-Correlated Engine
2025-01-01,Los Angeles,0.4839,5,47.9,True,Weather-Correlated Engine
2025-01-02,Shanghai,0.6297,7,62.3,True,Weather-Correlated Engine
2025-01-02,Singapore,0.5944,5,58.8,True,Weather-Correlated Engine
2025-01-02,Rotterdam,0.5893,6,58.3,True,Weather-Correlated Engine
2025-01-02,Los Angeles,0.4937,3,48.9,True,Weather-Correlated Engine
2025-01-03,Shanghai,0.6159,5,61.0,True,Weather-Correlated Engine
2025-01-03,Singapore,0.6016,5,59.6,True,Weather-Correlated Engine
2025-01-03,Rotterdam,0.5675,4,56.2,True,Weather-Correlated Engine
2025-01-03,Los Angeles,0.5053,4,50.0,True,Weather-Correlated Engine
2025-01-04,Shanghai,0.6128,7,60.7,True,Weather-Correlated Engine
2025-01-04,Singapore,0.6083,6,60.2,True,Weather-Correlated Engine
2025-01-04,Rotterdam,0.5684,6,56.3,True,Weather-Correlated Engine
2025-01-04,Los Angeles,0.5002,4,49.5,True,Weather-Correlated Engine
2025-01-05,Shanghai,0.6413,6,63.5,True,Weather-Correlated Engine
2025-01-05,Singapore,0.5877,6,58.2,True,Weather-Correlated Engine
2025-01-05,Rotterdam,0.5851,5,57.9,True,Weather-Correlated Engine
2025-01-05,Los Angeles,0.4914,4,48.6,True,Weather-Correlated Engine
2025-01-06,Shanghai,0.6279,5,62.2,True,Weather-Correlated Engine
2025-01-06,Singapore,0.5728,6,56.7,True,Weather-Correlated Engine
2025-01-06,Rotterdam,0.5841,6,57.8,True,Weather-Correlated Engine
2025-01-06,Los Angeles,0.4949,4,49.0,True,Weather-Correlated Engine
2025-01-07,Shanghai,0.6092,6,60.3,True,Weather-Correlated Engine
2025-01-07,Singapore,0.6118,7,60.6,True,Weather-Correlated Engine
2025-01-07,Rotterdam,0.5504,6,54.5,True,Weather-Correlated Engine
2025-01-07,Los Angeles,0.5114,6,50.6,True,Weather-Correlated Engine
2025-01-08,Shanghai,0.607,5,60.1,True,Weather-Correlated Engine
2025-01-08,Singapore,0.5771,6,57.1,True,Weather-Correlated Engine
2025-01-08,Rotterdam,0.5575,5,55.2,True,Weather-Correlated Engine
2025-01-08,Los Angeles,0.4971,3,49.2,True,Weather-Correlated Engine
2025-01-09,Shanghai,0.6113,7,60.5,True,Weather-Correlated Engine
2025-01-09,Singapore,0.5937,4,58.8,True,Weather-Correlated Engine
2025-01-09,Rotterdam,0.5602,6,55.5,True,Weather-Correlated Engine
2025-01-09,Los Angeles,0.526,5,52.1,True,Weather-Correlated Engine
2025-01-10,Shanghai,0.6226,5,61.6,True,Weather-Correlated Engine
2025-01-10,Singapore,0.5765,4,57.1,True,Weather-Correlated Engine
2025-01-10,Rotterdam,0.5461,4,54.1,True,Weather-Correlated Engine
2025-01-10,Los Angeles,0.519,5,51.4,True,Weather-Correlated Engine
2025-01-11,Shanghai,0.6429,5,63.6,True,Weather-Correlated Engine
2025-01-11,Singapore,0.6109,5,60.5,True,Weather-Correlated Engine
2025-01-11,Rotterdam,0.5695,5,56.4,True,Weather-Correlated Engine
2025-01-11,Los Angeles,0.5249,6,52.0,True,Weather-Correlated Engine
2025-01-12,Shanghai,0.6479,5,64.1,True,Weather-Correlated Engine
2025-01-12,Singapore,0.6062,6,60.0,True,Weather-Correlated Engine
2025-01-12,Rotterdam,0.5453,4,54.0,True,Weather-Correlated Engine
2025-01-12,Los Angeles,0.5274,4,52.2,True,Weather-Correlated Engine
2025-01-13,Shanghai,0.6036,6,59.8,True,Weather-Correlated Engine
2025-01-13,Singapore,0.6081,7,60.2,True,Weather-Correlated Engine
2025-01-13,Rotterdam,0.5462,5,54.1,True,Weather-Correlated Engine
2025-01-13,Los Angeles,0.5132,5,50.8,True,Weather-Correlated Engine
2025-01-14,Shanghai,0.6015,4,59.6,True,Weather-Correlated Engine
2025-01-14,Singapore,0.5789,4,57.3,True,Weather-Correlated Engine
2025-01-14,Rotterdam,0.5479,5,54.2,True,Weather-Correlated Engine
2025-01-14,Los Angeles,0.5022,4,49.7,True,Weather-Correlated Engine
2025-01-15,Shanghai,0.6477,5,64.1,True,Weather-Correlated Engine
2025-01-15,Singapore,0.6178,6,61.2,True,Weather-Correlated Engine
2025-01-15,Rotterdam,0.5675,4,56.2,True,Weather-Correlated Engine
2025-01-15,Los Angeles,0.5234,6,51.8,True,Weather-Correlated Engine
2025-01-16,Shanghai,0.6085,5,60.2,True,Weather-Correlated Engine
2025-01-16,Singapore,0.5714,5,56.6,True,Weather-Correlated Engine
2025-01-16,Rotterdam,0.5494,6,54.4,True,Weather-Correlated Engine
2025-01-16,Los Angeles,0.5122,6,50.7,True,Weather-Correlated Engine
2025-01-17,Shanghai,0.6087,7,60.3,True,Weather-Correlated Engine
2025-01-17,Singapore,0.6166,6,61.0,True,Weather-Correlated Engine
2025-01-17,Rotterdam,0.5453,6,54.0,True,Weather-Correlated Engine
2025-01-17,Los Angeles,0.5116,4,50.7,True,Weather-Correlated Engine
2025-01-18,Shanghai,0.6214,6,61.5,True,Weather-Correlated Engine
2025-01-18,Singapore,0.6034,6,59.7,True,Weather-Correlated Engine
2025-01-18,Rotterdam,0.5511,6,54.6,True,Weather-Correlated Engine
2025-01-18,Los Angeles,0.5185,5,51.3,True,Weather-Correlated Engine
2025-01-19,Shanghai,0.6002,4,59.4,True,Weather-Correlated Engine
2025-01-19,Singapore,0.6062,5,60.0,True,Weather-Correlated Engine
2025-01-19,Rotterdam,0.5777,6,57.2,True,Weather-Correlated Engine
2025-01-19,Los Angeles,0.5144,4,50.9,True,Weather-Correlated Engine
2025-01-20,Shanghai,0.6029,4,59.7,True,Weather-Correlated Engine
2025-01-20,Singapore,0.5844,4,57.9,True,Weather-Correlated Engine
2025-01-20,Rotterdam,0.5687,4,56.3,True,Weather-Correlated Engine
2025-01-20,Los Angeles,0.5254,5,52.0,True,Weather-Correlated Engine
2025-01-21,Shanghai,0.636,5,63.0,True,Weather-Correlated Engine
2025-01-21,Singapore,0.6198,5,61.4,True,Weather-Correlated Engine
2025-01-21,Rotterdam,0.5532,5,54.8,True,Weather-Correlated Engine
2025-01-21,Los Angeles,0.5181,5,51.3,True,Weather-Correlated Engine
2025-01-22,Shanghai,0.6376,6,63.1,True,Weather-Correlated Engine
2025-01-22,Singapore,0.6162,5,61.0,True,Weather-Correlated Engine
2025-01-22,Rotterdam,0.5781,6,57.2,True,Weather-Correlated Engine
2025-01-22,Los Angeles,0.4891,3,48.4,True,Weather-Correlated Engine
2025-01-23,Shanghai,0.6052,6,59.9,True,Weather-Correlated Engine
2025-01-23,Singapore,0.5816,4,57.6,True,Weather-Correlated Engine
2025-01-23,Rotterdam,0.5582,6,55.3,True,Weather-Correlated Engine
2025-01-23,Los Angeles,0.5112,5,50.6,True,Weather-Correlated Engine
2025-01-24,Shanghai,0.6072,5,60.1,True,Weather-Correlated Engine
2025-01-24,Singapore,0.6026,6,59.7,True,Weather-Correlated Engine
2025-01-24,Rotterdam,0.5778,4,57.2,True,Weather-Correlated Engine
2025-01-24,Los Angeles,0.5172,4,51.2,True,Weather-Correlated Engine
2025-01-25,Shanghai,0.6077,6,60.2,True,Weather-Correlated Engine
2025-01-25,Singapore,0.6025,4,59.6,True,Weather-Correlated Engine
2025-01-25,Rotterdam,0.5608,5,55.5,True,Weather-Correlated Engine
2025-01-25,Los Angeles,0.5092,6,50.4,True,Weather-Correlated Engine
2025-01-26,Shanghai,0.6035,5,59.7,True,Weather-Correlated Engine
2025-01-26,Singapore,0.574,6,56.8,True,Weather-Correlated Engine
2025-01-26,Rotterdam,0.5614,5,55.6,True,Weather-Correlated Engine
2025-01-26,Los Angeles,0.5272,4,52.2,True,Weather-Correlated Engine
2025-01-27,Shanghai,0.6209,6,61.5,True,Weather-Correlated Engine
2025-01-27,Singapore,0.5899,6,58.4,True,Weather-Correlated Engine
2025-01-27,Rotterdam,0.5861,5,58.0,True,Weather-Correlated Engine
2025-01-27,Los Angeles,0.5008,4,49.6,True,Weather-Correlated Engine
2025-01-28,Shanghai,0.6154,5,60.9,True,Weather-Correlated Engine
2025-01-28,Singapore,0.5841,6,57.8,True,Weather-Correlated Engine
2025-01-28,Rotterdam,0.5763,6,57.1,True,Weather-Correlated Engine
2025-01-28,Los Angeles,0.5295,4,52.4,True,Weather-Correlated Engine
2025-01-29,Shanghai,0.6152,5,60.9,True,Weather-Correlated Engine
2025-01-29,Singapore,0.5892,6,58.3,True,Weather-Correlated Engine
2025-01-29,Rotterdam,0.558,5,55.2,True,Weather-Correlated Engine
2025-01-29,Los Angeles,0.5145,6,50.9,True,Weather-Correlated Engine
2025-01-30,Shanghai,0.617,5,61.1,True,Weather-Correlated Engine
2025-01-30,Singapore,0.5757,6,57.0,True,Weather-Correlated Engine
2025-01-30,Rotterdam,0.5765,4,57.1,True,Weather-Correlated Engine
2025-01-30,Los Angeles,0.5235,4,51.8,True,Weather-Correlated Engine
2025-01-31,Shanghai,0.6154,7,60.9,True,Weather-Correlated Engine
2025-01-31,Singapore,0.5934,6,58.7,True,Weather-Correlated Engine
2025-01-31,Rotterdam,0.5889,4,58.3,True,Weather-Correlated Engine
2025-01-31,Los Angeles,0.5182,4,51.3,True,Weather-Correlated Engine
2025-02-01,Shanghai,0.645,5,63.9,True,Weather-Correlated Engine
2025-02-01,Singapore,0.5833,6,57.7,True,Weather-Correlated Engine
2025-02-01,Rotterdam,0.5742,5,56.8,True,Weather-Correlated Engine
2025-02-01,Los Angeles,0.5116,5,50.6,True,Weather-Correlated Engine
2025-02-02,Shanghai,0.6229,6,61.7,True,Weather-Correlated Engine
2025-02-02,Singapore,0.5758,5,57.0,True,Weather-Correlated Engine
2025-02-02,Rotterdam,0.5639,5,55.8,True,Weather-Correlated Engine
2025-02-02,Los Angeles,0.4967,4,49.2,True,Weather-Correlated Engine
2025-02-03,Shanghai,0.6463,7,64.0,True,Weather-Correlated Engine
2025-02-03,Singapore,0.6103,5,60.4,True,Weather-Correlated Engine
2025-02-03,Rotterdam,0.5866,4,58.1,True,Weather-Correlated Engine
2025-02-03,Los Angeles,0.5147,4,51.0,True,Weather-Correlated Engine
2025-02-04,Shanghai,0.6329,6,62.7,True,Weather-Correlated Engine
2025-02-04,Singapore,0.572,4,56.6,True,Weather-Correlated Engine
2025-02-04,Rotterdam,0.5898,6,58.4,True,Weather-Correlated Engine
2025-02-04,Los Angeles,0.4949,5,49.0,True,Weather-Correlated Engine
2025-02-05,Shanghai,0.6295,5,62.3,True,Weather-Correlated Engine
2025-02-05,Singapore,0.6139,6,60.8,True,Weather-Correlated Engine
2025-02-05,Rotterdam,0.5887,6,58.3,True,Weather-Correlated Engine
2025-02-05,Los Angeles,0.487,3,48.2,True,Weather-Correlated Engine
2025-02-06,Shanghai,0.6429,6,63.7,True,Weather-Correlated Engine
2025-02-06,Singapore,0.579,4,57.3,True,Weather-Correlated Engine
2025-02-06,Rotterdam,0.566,5,56.0,True,Weather-Correlated Engine
2025-02-06,Los Angeles,0.5068,5,50.2,True,Weather-Correlated Engine
2025-02-07,Shanghai,0.6313,6,62.5,True,Weather-Correlated Engine
2025-02-07,Singapore,0.5968,5,59.1,True,Weather-Correlated Engine
2025-02-07,Rotterdam,0.5715,5,56.6,True,Weather-Correlated Engine
2025-02-07,Los Angeles,0.5276,4,52.2,True,Weather-Correlated Engine
2025-02-08,Shanghai,0.6022,6,59.6,True,Weather-Correlated Engine
2025-02-08,Singapore,0.5879,5,58.2,True,Weather-Correlated Engine
2025-02-08,Rotterdam,0.5584,4,55.3,True,Weather-Correlated Engine
2025-02-08,Los Angeles,0.5258,4,52.1,True,Weather-Correlated Engine
2025-02-09,Shanghai,0.6294,5,62.3,True,Weather-Correlated Engine
2025-02-09,Singapore,0.6011,6,59.5,True,Weather-Correlated Engine
2025-02-09,Rotterdam,0.5562,6,55.1,True,Weather-Correlated Engine
2025-02-09,Los Angeles,0.493,5,48.8,True,Weather-Correlated Engine
2025-02-10,Shanghai,0.6217,6,61.5,True,Weather-Correlated Engine
2025-02-10,Singapore,0.6005,6,59.5,True,Weather-Correlated Engine
2025-02-10,Rotterdam,0.5719,5,56.6,True,Weather-Correlated Engine
2025-02-10,Los Angeles,0.4973,5,49.2,True,Weather-Correlated Engine
2025-02-11,Shanghai,0.6378,5,63.1,True,Weather-Correlated Engine
2025-02-11,Singapore,0.6189,5,61.3,True,Weather-Correlated Engine
2025-02-11,Rotterdam,0.5842,4,57.8,True,Weather-Correlated Engine
2025-02-11,Los Angeles,0.5199,6,51.5,True,Weather-Correlated Engine
2025-02-12,Shanghai,0.6436,7,63.7,True,Weather-Correlated Engine
2025-02-12,Singapore,0.6,6,59.4,True,Weather-Correlated Engine
2025-02-12,Rotterdam,0.5628,5,55.7,True,Weather-Correlated Engine
2025-02-12,Los Angeles,0.4838,5,47.9,True,Weather-Correlated Engine
2025-02-13,Shanghai,0.6169,7,61.1,True,Weather-Correlated Engine
2025-02-13,Singapore,0.5884,4,58.3,True,Weather-Correlated Engine
2025-02-13,Rotterdam,0.546,6,54.1,True,Weather-Correlated Engine
2025-02-13,Los Angeles,0.5123,5,50.7,True,Weather-Correlated Engine
2025-02-14,Shanghai,0.6017,6,59.6,True,Weather-Correlated Engine
2025-02-14,Singapore,0.5755,4,57.0,True,Weather-Correlated Engine
2025-02-14,Rotterdam,0.5475,6,54.2,True,Weather-Correlated Engine
2025-02-14,Los Angeles,0.5165,5,51.1,True,Weather-Correlated Engine
2025-02-15,Shanghai,0.6138,5,60.8,True,Weather-Correlated Engine
2025-02-15,Singapore,0.5922,4,58.6,True,Weather-Correlated Engine
2025-02-15,Rotterdam,0.5622,4,55.7,True,Weather-Correlated Engine
2025-02-15,Los Angeles,0.5003,5,49.5,True,Weather-Correlated Engine
2025-02-16,Shanghai,0.6336,6,62.7,True,Weather-Correlated Engine
2025-02-16,Singapore,0.6078,7,60.2,True,Weather-Correlated Engine
2025-02-16,Rotterdam,0.5595,6,55.4,True,Weather-Correlated Engine
2025-02-16,Los Angeles,0.4909,4,48.6,True,Weather-Correlated Engine
2025-02-17,Shanghai,0.6298,6,62.4,True,Weather-Correlated Engine
2025-02-17,Singapore,0.6065,7,60.0,True,Weather-Correlated Engine
2025-02-17,Rotterdam,0.5738,6,56.8,True,Weather-Correlated Engine
2025-02-17,Los Angeles,0.5081,6,50.3,True,Weather-Correlated Engine
2025-02-18,Shanghai,0.6022,5,59.6,True,Weather-Correlated Engine
2025-02-18,Singapore,0.5998,5,59.4,True,Weather-Correlated Engine
2025-02-18,Rotterdam,0.5867,4,58.1,True,Weather-Correlated Engine
2025-02-18,Los Angeles,0.5204,4,51.5,True,Weather-Correlated Engine
2025-02-19,Shanghai,0.6409,7,63.5,True,Weather-Correlated Engine
2025-02-19,Singapore,0.6082,5,60.2,True,Weather-Correlated Engine
2025-02-19,Rotterdam,0.5723,5,56.7,True,Weather-Correlated Engine
2025-02-19,Los Angeles,0.5019,4,49.7,True,Weather-Correlated Engine
2025-02-20,Shanghai,0.6254,5,61.9,True,Weather-Correlated Engine
2025-02-20,Singapore,0.6146,5,60.8,True,Weather-Correlated Engine
2025-02-20,Rotterdam,0.5529,6,54.7,True,Weather-Correlated Engine
2025-02-20,Los Angeles,0.504,3,49.9,True,Weather-Correlated Engine
2025-02-21,Shanghai,0.6324,7,62.6,True,Weather-Correlated Engine
2025-02-21,Singapore,0.6114,5,60.5,True,Weather-Correlated Engine
2025-02-21,Rotterdam,0.5472,6,54.2,True,Weather-Correlated Engine
2025-02-21,Los Angeles,0.5157,6,51.1,True,Weather-Correlated Engine
2025-02-22,Shanghai,0.6307,6,62.4,True,Weather-Correlated Engine
2025-02-22,Singapore,0.5734,5,56.8,True,Weather-Correlated Engine
2025-02-22,Rotterdam,0.5489,5,54.3,True,Weather-Correlated Engine
2025-02-22,Los Angeles,0.5161,6,51.1,True,Weather-Correlated Engine
2025-02-23,Shanghai,0.6108,6,60.5,True,Weather-Correlated Engine
2025-02-23,Singapore,0.6018,4,59.6,True,Weather-Correlated Engine
2025-02-23,Rotterdam,0.5705,6,56.5,True,Weather-Correlated Engine
2025-02-23,Los Angeles,0.5299,6,52.5,True,Weather-Correlated Engine
2025-02-24,Shanghai,0.6046,5,59.9,True,Weather-Correlated Engine
2025-02-24,Singapore,0.5816,5,57.6,True,Weather-Correlated Engine
2025-02-24,Rotterdam,0.5891,4,58.3,True,Weather-Correlated Engine
2025-02-24,Los Angeles,0.5112,4,50.6,True,Weather-Correlated Engine
2025-02-25,Shanghai,0.638,5,63.2,True,Weather-Correlated Engine
2025-02-25,Singapore,0.5871,6,58.1,True,Weather-Correlated Engine
2025-02-25,Rotterdam,0.5534,5,54.8,True,Weather-Correlated Engine
2025-02-25,Los Angeles,0.5173,4,51.2,True,Weather-Correlated Engine
2025-02-26,Shanghai,0.6248,6,61.9,True,Weather-Correlated Engine
2025-02-26,Singapore,0.5799,4,57.4,True,Weather-Correlated Engine
2025-02-26,Rotterdam,0.5814,5,57.6,True,Weather-Correlated Engine
2025-02-26,Los Angeles,0.5268,6,52.2,True,Weather-Correlated Engine
2025-02-27,Shanghai,0.6202,7,61.4,True,Weather-Correlated Engine
2025-02-27,Singapore,0.6171,6,61.1,True,Weather-Correlated Engine
2025-02-27,Rotterdam,0.5559,6,55.0,True,Weather-Correlated Engine
2025-02-27,Los Angeles,0.5081,6,50.3,True,Weather-Correlated Engine
2025-02-28,Shanghai,0.6253,5,61.9,True,Weather-Correlated Engine
2025-02-28,Singapore,0.6036,5,59.8,True,Weather-Correlated Engine
2025-02-28,Rotterdam,0.5845,4,57.9,True,Weather-Correlated Engine
2025-02-28,Los Angeles,0.5122,6,50.7,True,Weather-Correlated Engine
2025-03-01,Shanghai,0.6167,7,61.0,True,Weather-Correlated Engine
2025-03-01,Singapore,0.6193,5,61.3,True,Weather-Correlated Engine
2025-03-01,Rotterdam,0.5697,6,56.4,True,Weather-Correlated Engine
2025-03-01,Los Angeles,0.5121,6,50.7,True,Weather-Correlated Engine
2025-03-02,Shanghai,0.645,5,63.9,True,Weather-Correlated Engine
2025-03-02,Singapore,0.5926,5,58.7,True,Weather-Correlated Engine
2025-03-02,Rotterdam,0.5448,6,53.9,True,Weather-Correlated Engine
2025-03-02,Los Angeles,0.4944,5,48.9,True,Weather-Correlated Engine
2025-03-03,Shanghai,0.6184,6,61.2,True,Weather-Correlated Engine
2025-03-03,Singapore,0.6028,6,59.7,True,Weather-Correlated Engine
2025-03-03,Rotterdam,0.5484,6,54.3,True,Weather-Correlated Engine
2025-03-03,Los Angeles,0.5199,5,51.5,True,Weather-Correlated Engine
2025-03-04,Shanghai,0.6434,5,63.7,True,Weather-Correlated Engine
2025-03-04,Singapore,0.5781,4,57.2,True,Weather-Correlated Engine
2025-03-04,Rotterdam,0.5643,4,55.9,True,Weather-Correlated Engine
2025-03-04,Los Angeles,0.515,4,51.0,True,Weather-Correlated Engine
2025-03-05,Shanghai,0.6277,5,62.1,True,Weather-Correlated Engine
2025-03-05,Singapore,0.6067,6,60.1,True,Weather-Correlated Engine
2025-03-05,Rotterdam,0.5471,5,54.2,True,Weather-Correlated Engine
2025-03-05,Los Angeles,0.5196,4,51.4,True,Weather-Correlated Engine
2025-03-06,Shanghai,0.6261,6,62.0,True,Weather-Correlated Engine
2025-03-06,Singapore,0.5906,6,58.5,True,Weather-Correlated Engine
2025-03-06,Rotterdam,0.5404,5,53.5,True,Weather-Correlated Engine
2025-03-06,Los Angeles,0.5271,4,52.2,True,Weather-Correlated Engine
2025-03-07,Shanghai,0.6097,6,60.4,True,Weather-Correlated Engine
2025-03-07,Singapore,0.6058,5,60.0,True,Weather-Correlated Engine
2025-03-07,Rotterdam,0.5839,6,57.8,True,Weather-Correlated Engine
2025-03-07,Los Angeles,0.5198,4,51.5,True,Weather-Correlated Engine
2025-03-08,Shanghai,0.6351,5,62.9,True,Weather-Correlated Engine
2025-03-08,Singapore,0.6112,7,60.5,True,Weather-Correlated Engine
2025-03-08,Rotterdam,0.5734,5,56.8,True,Weather-Correlated Engine
2025-03-08,Los Angeles,0.4896,4,48.5,True,Weather-Correlated Engine
2025-03-09,Shanghai,0.6084,7,60.2,True,Weather-Correlated Engine
2025-03-09,Singapore,0.6027,5,59.7,True,Weather-Correlated Engine
2025-03-09,Rotterdam,0.5498,5,54.4,True,Weather-Correlated Engine
2025-03-09,Los Angeles,0.5201,5,51.5,True,Weather-Correlated Engine
2025-03-10,Shanghai,0.6152,7,60.9,True,Weather-Correlated Engine
2025-03-10,Singapore,0.5804,4,57.5,True,Weather-Correlated Engine
2025-03-10,Rotterdam,0.5585,5,55.3,True,Weather-Correlated Engine
2025-03-10,Los Angeles,0.5182,5,51.3,True,Weather-Correlated Engine
2025-03-11,Shanghai,0.6172,6,61.1,True,Weather-Correlated Engine
2025-03-11,Singapore,0.6143,5,60.8,True,Weather-Correlated Engine
2025-03-11,Rotterdam,0.5744,4,56.9,True,Weather-Correlated Engine
2025-03-11,Los Angeles,0.4921,5,48.7,True,Weather-Correlated Engine
2025-03-12,Shanghai,0.6413,7,63.5,True,Weather-Correlated Engine
2025-03-12,Singapore,0.5866,5,58.1,True,Weather-Correlated Engine
2025-03-12,Rotterdam,0.5752,5,56.9,True,Weather-Correlated Engine
2025-03-12,Los Angeles,0.5156,6,51.0,True,Weather-Correlated Engine
2025-03-13,Shanghai,0.6037,4,59.8,True,Weather-Correlated Engine
2025-03-13,Singapore,0.6159,7,61.0,True,Weather-Correlated Engine
2025-03-13,Rotterdam,0.5744,5,56.9,True,Weather-Correlated Engine
2025-03-13,Los Angeles,0.4838,5,47.9,True,Weather-Correlated Engine
2025-03-14,Shanghai,0.6244,6,61.8,True,Weather-Correlated Engine
2025-03-14,Singapore,0.5842,4,57.8,True,Weather-Correlated Engine
2025-03-14,Rotterdam,0.5829,4,57.7,True,Weather-Correlated Engine
2025-03-14,Los Angeles,0.4846,5,48.0,True,Weather-Correlated Engine
2025-03-15,Shanghai,0.6084,6,60.2,True,Weather-Correlated Engine
2025-03-15,Singapore,0.6172,7,61.1,True,Weather-Correlated Engine
2025-03-15,Rotterdam,0.5455,5,54.0,True,Weather-Correlated Engine
2025-03-15,Los Angeles,0.4884,4,48.4,True,Weather-Correlated Engine
2025-03-16,Shanghai,0.6111,7,60.5,True,Weather-Correlated Engine
2025-03-16,Singapore,0.5735,6,56.8,True,Weather-Correlated Engine
2025-03-16,Rotterdam,0.5476,5,54.2,True,Weather-Correlated Engine
2025-03-16,Los Angeles,0.5128,4,50.8,True,Weather-Correlated Engine
2025-03-17,Shanghai,0.6028,5,59.7,True,Weather-Correlated Engine
2025-03-17,Singapore,0.6122,6,60.6,True,Weather-Correlated Engine
2025-03-17,Rotterdam,0.5642,4,55.9,True,Weather-Correlated Engine
2025-03-17,Los Angeles,0.5226,4,51.7,True,Weather-Correlated Engine
2025-03-18,Shanghai,0.6117,6,60.6,True,Weather-Correlated Engine
2025-03-18,Singapore,0.5904,6,58.4,True,Weather-Correlated Engine
2025-03-18,Rotterdam,0.565,5,55.9,True,Weather-Correlated Engine
2025-03-18,Los Angeles,0.5057,6,50.1,True,Weather-Correlated Engine
2025-03-19,Shanghai,0.6233,6,61.7,True,Weather-Correlated Engine
2025-03-19,Singapore,0.6066,6,60.1,True,Weather-Correlated Engine
2025-03-19,Rotterdam,0.5537,4,54.8,True,Weather-Correlated Engine
2025-03-19,Los Angeles,0.485,5,48.0,True,Weather-Correlated Engine
2025-03-20,Shanghai,0.6438,6,63.7,True,Weather-Correlated Engine
2025-03-20,Singapore,0.5751,6,56.9,True,Weather-Correlated Engine
2025-03-20,Rotterdam,0.5781,5,57.2,True,Weather-Correlated Engine
2025-03-20,Los Angeles,0.5001,3,49.5,True,Weather-Correlated Engine
2025-03-21,Shanghai,0.6242,5,61.8,True,Weather-Correlated Engine
2025-03-21,Singapore,0.5761,5,57.0,True,Weather-Correlated Engine
2025-03-21,Rotterdam,0.5512,6,54.6,True,Weather-Correlated Engine
2025-03-21,Los Angeles,0.5276,4,52.2,True,Weather-Correlated Engine
2025-03-22,Shanghai,0.6486,6,64.2,True,Weather-Correlated Engine
2025-03-22,Singapore,0.6001,5,59.4,True,Weather-Correlated Engine
2025-03-22,Rotterdam,0.558,5,55.2,True,Weather-Correlated Engine
2025-03-22,Los Angeles,0.4997,5,49.5,True,Weather-Correlated Engine
2025-03-23,Shanghai,0.6063,7,60.0,True,Weather-Correlated Engine
2025-03-23,Singapore,0.5927,4,58.7,True,Weather-Correlated Engine
2025-03-23,Rotterdam,0.5525,6,54.7,True,Weather-Correlated Engine
2025-03-23,Los Angeles,0.5213,4,51.6,True,Weather-Correlated Engine
2025-03-24,Shanghai,0.6343,5,62.8,True,Weather-Correlated Engine
2025-03-24,Singapore,0.5962,6,59.0,True,Weather-Correlated Engine
2025-03-24,Rotterdam,0.5807,5,57.5,True,Weather-Correlated Engine
2025-03-24,Los Angeles,0.4874,3,48.3,True,Weather-Correlated Engine
2025-03-25,Shanghai,0.6424,5,63.6,True,Weather-Correlated Engine
2025-03-25,Singapore,0.604,5,59.8,True,Weather-Correlated Engine
2025-03-25,Rotterdam,0.5588,6,55.3,True,Weather-Correlated Engine
2025-03-25,Los Angeles,0.484,4,47.9,True,Weather-Correlated Engine
2025-03-26,Shanghai,0.6253,5,61.9,True,Weather-Correlated Engine
2025-03-26,Singapore,0.608,5,60.2,True,Weather-Correlated Engine
2025-03-26,Rotterdam,0.5477,6,54.2,True,Weather-Correlated Engine
2025-03-26,Los Angeles,0.5116,6,50.7,True,Weather-Correlated Engine
2025-03-27,Shanghai,0.6019,5,59.6,True,Weather-Correlated Engine
2025-03-27,Singapore,0.5899,5,58.4,True,Weather-Correlated Engine
2025-03-27,Rotterdam,0.5781,4,57.2,True,Weather-Correlated Engine
2025-03-27,Los Angeles,0.5114,5,50.6,True,Weather-Correlated Engine
2025-03-28,Shanghai,0.6272,5,62.1,True,Weather-Correlated Engine
2025-03-28,Singapore,0.6139,6,60.8,True,Weather-Correlated Engine
2025-03-28,Rotterdam,0.5674,5,56.2,True,Weather-Correlated Engine
2025-03-28,Los Angeles,0.5123,6,50.7,True,Weather-Correlated Engine
2025-03-29,Shanghai,0.6414,7,63.5,True,Weather-Correlated Engine
2025-03-29,Singapore,0.6125,5,60.6,True,Weather-Correlated Engine
2025-03-29,Rotterdam,0.5689,5,56.3,True,Weather-Correlated Engine
2025-03-29,Los Angeles,0.4872,3,48.2,True,Weather-Correlated Engine
2025-03-30,Shanghai,0.6343,6,62.8,True,Weather-Correlated Engine
2025-03-30,Singapore,0.5704,5,56.5,True,Weather-Correlated Engine
2025-03-30,Rotterdam,0.5441,4,53.9,True,Weather-Correlated Engine
2025-03-30,Los Angeles,0.5158,6,51.1,True,Weather-Correlated Engine
2025-03-31,Shanghai,0.605,5,59.9,True,Weather-Correlated Engine
2025-03-31,Singapore,0.585,6,57.9,True,Weather-Correlated Engine
2025-03-31,Rotterdam,0.5726,4,56.7,True,Weather-Correlated Engine
2025-03-31,Los Angeles,0.4912,3,48.6,True,Weather-Correlated Engine
2025-04-01,Shanghai,0.6166,6,61.0,True,Weather-Correlated Engine
2025-04-01,Singapore,0.5983,4,59.2,True,Weather-Correlated Engine
2025-04-01,Rotterdam,0.561,6,55.5,True,Weather-Correlated Engine
2025-04-01,Los Angeles,0.4948,3,49.0,True,Weather-Correlated Engine
2025-04-02,Shanghai,0.6285,5,62.2,True,Weather-Correlated Engine
2025-04-02,Singapore,0.6031,5,59.7,True,Weather-Correlated Engine
2025-04-02,Rotterdam,0.5424,6,53.7,True,Weather-Correlated Engine
2025-04-02,Los Angeles,0.5159,5,51.1,True,Weather-Correlated Engine
2025-04-03,Shanghai,0.6025,4,59.7,True,Weather-Correlated Engine
2025-04-03,Singapore,0.6107,6,60.5,True,Weather-Correlated Engine
2025-04-03,Rotterdam,0.5421,5,53.7,True,Weather-Correlated Engine
2025-04-03,Los Angeles,0.5071,4,50.2,True,Weather-Correlated Engine
2025-04-04,Shanghai,0.6083,6,60.2,True,Weather-Correlated Engine
2025-04-04,Singapore,0.5986,4,59.3,True,Weather-Correlated Engine
2025-04-04,Rotterdam,0.5504,6,54.5,True,Weather-Correlated Engine
2025-04-04,Los Angeles,0.4805,4,47.6,True,Weather-Correlated Engine
2025-04-05,Shanghai,0.6409,6,63.4,True,Weather-Correlated Engine
2025-04-05,Singapore,0.62,5,61.4,True,Weather-Correlated Engine
2025-04-05,Rotterdam,0.5575,6,55.2,True,Weather-Correlated Engine
2025-04-05,Los Angeles,0.4923,4,48.7,True,Weather-Correlated Engine
2025-04-06,Shanghai,0.6329,6,62.7,True,Weather-Correlated Engine
2025-04-06,Singapore,0.6091,5,60.3,True,Weather-Correlated Engine
2025-04-06,Rotterdam,0.5514,4,54.6,True,Weather-Correlated Engine
2025-04-06,Los Angeles,0.4822,5,47.7,True,Weather-Correlated Engine
2025-04-07,Shanghai,0.6255,7,61.9,True,Weather-Correlated Engine
2025-04-07,Singapore,0.6177,7,61.1,True,Weather-Correlated Engine
2025-04-07,Rotterdam,0.5792,4,57.3,True,Weather-Correlated Engine
2025-04-07,Los Angeles,0.5025,3,49.7,True,Weather-Correlated Engine
2025-04-08,Shanghai,0.6218,5,61.6,True,Weather-Correlated Engine
2025-04-08,Singapore,0.5781,5,57.2,True,Weather-Correlated Engine
2025-04-08,Rotterdam,0.5544,4,54.9,True,Weather-Correlated Engine
2025-04-08,Los Angeles,0.4907,3,48.6,True,Weather-Correlated Engine
2025-04-09,Shanghai,0.6277,7,62.1,True,Weather-Correlated Engine
2025-04-09,Singapore,0.5732,4,56.7,True,Weather-Correlated Engine
2025-04-09,Rotterdam,0.5481,5,54.3,True,Weather-Correlated Engine
2025-04-09,Los Angeles,0.485,5,48.0,True,Weather-Correlated Engine
2025-04-10,Shanghai,0.6312,5,62.5,True,Weather-Correlated Engine
2025-04-10,Singapore,0.599,4,59.3,True,Weather-Correlated Engine
2025-04-10,Rotterdam,0.5756,6,57.0,True,Weather-Correlated Engine
2025-04-10,Los Angeles,0.5154,6,51.0,True,Weather-Correlated Engine
2025-04-11,Shanghai,0.6077,5,60.2,True,Weather-Correlated Engine
2025-04-11,Singapore,0.6009,6,59.5,True,Weather-Correlated Engine
2025-04-11,Rotterdam,0.5661,5,56.0,True,Weather-Correlated Engine
2025-04-11,Los Angeles,0.5101,5,50.5,True,Weather-Correlated Engine
2025-04-12,Shanghai,0.6446,5,63.8,True,Weather-Correlated Engine
2025-04-12,Singapore,0.6151,6,60.9,True,Weather-Correlated Engine
2025-04-12,Rotterdam,0.5538,5,54.8,True,Weather-Correlated Engine
2025-04-12,Los Angeles,0.5253,6,52.0,True,Weather-Correlated Engine
2025-04-13,Shanghai,0.6027,5,59.7,True,Weather-Correlated Engine
2025-04-13,Singapore,0.6184,5,61.2,True,Weather-Correlated Engine
2025-04-13,Rotterdam,0.5621,6,55.7,True,Weather-Correlated Engine
2025-04-13,Los Angeles,0.4992,5,49.4,True,Weather-Correlated Engine
2025-04-14,Shanghai,0.6074,5,60.1,True,Weather-Correlated Engine
2025-04-14,Singapore,0.6064,7,60.0,True,Weather-Correlated Engine
2025-04-14,Rotterdam,0.544,4,53.9,True,Weather-Correlated Engine
2025-04-14,Los Angeles,0.5051,4,50.0,True,Weather-Correlated Engine
2025-04-15,Shanghai,0.6216,6,61.5,True,Weather-Correlated Engine
2025-04-15,Singapore,0.5719,4,56.6,True,Weather-Correlated Engine
2025-04-15,Rotterdam,0.565,5,55.9,True,Weather-Correlated Engine
2025-04-15,Los Angeles,0.518,5,51.3,True,Weather-Correlated Engine
2025-04-16,Shanghai,0.6154,6,60.9,True,Weather-Correlated Engine
2025-04-16,Singapore,0.6056,4,60.0,True,Weather-Correlated Engine
2025-04-16,Rotterdam,0.5434,4,53.8,True,Weather-Correlated Engine
2025-04-16,Los Angeles,0.5073,4,50.2,True,Weather-Correlated Engine
2025-04-17,Shanghai,0.6072,7,60.1,True,Weather-Correlated Engine
2025-04-17,Singapore,0.5733,5,56.8,True,Weather-Correlated Engine
2025-04-17,Rotterdam,0.5573,5,55.2,True,Weather-Correlated Engine
2025-04-17,Los Angeles,0.5024,4,49.7,True,Weather-Correlated Engine
2025-04-18,Shanghai,0.6355,6,62.9,True,Weather-Correlated Engine
2025-04-18,Singapore,0.5864,5,58.1,True,Weather-Correlated Engine
2025-04-18,Rotterdam,0.5473,4,54.2,True,Weather-Correlated Engine
2025-04-18,Los Angeles,0.4976,4,49.3,True,Weather-Correlated Engine
2025-04-19,Shanghai,0.6024,5,59.6,True,Weather-Correlated Engine
2025-04-19,Singapore,0.5961,6,59.0,True,Weather-Correlated Engine
2025-04-19,Rotterdam,0.5895,5,58.4,True,Weather-Correlated Engine
2025-04-19,Los Angeles,0.4857,3,48.1,True,Weather-Correlated Engine
2025-04-20,Shanghai,0.6179,6,61.2,True,Weather-Correlated Engine
2025-04-20,Singapore,0.6152,7,60.9,True,Weather-Correlated Engine
2025-04-20,Rotterdam,0.5419,6,53.7,True,Weather-Correlated Engine
2025-04-20,Los Angeles,0.5021,4,49.7,True,Weather-Correlated Engine
2025-04-21,Shanghai,0.6262,5,62.0,True,Weather-Correlated Engine
2025-04-21,Singapore,0.6136,5,60.8,True,Weather-Correlated Engine
2025-04-21,Rotterdam,0.5453,5,54.0,True,Weather-Correlated Engine
2025-04-21,Los Angeles,0.5275,6,52.2,True,Weather-Correlated Engine
2025-04-22,Shanghai,0.6448,6,63.8,True,Weather-Correlated Engine
2025-04-22,Singapore,0.5999,4,59.4,True,Weather-Correlated Engine
2025-04-22,Rotterdam,0.5531,6,54.8,True,Weather-Correlated Engine
2025-04-22,Los Angeles,0.4876,5,48.3,True,Weather-Correlated Engine
2025-04-23,Shanghai,0.6262,7,62.0,True,Weather-Correlated Engine
2025-04-23,Singapore,0.5864,6,58.1,True,Weather-Correlated Engine
2025-04-23,Rotterdam,0.5581,4,55.3,True,Weather-Correlated Engine
2025-04-23,Los Angeles,0.5224,5,51.7,True,Weather-Correlated Engine
2025-04-24,Shanghai,0.6046,6,59.9,True,Weather-Correlated Engine
2025-04-24,Singapore,0.5989,4,59.3,True,Weather-Correlated Engine
2025-04-24,Rotterdam,0.5844,4,57.9,True,Weather-Correlated Engine
2025-04-24,Los Angeles,0.4923,5,48.7,True,Weather-Correlated Engine
2025-04-25,Shanghai,0.6286,7,62.2,True,Weather-Correlated Engine
2025-04-25,Singapore,0.6185,6,61.2,True,Weather-Correlated Engine
2025-04-25,Rotterdam,0.5603,6,55.5,True,Weather-Correlated Engine
2025-04-25,Los Angeles,0.481,4,47.6,True,Weather-Correlated Engine
2025-04-26,Shanghai,0.6284,7,62.2,True,Weather-Correlated Engine
2025-04-26,Singapore,0.5849,6,57.9,True,Weather-Correlated Engine
2025-04-26,Rotterdam,0.5457,5,54.0,True,Weather-Correlated Engine
2025-04-26,Los Angeles,0.4827,5,47.8,True,Weather-Correlated Engine
2025-04-27,Shanghai,0.6401,5,63.4,True,Weather-Correlated Engine
2025-04-27,Singapore,0.5723,6,56.7,True,Weather-Correlated Engine
2025-04-27,Rotterdam,0.5849,5,57.9,True,Weather-Correlated Engine
2025-04-27,Los Angeles,0.5132,4,50.8,True,Weather-Correlated Engine
2025-04-28,Shanghai,0.6463,7,64.0,True,Weather-Correlated Engine
2025-04-28,Singapore,0.5893,4,58.3,True,Weather-Correlated Engine
2025-04-28,Rotterdam,0.5737,4,56.8,True,Weather-Correlated Engine
2025-04-28,Los Angeles,0.518,4,51.3,True,Weather-Correlated Engine
2025-04-29,Shanghai,0.635,7,62.9,True,Weather-Correlated Engine
2025-04-29,Singapore,0.5883,4,58.2,True,Weather-Correlated Engine
2025-04-29,Rotterdam,0.5458,6,54.0,True,Weather-Correlated Engine
2025-04-29,Los Angeles,0.5067,4,50.2,True,Weather-Correlated Engine
2025-04-30,Shanghai,0.6396,7,63.3,True,Weather-Correlated Engine
2025-04-30,Singapore,0.6122,5,60.6,True,Weather-Correlated Engine
2025-04-30,Rotterdam,0.566,6,56.0,True,Weather-Correlated Engine
2025-04-30,Los Angeles,0.4965,4,49.1,True,Weather-Correlated Engine
2025-05-01,Shanghai,0.6392,5,63.3,True,Weather-Correlated Engine
2025-05-01,Singapore,0.5786,5,57.3,True,Weather-Correlated Engine
2025-05-01,Rotterdam,0.5593,6,55.4,True,Weather-Correlated Engine
2025-05-01,Los Angeles,0.5038,3,49.9,True,Weather-Correlated Engine
2025-05-02,Shanghai,0.6355,7,62.9,True,Weather-Correlated Engine
2025-05-02,Singapore,0.5879,4,58.2,True,Weather-Correlated Engine
2025-05-02,Rotterdam,0.5508,5,54.5,True,Weather-Correlated Engine
2025-05-02,Los Angeles,0.5237,5,51.8,True,Weather-Correlated Engine
2025-05-03,Shanghai,0.648,5,64.2,True,Weather-Correlated Engine
2025-05-03,Singapore,0.618,5,61.2,True,Weather-Correlated Engine
2025-05-03,Rotterdam,0.5627,4,55.7,True,Weather-Correlated Engine
2025-05-03,Los Angeles,0.5231,4,51.8,True,Weather-Correlated Engine
2025-05-04,Shanghai,0.6331,5,62.7,True,Weather-Correlated Engine
2025-05-04,Singapore,0.6001,6,59.4,True,Weather-Correlated Engine
2025-05-04,Rotterdam,0.5899,6,58.4,True,Weather-Correlated Engine
2025-05-04,Los Angeles,0.526,4,52.1,True,Weather-Correlated Engine
2025-05-05,Shanghai,0.6103,5,60.4,True,Weather-Correlated Engine
2025-05-05,Singapore,0.618,7,61.2,True,Weather-Correlated Engine
2025-05-05,Rotterdam,0.5535,4,54.8,True,Weather-Correlated Engine
2025-05-05,Los Angeles,0.4951,5,49.0,True,Weather-Correlated Engine
2025-05-06,Shanghai,0.6081,6,60.2,True,Weather-Correlated Engine
2025-05-06,Singapore,0.5713,4,56.6,True,Weather-Correlated Engine
2025-05-06,Rotterdam,0.5792,4,57.3,True,Weather-Correlated Engine
2025-05-06,Los Angeles,0.5208,6,51.6,True,Weather-Correlated Engine
2025-05-07,Shanghai,0.6248,7,61.9,True,Weather-Correlated Engine
2025-05-07,Singapore,0.5747,6,56.9,True,Weather-Correlated Engine
2025-05-07,Rotterdam,0.553,5,54.7,True,Weather-Correlated Engine
2025-05-07,Los Angeles,0.5157,4,51.1,True,Weather-Correlated Engine
2025-05-08,Shanghai,0.6174,7,61.1,True,Weather-Correlated Engine
2025-05-08,Singapore,0.6093,5,60.3,True,Weather-Correlated Engine
2025-05-08,Rotterdam,0.5508,4,54.5,True,Weather-Correlated Engine
2025-05-08,Los Angeles,0.4981,3,49.3,True,Weather-Correlated Engine
2025-05-09,Shanghai,0.6288,7,62.3,True,Weather-Correlated Engine
2025-05-09,Singapore,0.6197,5,61.4,True,Weather-Correlated Engine
2025-05-09,Rotterdam,0.5732,6,56.7,True,Weather-Correlated Engine
2025-05-09,Los Angeles,0.4981,4,49.3,True,Weather-Correlated Engine
2025-05-10,Shanghai,0.6149,5,60.9,True,Weather-Correlated Engine
2025-05-10,Singapore,0.5812,6,57.5,True,Weather-Correlated Engine
2025-05-10,Rotterdam,0.5643,4,55.9,True,Weather-Correlated Engine
2025-05-10,Los Angeles,0.5174,5,51.2,True,Weather-Correlated Engine
2025-05-11,Shanghai,0.6022,6,59.6,True,Weather-Correlated Engine
2025-05-11,Singapore,0.5962,6,59.0,True,Weather-Correlated Engine
2025-05-11,Rotterdam,0.5835,6,57.8,True,Weather-Correlated Engine
2025-05-11,Los Angeles,0.5073,6,50.2,True,Weather-Correlated Engine
2025-05-12,Shanghai,0.6473,5,64.1,True,Weather-Correlated Engine
2025-05-12,Singapore,0.585,6,57.9,True,Weather-Correlated Engine
2025-05-12,Rotterdam,0.574,4,56.8,True,Weather-Correlated Engine
2025-05-12,Los Angeles,0.4985,4,49.4,True,Weather-Correlated Engine
2025-05-13,Shanghai,0.6281,6,62.2,True,Weather-Correlated Engine
2025-05-13,Singapore,0.6188,6,61.3,True,Weather-Correlated Engine
2025-05-13,Rotterdam,0.5726,5,56.7,True,Weather-Correlated Engine
2025-05-13,Los Angeles,0.4947,3,49.0,True,Weather-Correlated Engine
2025-05-14,Shanghai,0.6286,5,62.2,True,Weather-Correlated Engine
2025-05-14,Singapore,0.5762,6,57.0,True,Weather-Correlated Engine
2025-05-14,Rotterdam,0.5836,4,57.8,True,Weather-Correlated Engine
2025-05-14,Los Angeles,0.5273,6,52.2,True,Weather-Correlated Engine
2025-05-15,Shanghai,0.6102,6,60.4,True,Weather-Correlated Engine
2025-05-15,Singapore,0.5731,6,56.7,True,Weather-Correlated Engine
2025-05-15,Rotterdam,0.573,6,56.7,True,Weather-Correlated Engine
2025-05-15,Los Angeles,0.4933,4,48.8,True,Weather-Correlated Engine
2025-05-16,Shanghai,0.6389,6,63.3,True,Weather-Correlated Engine
2025-05-16,Singapore,0.6171,5,61.1,True,Weather-Correlated Engine
2025-05-16,Rotterdam,0.5646,6,55.9,True,Weather-Correlated Engine
2025-05-16,Los Angeles,0.5281,6,52.3,True,Weather-Correlated Engine
2025-05-17,Shanghai,0.6341,7,62.8,True,Weather-Correlated Engine
2025-05-17,Singapore,0.6131,6,60.7,True,Weather-Correlated Engine
2025-05-17,Rotterdam,0.5626,4,55.7,True,Weather-Correlated Engine
2025-05-17,Los Angeles,0.5072,4,50.2,True,Weather-Correlated Engine
2025-05-18,Shanghai,0.6223,6,61.6,True,Weather-Correlated Engine
2025-05-18,Singapore,0.5774,4,57.2,True,Weather-Correlated Engine
2025-05-18,Rotterdam,0.5732,5,56.8,True,Weather-Correlated Engine
2025-05-18,Los Angeles,0.4842,4,47.9,True,Weather-Correlated Engine
2025-05-19,Shanghai,0.6088,6,60.3,True,Weather-Correlated Engine
2025-05-19,Singapore,0.5822,6,57.6,True,Weather-Correlated Engine
2025-05-19,Rotterdam,0.5547,5,54.9,True,Weather-Correlated Engine
2025-05-19,Los Angeles,0.497,3,49.2,True,Weather-Correlated Engine
2025-05-20,Shanghai,0.613,6,60.7,True,Weather-Correlated Engine
2025-05-20,Singapore,0.5848,6,57.9,True,Weather-Correlated Engine
2025-05-20,Rotterdam,0.5435,4,53.8,True,Weather-Correlated Engine
2025-05-20,Los Angeles,0.5167,5,51.2,True,Weather-Correlated Engine
2025-05-21,Shanghai,0.6258,7,62.0,True,Weather-Correlated Engine
2025-05-21,Singapore,0.6114,5,60.5,True,Weather-Correlated Engine
2025-05-21,Rotterdam,0.5535,5,54.8,True,Weather-Correlated Engine
2025-05-21,Los Angeles,0.4913,4,48.6,True,Weather-Correlated Engine
2025-05-22,Shanghai,0.6232,7,61.7,True,Weather-Correlated Engine
2025-05-22,Singapore,0.6083,5,60.2,True,Weather-Correlated Engine
2025-05-22,Rotterdam,0.5404,5,53.5,True,Weather-Correlated Engine
2025-05-22,Los Angeles,0.4945,3,49.0,True,Weather-Correlated Engine
2025-05-23,Shanghai,0.6098,7,60.4,True,Weather-Correlated Engine
2025-05-23,Singapore,0.573,6,56.7,True,Weather-Correlated Engine
2025-05-23,Rotterdam,0.5408,5,53.5,True,Weather-Correlated Engine
2025-05-23,Los Angeles,0.4919,3,48.7,True,Weather-Correlated Engine
2025-05-24,Shanghai,0.643,6,63.7,True,Weather-Correlated Engine
2025-05-24,Singapore,0.5948,6,58.9,True,Weather-Correlated Engine
2025-05-24,Rotterdam,0.5857,4,58.0,True,Weather-Correlated Engine
2025-05-24,Los Angeles,0.5138,6,50.9,True,Weather-Correlated Engine
2025-05-25,Shanghai,0.6297,7,62.3,True,Weather-Correlated Engine
2025-05-25,Singapore,0.5749,5,56.9,True,Weather-Correlated Engine
2025-05-25,Rotterdam,0.548,5,54.3,True,Weather-Correlated Engine
2025-05-25,Los Angeles,0.4938,3,48.9,True,Weather-Correlated Engine
2025-05-26,Shanghai,0.6352,5,62.9,True,Weather-Correlated Engine
2025-05-26,Singapore,0.6017,5,59.6,True,Weather-Correlated Engine
2025-05-26,Rotterdam,0.5542,4,54.9,True,Weather-Correlated Engine
2025-05-26,Los Angeles,0.5241,6,51.9,True,Weather-Correlated Engine
2025-05-27,Shanghai,0.6182,6,61.2,True,Weather-Correlated Engine
2025-05-27,Singapore,0.575,6,56.9,True,Weather-Correlated Engine
2025-05-27,Rotterdam,0.5442,6,53.9,True,Weather-Correlated Engine
2025-05-27,Los Angeles,0.49,3,48.5,True,Weather-Correlated Engine
2025-05-28,Shanghai,0.6444,7,63.8,True,Weather-Correlated Engine
2025-05-28,Singapore,0.6113,6,60.5,True,Weather-Correlated Engine
2025-05-28,Rotterdam,0.5429,5,53.7,True,Weather-Correlated Engine
2025-05-28,Los Angeles,0.5059,4,50.1,True,Weather-Correlated Engine
2025-05-29,Shanghai,0.6452,6,63.9,True,Weather-Correlated Engine
2025-05-29,Singapore,0.6049,5,59.9,True,Weather-Correlated Engine
2025-05-29,Rotterdam,0.5846,5,57.9,True,Weather-Correlated Engine
2025-05-29,Los Angeles,0.4938,3,48.9,True,Weather-Correlated Engine
2025-05-30,Shanghai,0.6305,6,62.4,True,Weather-Correlated Engine
2025-05-30,Singapore,0.5908,6,58.5,True,Weather-Correlated Engine
2025-05-30,Rotterdam,0.5596,5,55.4,True,Weather-Correlated Engine
2025-05-30,Los Angeles,0.5041,4,49.9,True,Weather-Correlated Engine
2025-05-31,Shanghai,0.6408,7,63.4,True,Weather-Correlated Engine
2025-05-31,Singapore,0.6136,6,60.7,True,Weather-Correlated Engine
2025-05-31,Rotterdam,0.5799,6,57.4,True,Weather-Correlated Engine
2025-05-31,Los Angeles,0.5225,6,51.7,True,Weather-Correlated Engine
2025-06-01,Shanghai,0.7135,7,70.6,True,Weather-Correlated Engine
2025-06-01,Singapore,0.6728,5,66.6,True,Weather-Correlated Engine
2025-06-01,Rotterdam,0.6798,5,67.3,True,Weather-Correlated Engine
2025-06-01,Los Angeles,0.5946,4,58.9,True,Weather-Correlated Engine
2025-06-02,Shanghai,0.7232,6,71.6,True,Weather-Correlated Engine
2025-06-02,Singapore,0.7091,8,70.2,True,Weather-Correlated Engine
2025-06-02,Rotterdam,0.6438,7,63.7,True,Weather-Correlated Engine
2025-06-02,Los Angeles,0.5869,6,58.1,True,Weather-Correlated Engine
2025-06-03,Shanghai,0.7278,6,72.1,True,Weather-Correlated Engine
2025-06-03,Singapore,0.7028,6,69.6,True,Weather-Correlated Engine
2025-06-03,Rotterdam,0.6501,6,64.4,True,Weather-Correlated Engine
2025-06-03,Los Angeles,0.6157,6,61.0,True,Weather-Correlated Engine
2025-06-04,Shanghai,0.7297,6,72.2,True,Weather-Correlated Engine
2025-06-04,Singapore,0.6859,5,67.9,True,Weather-Correlated Engine
2025-06-04,Rotterdam,0.6864,5,68.0,True,Weather-Correlated Engine
2025-06-04,Los Angeles,0.6232,5,61.7,True,Weather-Correlated Engine
2025-06-05,Shanghai,0.7395,6,73.2,True,Weather-Correlated Engine
2025-06-05,Singapore,0.6945,5,68.8,True,Weather-Correlated Engine
2025-06-05,Rotterdam,0.6527,6,64.6,True,Weather-Correlated Engine
2025-06-05,Los Angeles,0.6241,5,61.8,True,Weather-Correlated Engine
2025-06-06,Shanghai,0.7427,7,73.5,True,Weather-Correlated Engine
2025-06-06,Singapore,0.6763,6,67.0,True,Weather-Correlated Engine
2025-06-06,Rotterdam,0.6867,7,68.0,True,Weather-Correlated Engine
2025-06-06,Los Angeles,0.5958,5,59.0,True,Weather-Correlated Engine
2025-06-07,Shanghai,0.734,6,72.7,True,Weather-Correlated Engine
2025-06-07,Singapore,0.7043,5,69.7,True,Weather-Correlated Engine
2025-06-07,Rotterdam,0.6627,5,65.6,True,Weather-Correlated Engine
2025-06-07,Los Angeles,0.6204,6,61.4,True,Weather-Correlated Engine
2025-06-08,Shanghai,0.7011,6,69.4,True,Weather-Correlated Engine
2025-06-08,Singapore,0.6783,5,67.1,True,Weather-Correlated Engine
2025-06-08,Rotterdam,0.6864,7,68.0,True,Weather-Correlated Engine
2025-06-08,Los Angeles,0.5908,5,58.5,True,Weather-Correlated Engine
2025-06-09,Shanghai,0.7104,7,70.3,True,Weather-Correlated Engine
2025-06-09,Singapore,0.7117,6,70.5,True,Weather-Correlated Engine
2025-06-09,Rotterdam,0.6527,7,64.6,True,Weather-Correlated Engine
2025-06-09,Los Angeles,0.6007,5,59.5,True,Weather-Correlated Engine
2025-06-10,Shanghai,0.7136,7,70.6,True,Weather-Correlated Engine
2025-06-10,Singapore,0.6933,5,68.6,True,Weather-Correlated Engine
2025-06-10,Rotterdam,0.6769,5,67.0,True,Weather-Correlated Engine
2025-06-10,Los Angeles,0.6225,5,61.6,True,Weather-Correlated Engine
2025-06-11,Shanghai,0.7018,6,69.5,True,Weather-Correlated Engine
2025-06-11,Singapore,0.6962,6,68.9,True,Weather-Correlated Engine
2025-06-11,Rotterdam,0.6738,7,66.7,True,Weather-Correlated Engine
2025-06-11,Los Angeles,0.6094,7,60.3,True,Weather-Correlated Engine
2025-06-12,Shanghai,0.7482,8,74.1,True,Weather-Correlated Engine
2025-06-12,Singapore,0.718,7,71.1,True,Weather-Correlated Engine
2025-06-12,Rotterdam,0.6882,7,68.1,True,Weather-Correlated Engine
2025-06-12,Los Angeles,0.6029,5,59.7,True,Weather-Correlated Engine
2025-06-13,Shanghai,0.748,7,74.1,True,Weather-Correlated Engine
2025-06-13,Singapore,0.6978,5,69.1,True,Weather-Correlated Engine
2025-06-13,Rotterdam,0.6666,6,66.0,True,Weather-Correlated Engine
2025-06-13,Los Angeles,0.6143,6,60.8,True,Weather-Correlated Engine
2025-06-14,Shanghai,0.7494,8,74.2,True,Weather-Correlated Engine
2025-06-14,Singapore,0.7168,8,71.0,True,Weather-Correlated Engine
2025-06-14,Rotterdam,0.6737,7,66.7,True,Weather-Correlated Engine
2025-06-14,Los Angeles,0.6234,7,61.7,True,Weather-Correlated Engine
2025-06-15,Shanghai,0.7075,7,70.0,True,Weather-Correlated Engine
2025-06-15,Singapore,0.6845,5,67.8,True,Weather-Correlated Engine
2025-06-15,Rotterdam,0.6425,5,63.6,True,Weather-Correlated Engine
2025-06-15,Los Angeles,0.6085,7,60.2,True,Weather-Correlated Engine
2025-06-16,Shanghai,0.7487,7,74.1,True,Weather-Correlated Engine
2025-06-16,Singapore,0.7002,7,69.3,True,Weather-Correlated Engine
2025-06-16,Rotterdam,0.6427,7,63.6,True,Weather-Correlated Engine
2025-06-16,Los Angeles,0.6069,6,60.1,True,Weather-Correlated Engine
2025-06-17,Shanghai,0.7377,6,73.0,True,Weather-Correlated Engine
2025-06-17,Singapore,0.6703,6,66.4,True,Weather-Correlated Engine
2025-06-17,Rotterdam,0.6725,6,66.6,True,Weather-Correlated Engine
2025-06-17,Los Angeles,0.6284,7,62.2,True,Weather-Correlated Engine
2025-06-18,Shanghai,0.72,8,71.3,True,Weather-Correlated Engine
2025-06-18,Singapore,0.7067,7,70.0,True,Weather-Correlated Engine
2025-06-18,Rotterdam,0.6784,5,67.2,True,Weather-Correlated Engine
2025-06-18,Los Angeles,0.6148,5,60.9,True,Weather-Correlated Engine
2025-06-19,Shanghai,0.7369,7,72.9,True,Weather-Correlated Engine
2025-06-19,Singapore,0.6984,6,69.1,True,Weather-Correlated Engine
2025-06-19,Rotterdam,0.6865,6,68.0,True,Weather-Correlated Engine
2025-06-19,Los Angeles,0.5883,4,58.2,True,Weather-Correlated Engine
2025-06-20,Shanghai,0.7339,7,72.7,True,Weather-Correlated Engine
2025-06-20,Singapore,0.678,7,67.1,True,Weather-Correlated Engine
2025-06-20,Rotterdam,0.6742,7,66.7,True,Weather-Correlated Engine
2025-06-20,Los Angeles,0.5961,4,59.0,True,Weather-Correlated Engine
2025-06-21,Shanghai,0.7398,8,73.2,True,Weather-Correlated Engine
2025-06-21,Singapore,0.6902,6,68.3,True,Weather-Correlated Engine
2025-06-21,Rotterdam,0.6496,5,64.3,True,Weather-Correlated Engine
2025-06-21,Los Angeles,0.6183,7,61.2,True,Weather-Correlated Engine
2025-06-22,Shanghai,0.7329,8,72.6,True,Weather-Correlated Engine
2025-06-22,Singapore,0.7158,6,70.9,True,Weather-Correlated Engine
2025-06-22,Rotterdam,0.6529,6,64.6,True,Weather-Correlated Engine
2025-06-22,Los Angeles,0.6152,6,60.9,True,Weather-Correlated Engine
2025-06-23,Shanghai,0.7173,8,71.0,True,Weather-Correlated Engine
2025-06-23,Singapore,0.6817,5,67.5,True,Weather-Correlated Engine
2025-06-23,Rotterdam,0.6896,5,68.3,True,Weather-Correlated Engine
2025-06-23,Los Angeles,0.5946,5,58.9,True,Weather-Correlated Engine
2025-06-24,Shanghai,0.708,6,70.1,True,Weather-Correlated Engine
2025-06-24,Singapore,0.6845,5,67.8,True,Weather-Correlated Engine
2025-06-24,Rotterdam,0.6704,7,66.4,True,Weather-Correlated Engine
2025-06-24,Los Angeles,0.5858,6,58.0,True,Weather-Correlated Engine
2025-06-25,Shanghai,0.7345,6,72.7,True,Weather-Correlated Engine
2025-06-25,Singapore,0.6883,6,68.1,True,Weather-Correlated Engine
2025-06-25,Rotterdam,0.6635,6,65.7,True,Weather-Correlated Engine
2025-06-25,Los Angeles,0.5841,6,57.8,True,Weather-Correlated Engine
2025-06-26,Shanghai,0.7425,7,73.5,True,Weather-Correlated Engine
2025-06-26,Singapore,0.709,7,70.2,True,Weather-Correlated Engine
2025-06-26,Rotterdam,0.6478,6,64.1,True,Weather-Correlated Engine
2025-06-26,Los Angeles,0.6273,7,62.1,True,Weather-Correlated Engine
2025-06-27,Shanghai,0.7415,7,73.4,True,Weather-Correlated Engine
2025-06-27,Singapore,0.6914,5,68.4,True,Weather-Correlated Engine
2025-06-27,Rotterdam,0.6498,5,64.3,True,Weather-Correlated Engine
2025-06-27,Los Angeles,0.6043,5,59.8,True,Weather-Correlated Engine
2025-06-28,Shanghai,0.7053,5,69.8,True,Weather-Correlated Engine
2025-06-28,Singapore,0.6907,6,68.4,True,Weather-Correlated Engine
2025-06-28,Rotterdam,0.6697,7,66.3,True,Weather-Correlated Engine
2025-06-28,Los Angeles,0.5909,5,58.5,True,Weather-Correlated Engine
2025-06-29,Shanghai,0.7325,6,72.5,True,Weather-Correlated Engine
2025-06-29,Singapore,0.6967,5,69.0,True,Weather-Correlated Engine
2025-06-29,Rotterdam,0.6474,7,64.1,True,Weather-Correlated Engine
2025-06-29,Los Angeles,0.5988,6,59.3,True,Weather-Correlated Engine
2025-06-30,Shanghai,0.7232,6,71.6,True,Weather-Correlated Engine
2025-06-30,Singapore,0.6751,5,66.8,True,Weather-Correlated Engine
2025-06-30,Rotterdam,0.6503,7,64.4,True,Weather-Correlated Engine
2025-06-30,Los Angeles,0.6189,5,61.3,True,Weather-Correlated Engine
2025-07-01,Shanghai,0.7214,6,71.4,True,Weather-Correlated Engine
2025-07-01,Singapore,0.6911,5,68.4,True,Weather-Correlated Engine
2025-07-01,Rotterdam,0.6566,7,65.0,True,Weather-Correlated Engine
2025-07-01,Los Angeles,0.5997,4,59.4,True,Weather-Correlated Engine
2025-07-02,Shanghai,0.7089,8,70.2,True,Weather-Correlated Engine
2025-07-02,Singapore,0.682,6,67.5,True,Weather-Correlated Engine
2025-07-02,Rotterdam,0.6778,7,67.1,True,Weather-Correlated Engine
2025-07-02,Los Angeles,0.6204,5,61.4,True,Weather-Correlated Engine
2025-07-03,Shanghai,0.7317,8,72.4,True,Weather-Correlated Engine
2025-07-03,Singapore,0.698,6,69.1,True,Weather-Correlated Engine
2025-07-03,Rotterdam,0.686,6,67.9,True,Weather-Correlated Engine
2025-07-03,Los Angeles,0.6199,5,61.4,True,Weather-Correlated Engine
2025-07-04,Shanghai,0.7086,6,70.1,True,Weather-Correlated Engine
2025-07-04,Singapore,0.7015,5,69.4,True,Weather-Correlated Engine
2025-07-04,Rotterdam,0.6581,5,65.2,True,Weather-Correlated Engine
2025-07-04,Los Angeles,0.5965,6,59.0,True,Weather-Correlated Engine
2025-07-05,Shanghai,0.7321,7,72.5,True,Weather-Correlated Engine
2025-07-05,Singapore,0.6842,6,67.7,True,Weather-Correlated Engine
2025-07-05,Rotterdam,0.6721,6,66.5,True,Weather-Correlated Engine
2025-07-05,Los Angeles,0.583,5,57.7,True,Weather-Correlated Engine
2025-07-06,Shanghai,0.7176,7,71.0,True,Weather-Correlated Engine
2025-07-06,Singapore,0.7031,7,69.6,True,Weather-Correlated Engine
2025-07-06,Rotterdam,0.6709,7,66.4,True,Weather-Correlated Engine
2025-07-06,Los Angeles,0.5912,4,58.5,True,Weather-Correlated Engine
2025-07-07,Shanghai,0.7145,7,70.7,True,Weather-Correlated Engine
2025-07-07,Singapore,0.6945,7,68.8,True,Weather-Correlated Engine
2025-07-07,Rotterdam,0.6427,5,63.6,True,Weather-Correlated Engine
2025-07-07,Los Angeles,0.6067,5,60.1,True,Weather-Correlated Engine
2025-07-08,Shanghai,0.7078,8,70.1,True,Weather-Correlated Engine
2025-07-08,Singapore,0.7094,8,70.2,True,Weather-Correlated Engine
2025-07-08,Rotterdam,0.6564,5,65.0,True,Weather-Correlated Engine
2025-07-08,Los Angeles,0.6024,5,59.6,True,Weather-Correlated Engine
2025-07-09,Shanghai,0.7112,8,70.4,True,Weather-Correlated Engine
2025-07-09,Singapore,0.6795,6,67.3,True,Weather-Correlated Engine
2025-07-09,Rotterdam,0.6525,5,64.6,True,Weather-Correlated Engine
2025-07-09,Los Angeles,0.6017,6,59.6,True,Weather-Correlated Engine
2025-07-10,Shanghai,0.7349,6,72.8,True,Weather-Correlated Engine
2025-07-10,Singapore,0.6947,5,68.8,True,Weather-Correlated Engine
2025-07-10,Rotterdam,0.6814,5,67.5,True,Weather-Correlated Engine
2025-07-10,Los Angeles,0.6049,4,59.9,True,Weather-Correlated Engine
2025-07-11,Shanghai,0.7356,6,72.8,True,Weather-Correlated Engine
2025-07-11,Singapore,0.6709,6,66.4,True,Weather-Correlated Engine
2025-07-11,Rotterdam,0.6744,5,66.8,True,Weather-Correlated Engine
2025-07-11,Los Angeles,0.6122,5,60.6,True,Weather-Correlated Engine
2025-07-12,Shanghai,0.705,6,69.8,True,Weather-Correlated Engine
2025-07-12,Singapore,0.6804,6,67.4,True,Weather-Correlated Engine
2025-07-12,Rotterdam,0.6644,6,65.8,True,Weather-Correlated Engine
2025-07-12,Los Angeles,0.6183,6,61.2,True,Weather-Correlated Engine
2025-07-13,Shanghai,0.707,5,70.0,True,Weather-Correlated Engine
2025-07-13,Singapore,0.6911,6,68.4,True,Weather-Correlated Engine
2025-07-13,Rotterdam,0.6673,6,66.1,True,Weather-Correlated Engine
2025-07-13,Los Angeles,0.6137,7,60.8,True,Weather-Correlated Engine
2025-07-14,Shanghai,0.7116,7,70.5,True,Weather-Correlated Engine
2025-07-14,Singapore,0.7057,7,69.9,True,Weather-Correlated Engine
2025-07-14,Rotterdam,0.6621,5,65.5,True,Weather-Correlated Engine
2025-07-14,Los Angeles,0.5943,4,58.8,True,Weather-Correlated Engine
2025-07-15,Shanghai,0.733,8,72.6,True,Weather-Correlated Engine
2025-07-15,Singapore,0.6754,6,66.9,True,Weather-Correlated Engine
2025-07-15,Rotterdam,0.6677,7,66.1,True,Weather-Correlated Engine
2025-07-15,Los Angeles,0.5846,6,57.9,True,Weather-Correlated Engine
2025-07-16,Shanghai,0.7301,7,72.3,True,Weather-Correlated Engine
2025-07-16,Singapore,0.7126,6,70.5,True,Weather-Correlated Engine
2025-07-16,Rotterdam,0.6436,6,63.7,True,Weather-Correlated Engine
2025-07-16,Los Angeles,0.5932,6,58.7,True,Weather-Correlated Engine
2025-07-17,Shanghai,0.7151,8,70.8,True,Weather-Correlated Engine
2025-07-17,Singapore,0.681,6,67.4,True,Weather-Correlated Engine
2025-07-17,Rotterdam,0.6501,7,64.4,True,Weather-Correlated Engine
2025-07-17,Los Angeles,0.6202,5,61.4,True,Weather-Correlated Engine
2025-07-18,Shanghai,0.744,8,73.7,True,Weather-Correlated Engine
2025-07-18,Singapore,0.6796,6,67.3,True,Weather-Correlated Engine
2025-07-18,Rotterdam,0.6712,6,66.4,True,Weather-Correlated Engine
2025-07-18,Los Angeles,0.6072,5,60.1,True,Weather-Correlated Engine
2025-07-19,Shanghai,0.7315,6,72.4,True,Weather-Correlated Engine
2025-07-19,Singapore,0.6889,5,68.2,True,Weather-Correlated Engine
2025-07-19,Rotterdam,0.6789,6,67.2,True,Weather-Correlated Engine
2025-07-19,Los Angeles,0.5805,5,57.5,True,Weather-Correlated Engine
2025-07-20,Shanghai,0.7053,7,69.8,True,Weather-Correlated Engine
2025-07-20,Singapore,0.6809,6,67.4,True,Weather-Correlated Engine
2025-07-20,Rotterdam,0.682,5,67.5,True,Weather-Correlated Engine
2025-07-20,Los Angeles,0.6016,5,59.6,True,Weather-Correlated Engine
2025-07-21,Shanghai,0.7206,7,71.3,True,Weather-Correlated Engine
2025-07-21,Singapore,0.706,6,69.9,True,Weather-Correlated Engine
2025-07-21,Rotterdam,0.6494,5,64.3,True,Weather-Correlated Engine
2025-07-21,Los Angeles,0.5832,4,57.7,True,Weather-Correlated Engine
2025-07-22,Shanghai,0.7413,7,73.4,True,Weather-Correlated Engine
2025-07-22,Singapore,0.7038,5,69.7,True,Weather-Correlated Engine
2025-07-22,Rotterdam,0.6528,6,64.6,True,Weather-Correlated Engine
2025-07-22,Los Angeles,0.6272,7,62.1,True,Weather-Correlated Engine
2025-07-23,Shanghai,0.7348,8,72.7,True,Weather-Correlated Engine
2025-07-23,Singapore,0.7194,7,71.2,True,Weather-Correlated Engine
2025-07-23,Rotterdam,0.64,6,63.4,True,Weather-Correlated Engine
2025-07-23,Los Angeles,0.6197,5,61.3,True,Weather-Correlated Engine
2025-07-24,Shanghai,0.7323,7,72.5,True,Weather-Correlated Engine
2025-07-24,Singapore,0.7028,6,69.6,True,Weather-Correlated Engine
2025-07-24,Rotterdam,0.6457,6,63.9,True,Weather-Correlated Engine
2025-07-24,Los Angeles,0.5965,5,59.1,True,Weather-Correlated Engine
2025-07-25,Shanghai,0.7218,6,71.5,True,Weather-Correlated Engine
2025-07-25,Singapore,0.7108,8,70.4,True,Weather-Correlated Engine
2025-07-25,Rotterdam,0.6571,5,65.0,True,Weather-Correlated Engine
2025-07-25,Los Angeles,0.6143,5,60.8,True,Weather-Correlated Engine
2025-07-26,Shanghai,0.7326,6,72.5,True,Weather-Correlated Engine
2025-07-26,Singapore,0.6713,5,66.5,True,Weather-Correlated Engine
2025-07-26,Rotterdam,0.6815,6,67.5,True,Weather-Correlated Engine
2025-07-26,Los Angeles,0.5902,5,58.4,True,Weather-Correlated Engine
2025-07-27,Shanghai,0.7319,6,72.5,True,Weather-Correlated Engine
2025-07-27,Singapore,0.717,8,71.0,True,Weather-Correlated Engine
2025-07-27,Rotterdam,0.6721,6,66.5,True,Weather-Correlated Engine
2025-07-27,Los Angeles,0.6221,5,61.6,True,Weather-Correlated Engine
2025-07-28,Shanghai,0.7187,8,71.1,True,Weather-Correlated Engine
2025-07-28,Singapore,0.6997,6,69.3,True,Weather-Correlated Engine
2025-07-28,Rotterdam,0.6899,6,68.3,True,Weather-Correlated Engine
2025-07-28,Los Angeles,0.6158,7,61.0,True,Weather-Correlated Engine
2025-07-29,Shanghai,0.7291,6,72.2,True,Weather-Correlated Engine
2025-07-29,Singapore,0.6936,5,68.7,True,Weather-Correlated Engine
2025-07-29,Rotterdam,0.666,6,65.9,True,Weather-Correlated Engine
2025-07-29,Los Angeles,0.6193,7,61.3,True,Weather-Correlated Engine
2025-07-30,Shanghai,0.7115,6,70.4,True,Weather-Correlated Engine
2025-07-30,Singapore,0.6942,6,68.7,True,Weather-Correlated Engine
2025-07-30,Rotterdam,0.6471,5,64.1,True,Weather-Correlated Engine
2025-07-30,Los Angeles,0.5849,5,57.9,True,Weather-Correlated Engine
2025-07-31,Shanghai,0.7334,7,72.6,True,Weather-Correlated Engine
2025-07-31,Singapore,0.6789,5,67.2,True,Weather-Correlated Engine
2025-07-31,Rotterdam,0.6467,6,64.0,True,Weather-Correlated Engine
2025-07-31,Los Angeles,0.6132,6,60.7,True,Weather-Correlated Engine
2025-08-01,Shanghai,0.7388,6,73.1,True,Weather-Correlated Engine
2025-08-01,Singapore,0.6815,7,67.5,True,Weather-Correlated Engine
2025-08-01,Rotterdam,0.6561,6,65.0,True,Weather-Correlated Engine
2025-08-01,Los Angeles,0.623,6,61.7,True,Weather-Correlated Engine
2025-08-02,Shanghai,0.7024,6,69.5,True,Weather-Correlated Engine
2025-08-02,Singapore,0.7147,6,70.8,True,Weather-Correlated Engine
2025-08-02,Rotterdam,0.6596,6,65.3,True,Weather-Correlated Engine
2025-08-02,Los Angeles,0.5848,6,57.9,True,Weather-Correlated Engine
2025-08-03,Shanghai,0.7458,6,73.8,True,Weather-Correlated Engine
2025-08-03,Singapore,0.6914,6,68.5,True,Weather-Correlated Engine
2025-08-03,Rotterdam,0.6634,5,65.7,True,Weather-Correlated Engine
2025-08-03,Los Angeles,0.5985,4,59.2,True,Weather-Correlated Engine
2025-08-04,Shanghai,0.741,6,73.4,True,Weather-Correlated Engine
2025-08-04,Singapore,0.7019,6,69.5,True,Weather-Correlated Engine
2025-08-04,Rotterdam,0.6441,7,63.8,True,Weather-Correlated Engine
2025-08-04,Los Angeles,0.5998,5,59.4,True,Weather-Correlated Engine
2025-08-05,Shanghai,0.7193,7,71.2,True,Weather-Correlated Engine
2025-08-05,Singapore,0.7146,8,70.7,True,Weather-Correlated Engine
2025-08-05,Rotterdam,0.6615,5,65.5,True,Weather-Correlated Engine
2025-08-05,Los Angeles,0.6183,5,61.2,True,Weather-Correlated Engine
2025-08-06,Shanghai,0.7198,7,71.3,True,Weather-Correlated Engine
2025-08-06,Singapore,0.707,6,70.0,True,Weather-Correlated Engine
2025-08-06,Rotterdam,0.6738,6,66.7,True,Weather-Correlated Engine
2025-08-06,Los Angeles,0.6094,6,60.3,True,Weather-Correlated Engine
2025-08-07,Shanghai,0.7041,5,69.7,True,Weather-Correlated Engine
2025-08-07,Singapore,0.6774,6,67.1,True,Weather-Correlated Engine
2025-08-07,Rotterdam,0.6876,7,68.1,True,Weather-Correlated Engine
2025-08-07,Los Angeles,0.5992,5,59.3,True,Weather-Correlated Engine
2025-08-08,Shanghai,0.7177,6,71.0,True,Weather-Correlated Engine
2025-08-08,Singapore,0.6979,5,69.1,True,Weather-Correlated Engine
2025-08-08,Rotterdam,0.6572,7,65.1,True,Weather-Correlated Engine
2025-08-08,Los Angeles,0.5902,4,58.4,True,Weather-Correlated Engine
2025-08-09,Shanghai,0.7376,7,73.0,True,Weather-Correlated Engine
2025-08-09,Singapore,0.6943,6,68.7,True,Weather-Correlated Engine
2025-08-09,Rotterdam,0.6429,7,63.6,True,Weather-Correlated Engine
2025-08-09,Los Angeles,0.6174,7,61.1,True,Weather-Correlated Engine
2025-08-10,Shanghai,0.7084,6,70.1,True,Weather-Correlated Engine
2025-08-10,Singapore,0.6778,5,67.1,True,Weather-Correlated Engine
2025-08-10,Rotterdam,0.6596,7,65.3,True,Weather-Correlated Engine
2025-08-10,Los Angeles,0.5809,6,57.5,True,Weather-Correlated Engine
2025-08-11,Shanghai,0.7246,8,71.7,True,Weather-Correlated Engine
2025-08-11,Singapore,0.6718,6,66.5,True,Weather-Correlated Engine
2025-08-11,Rotterdam,0.6433,7,63.7,True,Weather-Correlated Engine
2025-08-11,Los Angeles,0.6096,7,60.4,True,Weather-Correlated Engine
2025-08-12,Shanghai,0.7019,5,69.5,True,Weather-Correlated Engine
2025-08-12,Singapore,0.6718,5,66.5,True,Weather-Correlated Engine
2025-08-12,Rotterdam,0.6806,5,67.4,True,Weather-Correlated Engine
2025-08-12,Los Angeles,0.6242,7,61.8,True,Weather-Correlated Engine
2025-08-13,Shanghai,0.7098,8,70.3,True,Weather-Correlated Engine
2025-08-13,Singapore,0.6932,5,68.6,True,Weather-Correlated Engine
2025-08-13,Rotterdam,0.6548,7,64.8,True,Weather-Correlated Engine
2025-08-13,Los Angeles,0.6214,5,61.5,True,Weather-Correlated Engine
2025-08-14,Shanghai,0.7147,6,70.8,True,Weather-Correlated Engine
2025-08-14,Singapore,0.6901,7,68.3,True,Weather-Correlated Engine
2025-08-14,Rotterdam,0.6706,5,66.4,True,Weather-Correlated Engine
2025-08-14,Los Angeles,0.5883,6,58.2,True,Weather-Correlated Engine
2025-08-15,Shanghai,0.7099,8,70.3,True,Weather-Correlated Engine
2025-08-15,Singapore,0.7197,6,71.2,True,Weather-Correlated Engine
2025-08-15,Rotterdam,0.643,7,63.7,True,Weather-Correlated Engine
2025-08-15,Los Angeles,0.6257,6,61.9,True,Weather-Correlated Engine
2025-08-16,Shanghai,0.7332,6,72.6,True,Weather-Correlated Engine
2025-08-16,Singapore,0.6832,7,67.6,True,Weather-Correlated Engine
2025-08-16,Rotterdam,0.6795,6,67.3,True,Weather-Correlated Engine
2025-08-16,Los Angeles,0.6028,4,59.7,True,Weather-Correlated Engine
2025-08-17,Shanghai,0.7132,8,70.6,True,Weather-Correlated Engine
2025-08-17,Singapore,0.7009,7,69.4,True,Weather-Correlated Engine
2025-08-17,Rotterdam,0.6695,6,66.3,True,Weather-Correlated Engine
2025-08-17,Los Angeles,0.6278,7,62.1,True,Weather-Correlated Engine
2025-08-18,Shanghai,0.7385,6,73.1,True,Weather-Correlated Engine
2025-08-18,Singapore,0.6973,5,69.0,True,Weather-Correlated Engine
2025-08-18,Rotterdam,0.6622,7,65.6,True,Weather-Correlated Engine
2025-08-18,Los Angeles,0.5915,4,58.6,True,Weather-Correlated Engine
2025-08-19,Shanghai,0.726,8,71.9,True,Weather-Correlated Engine
2025-08-19,Singapore,0.689,6,68.2,True,Weather-Correlated Engine
2025-08-19,Rotterdam,0.6533,7,64.7,True,Weather-Correlated Engine
2025-08-19,Los Angeles,0.5839,4,57.8,True,Weather-Correlated Engine
2025-08-20,Shanghai,0.7489,6,74.1,True,Weather-Correlated Engine
2025-08-20,Singapore,0.7076,7,70.1,True,Weather-Correlated Engine
2025-08-20,Rotterdam,0.6446,5,63.8,True,Weather-Correlated Engine
2025-08-20,Los Angeles,0.6203,5,61.4,True,Weather-Correlated Engine
2025-08-21,Shanghai,0.7151,7,70.8,True,Weather-Correlated Engine
2025-08-21,Singapore,0.6994,5,69.2,True,Weather-Correlated Engine
2025-08-21,Rotterdam,0.6742,7,66.7,True,Weather-Correlated Engine
2025-08-21,Los Angeles,0.5977,6,59.2,True,Weather-Correlated Engine
2025-08-22,Shanghai,0.7432,6,73.6,True,Weather-Correlated Engine
2025-08-22,Singapore,0.6983,6,69.1,True,Weather-Correlated Engine
2025-08-22,Rotterdam,0.687,7,68.0,True,Weather-Correlated Engine
2025-08-22,Los Angeles,0.6148,7,60.9,True,Weather-Correlated Engine
2025-08-23,Shanghai,0.7437,8,73.6,True,Weather-Correlated Engine
2025-08-23,Singapore,0.6999,7,69.3,True,Weather-Correlated Engine
2025-08-23,Rotterdam,0.6566,7,65.0,True,Weather-Correlated Engine
2025-08-23,Los Angeles,0.6258,6,62.0,True,Weather-Correlated Engine
2025-08-24,Shanghai,0.7236,6,71.6,True,Weather-Correlated Engine
2025-08-24,Singapore,0.6836,6,67.7,True,Weather-Correlated Engine
2025-08-24,Rotterdam,0.6849,6,67.8,True,Weather-Correlated Engine
2025-08-24,Los Angeles,0.597,5,59.1,True,Weather-Correlated Engine
2025-08-25,Shanghai,0.713,8,70.6,True,Weather-Correlated Engine
2025-08-25,Singapore,0.6705,7,66.4,True,Weather-Correlated Engine
2025-08-25,Rotterdam,0.6878,5,68.1,True,Weather-Correlated Engine
2025-08-25,Los Angeles,0.5932,6,58.7,True,Weather-Correlated Engine
2025-08-26,Shanghai,0.7431,6,73.6,True,Weather-Correlated Engine
2025-08-26,Singapore,0.6785,5,67.2,True,Weather-Correlated Engine
2025-08-26,Rotterdam,0.6453,6,63.9,True,Weather-Correlated Engine
2025-08-26,Los Angeles,0.6235,5,61.7,True,Weather-Correlated Engine
2025-08-27,Shanghai,0.7112,8,70.4,True,Weather-Correlated Engine
2025-08-27,Singapore,0.6724,5,66.6,True,Weather-Correlated Engine
2025-08-27,Rotterdam,0.6641,7,65.7,True,Weather-Correlated Engine
2025-08-27,Los Angeles,0.6186,5,61.2,True,Weather-Correlated Engine
2025-08-28,Shanghai,0.7253,7,71.8,True,Weather-Correlated Engine
2025-08-28,Singapore,0.7097,6,70.3,True,Weather-Correlated Engine
2025-08-28,Rotterdam,0.6519,6,64.5,True,Weather-Correlated Engine
2025-08-28,Los Angeles,0.6143,6,60.8,True,Weather-Correlated Engine
2025-08-29,Shanghai,0.7476,6,74.0,True,Weather-Correlated Engine
2025-08-29,Singapore,0.7135,7,70.6,True,Weather-Correlated Engine
2025-08-29,Rotterdam,0.648,6,64.2,True,Weather-Correlated Engine
2025-08-29,Los Angeles,0.6084,7,60.2,True,Weather-Correlated Engine
2025-08-30,Shanghai,0.7434,6,73.6,True,Weather-Correlated Engine
2025-08-30,Singapore,0.6957,7,68.9,True,Weather-Correlated Engine
2025-08-30,Rotterdam,0.6497,5,64.3,True,Weather-Correlated Engine
2025-08-30,Los Angeles,0.6257,7,61.9,True,Weather-Correlated Engine
2025-08-31,Shanghai,0.7086,8,70.1,True,Weather-Correlated Engine
2025-08-31,Singapore,0.6779,6,67.1,True,Weather-Correlated Engine
2025-08-31,Rotterdam,0.6671,6,66.0,True,Weather-Correlated Engine
2025-08-31,Los Angeles,0.5897,4,58.4,True,Weather-Correlated Engine
2025-09-01,Shanghai,0.7208,6,71.4,True,Weather-Correlated Engine
2025-09-01,Singapore,0.6747,6,66.8,True,Weather-Correlated Engine
2025-09-01,Rotterdam,0.6628,5,65.6,True,Weather-Correlated Engine
2025-09-01,Los Angeles,0.5997,5,59.4,True,Weather-Correlated Engine
2025-09-02,Shanghai,0.7304,8,72.3,True,Weather-Correlated Engine
2025-09-02,Singapore,0.6916,7,68.5,True,Weather-Correlated Engine
2025-09-02,Rotterdam,0.6838,5,67.7,True,Weather-Correlated Engine
2025-09-02,Los Angeles,0.6205,6,61.4,True,Weather-Correlated Engine
2025-09-03,Shanghai,0.7123,7,70.5,True,Weather-Correlated Engine
2025-09-03,Singapore,0.698,5,69.1,True,Weather-Correlated Engine
2025-09-03,Rotterdam,0.6754,7,66.9,True,Weather-Correlated Engine
2025-09-03,Los Angeles,0.5838,4,57.8,True,Weather-Correlated Engine
2025-09-04,Shanghai,0.7277,7,72.0,True,Weather-Correlated Engine
2025-09-04,Singapore,0.707,7,70.0,True,Weather-Correlated Engine
2025-09-04,Rotterdam,0.6454,7,63.9,True,Weather-Correlated Engine
2025-09-04,Los Angeles,0.5944,4,58.8,True,Weather-Correlated Engine
2025-09-05,Shanghai,0.7442,8,73.7,True,Weather-Correlated Engine
2025-09-05,Singapore,0.7165,8,70.9,True,Weather-Correlated Engine
2025-09-05,Rotterdam,0.6441,6,63.8,True,Weather-Correlated Engine
2025-09-05,Los Angeles,0.6165,7,61.0,True,Weather-Correlated Engine
2025-09-06,Shanghai,0.7369,7,72.9,True,Weather-Correlated Engine
2025-09-06,Singapore,0.6853,7,67.8,True,Weather-Correlated Engine
2025-09-06,Rotterdam,0.6641,5,65.7,True,Weather-Correlated Engine
2025-09-06,Los Angeles,0.6144,6,60.8,True,Weather-Correlated Engine
2025-09-07,Shanghai,0.7312,6,72.4,True,Weather-Correlated Engine
2025-09-07,Singapore,0.6888,5,68.2,True,Weather-Correlated Engine
2025-09-07,Rotterdam,0.6585,7,65.2,True,Weather-Correlated Engine
2025-09-07,Los Angeles,0.5933,4,58.7,True,Weather-Correlated Engine
2025-09-08,Shanghai,0.7113,6,70.4,True,Weather-Correlated Engine
2025-09-08,Singapore,0.673,7,66.6,True,Weather-Correlated Engine
2025-09-08,Rotterdam,0.6656,7,65.9,True,Weather-Correlated Engine
2025-09-08,Los Angeles,0.6111,6,60.5,True,Weather-Correlated Engine
2025-09-09,Shanghai,0.7187,7,71.2,True,Weather-Correlated Engine
2025-09-09,Singapore,0.6988,7,69.2,True,Weather-Correlated Engine
2025-09-09,Rotterdam,0.6651,6,65.8,True,Weather-Correlated Engine
2025-09-09,Los Angeles,0.5846,6,57.9,True,Weather-Correlated Engine
2025-09-10,Shanghai,0.7217,6,71.4,True,Weather-Correlated Engine
2025-09-10,Singapore,0.7198,6,71.3,True,Weather-Correlated Engine
2025-09-10,Rotterdam,0.6736,6,66.7,True,Weather-Correlated Engine
2025-09-10,Los Angeles,0.5999,4,59.4,True,Weather-Correlated Engine
2025-09-11,Shanghai,0.7031,7,69.6,True,Weather-Correlated Engine
2025-09-11,Singapore,0.6806,7,67.4,True,Weather-Correlated Engine
2025-09-11,Rotterdam,0.6425,6,63.6,True,Weather-Correlated Engine
2025-09-11,Los Angeles,0.5808,6,57.5,True,Weather-Correlated Engine
2025-09-12,Shanghai,0.7238,6,71.7,True,Weather-Correlated Engine
2025-09-12,Singapore,0.7068,6,70.0,True,Weather-Correlated Engine
2025-09-12,Rotterdam,0.6791,7,67.2,True,Weather-Correlated Engine
2025-09-12,Los Angeles,0.6289,5,62.3,True,Weather-Correlated Engine
2025-09-13,Shanghai,0.7345,6,72.7,True,Weather-Correlated Engine
2025-09-13,Singapore,0.7084,8,70.1,True,Weather-Correlated Engine
2025-09-13,Rotterdam,0.6899,7,68.3,True,Weather-Correlated Engine
2025-09-13,Los Angeles,0.5973,4,59.1,True,Weather-Correlated Engine
2025-09-14,Shanghai,0.7069,7,70.0,True,Weather-Correlated Engine
2025-09-14,Singapore,0.6723,6,66.6,True,Weather-Correlated Engine
2025-09-14,Rotterdam,0.6887,7,68.2,True,Weather-Correlated Engine
2025-09-14,Los Angeles,0.5986,6,59.3,True,Weather-Correlated Engine
2025-09-15,Shanghai,0.7081,6,70.1,True,Weather-Correlated Engine
2025-09-15,Singapore,0.6754,5,66.9,True,Weather-Correlated Engine
2025-09-15,Rotterdam,0.6431,5,63.7,True,Weather-Correlated Engine
2025-09-15,Los Angeles,0.5951,5,58.9,True,Weather-Correlated Engine
2025-09-16,Shanghai,0.7237,8,71.6,True,Weather-Correlated Engine
2025-09-16,Singapore,0.6774,5,67.1,True,Weather-Correlated Engine
2025-09-16,Rotterdam,0.6433,5,63.7,True,Weather-Correlated Engine
2025-09-16,Los Angeles,0.5927,6,58.7,True,Weather-Correlated Engine
2025-09-17,Shanghai,0.7214,7,71.4,True,Weather-Correlated Engine
2025-09-17,Singapore,0.6748,5,66.8,True,Weather-Correlated Engine
2025-09-17,Rotterdam,0.6853,7,67.8,True,Weather-Correlated Engine
2025-09-17,Los Angeles,0.5913,6,58.5,True,Weather-Correlated Engine
2025-09-18,Shanghai,0.7013,5,69.4,True,Weather-Correlated Engine
2025-09-18,Singapore,0.7142,7,70.7,True,Weather-Correlated Engine
2025-09-18,Rotterdam,0.6812,5,67.4,True,Weather-Correlated Engine
2025-09-18,Los Angeles,0.6048,5,59.9,True,Weather-Correlated Engine
2025-09-19,Shanghai,0.732,7,72.5,True,Weather-Correlated Engine
2025-09-19,Singapore,0.695,6,68.8,True,Weather-Correlated Engine
2025-09-19,Rotterdam,0.648,7,64.2,True,Weather-Correlated Engine
2025-09-19,Los Angeles,0.5962,5,59.0,True,Weather-Correlated Engine
2025-09-20,Shanghai,0.7089,8,70.2,True,Weather-Correlated Engine
2025-09-20,Singapore,0.6858,6,67.9,True,Weather-Correlated Engine
2025-09-20,Rotterdam,0.6508,7,64.4,True,Weather-Correlated Engine
2025-09-20,Los Angeles,0.5914,5,58.5,True,Weather-Correlated Engine
2025-09-21,Shanghai,0.7064,7,69.9,True,Weather-Correlated Engine
2025-09-21,Singapore,0.6763,7,67.0,True,Weather-Correlated Engine
2025-09-21,Rotterdam,0.6814,6,67.5,True,Weather-Correlated Engine
2025-09-21,Los Angeles,0.6225,6,61.6,True,Weather-Correlated Engine
2025-09-22,Shanghai,0.7258,8,71.9,True,Weather-Correlated Engine
2025-09-22,Singapore,0.6862,7,67.9,True,Weather-Correlated Engine
2025-09-22,Rotterdam,0.6726,5,66.6,True,Weather-Correlated Engine
2025-09-22,Los Angeles,0.6094,7,60.3,True,Weather-Correlated Engine
2025-09-23,Shanghai,0.7468,7,73.9,True,Weather-Correlated Engine
2025-09-23,Singapore,0.7118,6,70.5,True,Weather-Correlated Engine
2025-09-23,Rotterdam,0.6809,5,67.4,True,Weather-Correlated Engine
2025-09-23,Los Angeles,0.5962,4,59.0,True,Weather-Correlated Engine
2025-09-24,Shanghai,0.705,5,69.8,True,Weather-Correlated Engine
2025-09-24,Singapore,0.713,7,70.6,True,Weather-Correlated Engine
2025-09-24,Rotterdam,0.6754,5,66.9,True,Weather-Correlated Engine
2025-09-24,Los Angeles,0.5958,5,59.0,True,Weather-Correlated Engine
2025-09-25,Shanghai,0.7104,7,70.3,True,Weather-Correlated Engine
2025-09-25,Singapore,0.6943,5,68.7,True,Weather-Correlated Engine
2025-09-25,Rotterdam,0.6694,7,66.3,True,Weather-Correlated Engine
2025-09-25,Los Angeles,0.604,4,59.8,True,Weather-Correlated Engine
2025-09-26,Shanghai,0.7323,8,72.5,True,Weather-Correlated Engine
2025-09-26,Singapore,0.6886,5,68.2,True,Weather-Correlated Engine
2025-09-26,Rotterdam,0.6616,5,65.5,True,Weather-Correlated Engine
2025-09-26,Los Angeles,0.6197,7,61.4,True,Weather-Correlated Engine
2025-09-27,Shanghai,0.7441,7,73.7,True,Weather-Correlated Engine
2025-09-27,Singapore,0.7084,6,70.1,True,Weather-Correlated Engine
2025-09-27,Rotterdam,0.6435,5,63.7,True,Weather-Correlated Engine
2025-09-27,Los Angeles,0.6056,4,59.9,True,Weather-Correlated Engine
2025-09-28,Shanghai,0.7079,7,70.1,True,Weather-Correlated Engine
2025-09-28,Singapore,0.7005,6,69.3,True,Weather-Correlated Engine
2025-09-28,Rotterdam,0.6439,7,63.7,True,Weather-Correlated Engine
2025-09-28,Los Angeles,0.6106,5,60.4,True,Weather-Correlated Engine
2025-09-29,Shanghai,0.7386,8,73.1,True,Weather-Correlated Engine
2025-09-29,Singapore,0.6867,6,68.0,True,Weather-Correlated Engine
2025-09-29,Rotterdam,0.6512,7,64.5,True,Weather-Correlated Engine
2025-09-29,Los Angeles,0.5887,5,58.3,True,Weather-Correlated Engine
2025-09-30,Shanghai,0.7055,7,69.8,True,Weather-Correlated Engine
2025-09-30,Singapore,0.6935,7,68.7,True,Weather-Correlated Engine
2025-09-30,Rotterdam,0.6462,6,64.0,True,Weather-Correlated Engine
2025-09-30,Los Angeles,0.6229,7,61.7,True,Weather-Correlated Engine
2025-10-01,Shanghai,0.64,7,63.4,True,Weather-Correlated Engine
2025-10-01,Singapore,0.6142,6,60.8,True,Weather-Correlated Engine
2025-10-01,Rotterdam,0.5887,4,58.3,True,Weather-Correlated Engine
2025-10-01,Los Angeles,0.5081,5,50.3,True,Weather-Correlated Engine
2025-10-02,Shanghai,0.6051,6,59.9,True,Weather-Correlated Engine
2025-10-02,Singapore,0.5822,5,57.6,True,Weather-Correlated Engine
2025-10-02,Rotterdam,0.5734,6,56.8,True,Weather-Correlated Engine
2025-10-02,Los Angeles,0.5254,4,52.0,True,Weather-Correlated Engine
2025-10-03,Shanghai,0.6162,6,61.0,True,Weather-Correlated Engine
2025-10-03,Singapore,0.5725,6,56.7,True,Weather-Correlated Engine
2025-10-03,Rotterdam,0.5654,4,56.0,True,Weather-Correlated Engine
2025-10-03,Los Angeles,0.5268,5,52.2,True,Weather-Correlated Engine
2025-10-04,Shanghai,0.6194,7,61.3,True,Weather-Correlated Engine
2025-10-04,Singapore,0.5759,5,57.0,True,Weather-Correlated Engine
2025-10-04,Rotterdam,0.589,4,58.3,True,Weather-Correlated Engine
2025-10-04,Los Angeles,0.5092,6,50.4,True,Weather-Correlated Engine
2025-10-05,Shanghai,0.6482,6,64.2,True,Weather-Correlated Engine
2025-10-05,Singapore,0.589,6,58.3,True,Weather-Correlated Engine
2025-10-05,Rotterdam,0.5504,5,54.5,True,Weather-Correlated Engine
2025-10-05,Los Angeles,0.4807,4,47.6,True,Weather-Correlated Engine
2025-10-06,Shanghai,0.6499,6,64.3,True,Weather-Correlated Engine
2025-10-06,Singapore,0.581,4,57.5,True,Weather-Correlated Engine
2025-10-06,Rotterdam,0.5752,6,56.9,True,Weather-Correlated Engine
2025-10-06,Los Angeles,0.4919,5,48.7,True,Weather-Correlated Engine
2025-10-07,Shanghai,0.6125,6,60.6,True,Weather-Correlated Engine
2025-10-07,Singapore,0.5991,5,59.3,True,Weather-Correlated Engine
2025-10-07,Rotterdam,0.5512,5,54.6,True,Weather-Correlated Engine
2025-10-07,Los Angeles,0.4839,5,47.9,True,Weather-Correlated Engine
2025-10-08,Shanghai,0.6219,7,61.6,True,Weather-Correlated Engine
2025-10-08,Singapore,0.586,6,58.0,True,Weather-Correlated Engine
2025-10-08,Rotterdam,0.5401,5,53.5,True,Weather-Correlated Engine
2025-10-08,Los Angeles,0.5142,5,50.9,True,Weather-Correlated Engine
2025-10-09,Shanghai,0.6472,6,64.1,True,Weather-Correlated Engine
2025-10-09,Singapore,0.6165,7,61.0,True,Weather-Correlated Engine
2025-10-09,Rotterdam,0.5603,6,55.5,True,Weather-Correlated Engine
2025-10-09,Los Angeles,0.5093,5,50.4,True,Weather-Correlated Engine
2025-10-10,Shanghai,0.6002,5,59.4,True,Weather-Correlated Engine
2025-10-10,Singapore,0.613,7,60.7,True,Weather-Correlated Engine
2025-10-10,Rotterdam,0.5676,4,56.2,True,Weather-Correlated Engine
2025-10-10,Los Angeles,0.4854,3,48.1,True,Weather-Correlated Engine
2025-10-11,Shanghai,0.6304,6,62.4,True,Weather-Correlated Engine
2025-10-11,Singapore,0.5856,4,58.0,True,Weather-Correlated Engine
2025-10-11,Rotterdam,0.5709,5,56.5,True,Weather-Correlated Engine
2025-10-11,Los Angeles,0.502,4,49.7,True,Weather-Correlated Engine
2025-10-12,Shanghai,0.6039,4,59.8,True,Weather-Correlated Engine
2025-10-12,Singapore,0.6044,4,59.8,True,Weather-Correlated Engine
2025-10-12,Rotterdam,0.5681,6,56.2,True,Weather-Correlated Engine
2025-10-12,Los Angeles,0.492,3,48.7,True,Weather-Correlated Engine
2025-10-13,Shanghai,0.6459,6,63.9,True,Weather-Correlated Engine
2025-10-13,Singapore,0.6112,5,60.5,True,Weather-Correlated Engine
2025-10-13,Rotterdam,0.5535,5,54.8,True,Weather-Correlated Engine
2025-10-13,Los Angeles,0.527,5,52.2,True,Weather-Correlated Engine
2025-10-14,Shanghai,0.6142,5,60.8,True,Weather-Correlated Engine
2025-10-14,Singapore,0.6095,7,60.3,True,Weather-Correlated Engine
2025-10-14,Rotterdam,0.5547,6,54.9,True,Weather-Correlated Engine
2025-10-14,Los Angeles,0.5175,6,51.2,True,Weather-Correlated Engine
2025-10-15,Shanghai,0.6358,7,62.9,True,Weather-Correlated Engine
2025-10-15,Singapore,0.5912,6,58.5,True,Weather-Correlated Engine
2025-10-15,Rotterdam,0.5823,5,57.6,True,Weather-Correlated Engine
2025-10-15,Los Angeles,0.5153,5,51.0,True,Weather-Correlated Engine
2025-10-16,Shanghai,0.6475,5,64.1,True,Weather-Correlated Engine
2025-10-16,Singapore,0.6104,5,60.4,True,Weather-Correlated Engine
2025-10-16,Rotterdam,0.5518,5,54.6,True,Weather-Correlated Engine
2025-10-16,Los Angeles,0.5203,5,51.5,True,Weather-Correlated Engine
2025-10-17,Shanghai,0.6028,6,59.7,True,Weather-Correlated Engine
2025-10-17,Singapore,0.5867,5,58.1,True,Weather-Correlated Engine
2025-10-17,Rotterdam,0.543,6,53.8,True,Weather-Correlated Engine
2025-10-17,Los Angeles,0.4988,5,49.4,True,Weather-Correlated Engine
2025-10-18,Shanghai,0.6242,6,61.8,True,Weather-Correlated Engine
2025-10-18,Singapore,0.5989,5,59.3,True,Weather-Correlated Engine
2025-10-18,Rotterdam,0.5675,6,56.2,True,Weather-Correlated Engine
2025-10-18,Los Angeles,0.4959,3,49.1,True,Weather-Correlated Engine
2025-10-19,Shanghai,0.6368,5,63.0,True,Weather-Correlated Engine
2025-10-19,Singapore,0.6047,4,59.9,True,Weather-Correlated Engine
2025-10-19,Rotterdam,0.5507,5,54.5,True,Weather-Correlated Engine
2025-10-19,Los Angeles,0.5064,4,50.1,True,Weather-Correlated Engine
2025-10-20,Shanghai,0.632,7,62.6,True,Weather-Correlated Engine
2025-10-20,Singapore,0.5932,6,58.7,True,Weather-Correlated Engine
2025-10-20,Rotterdam,0.5589,5,55.3,True,Weather-Correlated Engine
2025-10-20,Los Angeles,0.5259,6,52.1,True,Weather-Correlated Engine
2025-10-21,Shanghai,0.627,5,62.1,True,Weather-Correlated Engine
2025-10-21,Singapore,0.5757,4,57.0,True,Weather-Correlated Engine
2025-10-21,Rotterdam,0.5431,6,53.8,True,Weather-Correlated Engine
2025-10-21,Los Angeles,0.5268,6,52.2,True,Weather-Correlated Engine
2025-10-22,Shanghai,0.6438,7,63.7,True,Weather-Correlated Engine
2025-10-22,Singapore,0.6051,5,59.9,True,Weather-Correlated Engine
2025-10-22,Rotterdam,0.5881,4,58.2,True,Weather-Correlated Engine
2025-10-22,Los Angeles,0.4991,3,49.4,True,Weather-Correlated Engine
2025-10-23,Shanghai,0.6303,6,62.4,True,Weather-Correlated Engine
2025-10-23,Singapore,0.59,5,58.4,True,Weather-Correlated Engine
2025-10-23,Rotterdam,0.5782,5,57.2,True,Weather-Correlated Engine
2025-10-23,Los Angeles,0.4864,3,48.2,True,Weather-Correlated Engine
2025-10-24,Shanghai,0.6491,5,64.3,True,Weather-Correlated Engine
2025-10-24,Singapore,0.6191,6,61.3,True,Weather-Correlated Engine
2025-10-24,Rotterdam,0.5756,6,57.0,True,Weather-Correlated Engine
2025-10-24,Los Angeles,0.4982,3,49.3,True,Weather-Correlated Engine
2025-10-25,Shanghai,0.6493,6,64.3,True,Weather-Correlated Engine
2025-10-25,Singapore,0.5808,4,57.5,True,Weather-Correlated Engine
2025-10-25,Rotterdam,0.582,4,57.6,True,Weather-Correlated Engine
2025-10-25,Los Angeles,0.4864,5,48.2,True,Weather-Correlated Engine
2025-10-26,Shanghai,0.6294,5,62.3,True,Weather-Correlated Engine
2025-10-26,Singapore,0.6074,7,60.1,True,Weather-Correlated Engine
2025-10-26,Rotterdam,0.5876,6,58.2,True,Weather-Correlated Engine
2025-10-26,Los Angeles,0.4992,5,49.4,True,Weather-Correlated Engine
2025-10-27,Shanghai,0.6116,6,60.5,True,Weather-Correlated Engine
2025-10-27,Singapore,0.6038,6,59.8,True,Weather-Correlated Engine
2025-10-27,Rotterdam,0.5455,5,54.0,True,Weather-Correlated Engine
2025-10-27,Los Angeles,0.4887,3,48.4,True,Weather-Correlated Engine
2025-10-28,Shanghai,0.6446,6,63.8,True,Weather-Correlated Engine
2025-10-28,Singapore,0.5827,4,57.7,True,Weather-Correlated Engine
2025-10-28,Rotterdam,0.5617,6,55.6,True,Weather-Correlated Engine
2025-10-28,Los Angeles,0.5182,6,51.3,True,Weather-Correlated Engine
2025-10-29,Shanghai,0.6419,7,63.5,True,Weather-Correlated Engine
2025-10-29,Singapore,0.5954,4,58.9,True,Weather-Correlated Engine
2025-10-29,Rotterdam,0.5804,4,57.5,True,Weather-Correlated Engine
2025-10-29,Los Angeles,0.5129,5,50.8,True,Weather-Correlated Engine
2025-10-30,Shanghai,0.6434,6,63.7,True,Weather-Correlated Engine
2025-10-30,Singapore,0.5971,6,59.1,True,Weather-Correlated Engine
2025-10-30,Rotterdam,0.5603,4,55.5,True,Weather-Correlated Engine
2025-10-30,Los Angeles,0.4979,4,49.3,True,Weather-Correlated Engine
2025-10-31,Shanghai,0.6242,5,61.8,True,Weather-Correlated Engine
2025-10-31,Singapore,0.5914,4,58.6,True,Weather-Correlated Engine
2025-10-31,Rotterdam,0.5769,5,57.1,True,Weather-Correlated Engine
2025-10-31,Los Angeles,0.4914,5,48.7,True,Weather-Correlated Engine
2025-11-01,Shanghai,0.6369,7,63.1,True,Weather-Correlated Engine
2025-11-01,Singapore,0.6169,6,61.1,True,Weather-Correlated Engine
2025-11-01,Rotterdam,0.5593,4,55.4,True,Weather-Correlated Engine
2025-11-01,Los Angeles,0.4863,4,48.1,True,Weather-Correlated Engine
2025-11-02,Shanghai,0.6246,6,61.8,True,Weather-Correlated Engine
2025-11-02,Singapore,0.6061,7,60.0,True,Weather-Correlated Engine
2025-11-02,Rotterdam,0.5491,5,54.4,True,Weather-Correlated Engine
2025-11-02,Los Angeles,0.5034,4,49.8,True,Weather-Correlated Engine
2025-11-03,Shanghai,0.6044,5,59.8,True,Weather-Correlated Engine
2025-11-03,Singapore,0.573,5,56.7,True,Weather-Correlated Engine
2025-11-03,Rotterdam,0.5465,6,54.1,True,Weather-Correlated Engine
2025-11-03,Los Angeles,0.4981,3,49.3,True,Weather-Correlated Engine
2025-11-04,Shanghai,0.626,6,62.0,True,Weather-Correlated Engine
2025-11-04,Singapore,0.5702,6,56.4,True,Weather-Correlated Engine
2025-11-04,Rotterdam,0.5466,4,54.1,True,Weather-Correlated Engine
2025-11-04,Los Angeles,0.5012,4,49.6,True,Weather-Correlated Engine
2025-11-05,Shanghai,0.6445,7,63.8,True,Weather-Correlated Engine
2025-11-05,Singapore,0.5977,4,59.2,True,Weather-Correlated Engine
2025-11-05,Rotterdam,0.5561,6,55.1,True,Weather-Correlated Engine
2025-11-05,Los Angeles,0.5235,4,51.8,True,Weather-Correlated Engine
2025-11-06,Shanghai,0.6489,6,64.2,True,Weather-Correlated Engine
2025-11-06,Singapore,0.6167,5,61.1,True,Weather-Correlated Engine
2025-11-06,Rotterdam,0.5545,5,54.9,True,Weather-Correlated Engine
2025-11-06,Los Angeles,0.5121,5,50.7,True,Weather-Correlated Engine
2025-11-07,Shanghai,0.644,5,63.8,True,Weather-Correlated Engine
2025-11-07,Singapore,0.6145,7,60.8,True,Weather-Correlated Engine
2025-11-07,Rotterdam,0.5569,5,55.1,True,Weather-Correlated Engine
2025-11-07,Los Angeles,0.4915,5,48.7,True,Weather-Correlated Engine
2025-11-08,Shanghai,0.6291,5,62.3,True,Weather-Correlated Engine
2025-11-08,Singapore,0.6021,5,59.6,True,Weather-Correlated Engine
2025-11-08,Rotterdam,0.5891,5,58.3,True,Weather-Correlated Engine
2025-11-08,Los Angeles,0.5179,4,51.3,True,Weather-Correlated Engine
2025-11-09,Shanghai,0.6091,6,60.3,True,Weather-Correlated Engine
2025-11-09,Singapore,0.5752,5,56.9,True,Weather-Correlated Engine
2025-11-09,Rotterdam,0.5538,6,54.8,True,Weather-Correlated Engine
2025-11-09,Los Angeles,0.5186,6,51.3,True,Weather-Correlated Engine
2025-11-10,Shanghai,0.6301,6,62.4,True,Weather-Correlated Engine
2025-11-10,Singapore,0.5813,6,57.5,True,Weather-Correlated Engine
2025-11-10,Rotterdam,0.5798,6,57.4,True,Weather-Correlated Engine
2025-11-10,Los Angeles,0.5252,4,52.0,True,Weather-Correlated Engine
2025-11-11,Shanghai,0.6068,7,60.1,True,Weather-Correlated Engine
2025-11-11,Singapore,0.5761,6,57.0,True,Weather-Correlated Engine
2025-11-11,Rotterdam,0.5463,6,54.1,True,Weather-Correlated Engine
2025-11-11,Los Angeles,0.4953,3,49.0,True,Weather-Correlated Engine
2025-11-12,Shanghai,0.6269,6,62.1,True,Weather-Correlated Engine
2025-11-12,Singapore,0.5725,5,56.7,True,Weather-Correlated Engine
2025-11-12,Rotterdam,0.5458,5,54.0,True,Weather-Correlated Engine
2025-11-12,Los Angeles,0.4883,4,48.3,True,Weather-Correlated Engine
2025-11-13,Shanghai,0.6265,5,62.0,True,Weather-Correlated Engine
2025-11-13,Singapore,0.6014,4,59.5,True,Weather-Correlated Engine
2025-11-13,Rotterdam,0.5655,6,56.0,True,Weather-Correlated Engine
2025-11-13,Los Angeles,0.4811,5,47.6,True,Weather-Correlated Engine
2025-11-14,Shanghai,0.6101,7,60.4,True,Weather-Correlated Engine
2025-11-14,Singapore,0.6003,5,59.4,True,Weather-Correlated Engine
2025-11-14,Rotterdam,0.562,4,55.6,True,Weather-Correlated Engine
2025-11-14,Los Angeles,0.5272,5,52.2,True,Weather-Correlated Engine
2025-11-15,Shanghai,0.6116,6,60.5,True,Weather-Correlated Engine
2025-11-15,Singapore,0.6187,6,61.3,True,Weather-Correlated Engine
2025-11-15,Rotterdam,0.5526,5,54.7,True,Weather-Correlated Engine
2025-11-15,Los Angeles,0.5283,5,52.3,True,Weather-Correlated Engine
2025-11-16,Shanghai,0.6311,6,62.5,True,Weather-Correlated Engine
2025-11-16,Singapore,0.6088,5,60.3,True,Weather-Correlated Engine
2025-11-16,Rotterdam,0.5557,6,55.0,True,Weather-Correlated Engine
2025-11-16,Los Angeles,0.5024,4,49.7,True,Weather-Correlated Engine
2025-11-17,Shanghai,0.6285,6,62.2,True,Weather-Correlated Engine
2025-11-17,Singapore,0.5802,6,57.4,True,Weather-Correlated Engine
2025-11-17,Rotterdam,0.5625,4,55.7,True,Weather-Correlated Engine
2025-11-17,Los Angeles,0.512,5,50.7,True,Weather-Correlated Engine
2025-11-18,Shanghai,0.638,5,63.2,True,Weather-Correlated Engine
2025-11-18,Singapore,0.5784,5,57.3,True,Weather-Correlated Engine
2025-11-18,Rotterdam,0.5408,6,53.5,True,Weather-Correlated Engine
2025-11-18,Los Angeles,0.5182,5,51.3,True,Weather-Correlated Engine
2025-11-19,Shanghai,0.6468,7,64.0,True,Weather-Correlated Engine
2025-11-19,Singapore,0.5942,6,58.8,True,Weather-Correlated Engine
2025-11-19,Rotterdam,0.5676,6,56.2,True,Weather-Correlated Engine
2025-11-19,Los Angeles,0.5278,4,52.3,True,Weather-Correlated Engine
2025-11-20,Shanghai,0.6219,6,61.6,True,Weather-Correlated Engine
2025-11-20,Singapore,0.6018,4,59.6,True,Weather-Correlated Engine
2025-11-20,Rotterdam,0.5453,4,54.0,True,Weather-Correlated Engine
2025-11-20,Los Angeles,0.529,4,52.4,True,Weather-Correlated Engine
2025-11-21,Shanghai,0.63,7,62.4,True,Weather-Correlated Engine
2025-11-21,Singapore,0.6175,6,61.1,True,Weather-Correlated Engine
2025-11-21,Rotterdam,0.5748,5,56.9,True,Weather-Correlated Engine
2025-11-21,Los Angeles,0.5179,5,51.3,True,Weather-Correlated Engine
2025-11-22,Shanghai,0.6028,4,59.7,True,Weather-Correlated Engine
2025-11-22,Singapore,0.6181,7,61.2,True,Weather-Correlated Engine
2025-11-22,Rotterdam,0.5669,4,56.1,True,Weather-Correlated Engine
2025-11-22,Los Angeles,0.5201,4,51.5,True,Weather-Correlated Engine
2025-11-23,Shanghai,0.6284,7,62.2,True,Weather-Correlated Engine
2025-11-23,Singapore,0.5877,6,58.2,True,Weather-Correlated Engine
2025-11-23,Rotterdam,0.5516,6,54.6,True,Weather-Correlated Engine
2025-11-23,Los Angeles,0.5245,4,51.9,True,Weather-Correlated Engine
2025-11-24,Shanghai,0.6333,6,62.7,True,Weather-Correlated Engine
2025-11-24,Singapore,0.5807,4,57.5,True,Weather-Correlated Engine
2025-11-24,Rotterdam,0.5643,5,55.9,True,Weather-Correlated Engine
2025-11-24,Los Angeles,0.5179,4,51.3,True,Weather-Correlated Engine
2025-11-25,Shanghai,0.6484,6,64.2,True,Weather-Correlated Engine
2025-11-25,Singapore,0.6103,7,60.4,True,Weather-Correlated Engine
2025-11-25,Rotterdam,0.5686,6,56.3,True,Weather-Correlated Engine
2025-11-25,Los Angeles,0.4901,4,48.5,True,Weather-Correlated Engine
2025-11-26,Shanghai,0.6294,5,62.3,True,Weather-Correlated Engine
2025-11-26,Singapore,0.5885,4,58.3,True,Weather-Correlated Engine
2025-11-26,Rotterdam,0.547,5,54.2,True,Weather-Correlated Engine
2025-11-26,Los Angeles,0.5215,6,51.6,True,Weather-Correlated Engine
2025-11-27,Shanghai,0.6366,6,63.0,True,Weather-Correlated Engine
2025-11-27,Singapore,0.6012,4,59.5,True,Weather-Correlated Engine
2025-11-27,Rotterdam,0.5658,6,56.0,True,Weather-Correlated Engine
2025-11-27,Los Angeles,0.5062,4,50.1,True,Weather-Correlated Engine
2025-11-28,Shanghai,0.6053,5,59.9,True,Weather-Correlated Engine
2025-11-28,Singapore,0.5961,4,59.0,True,Weather-Correlated Engine
2025-11-28,Rotterdam,0.5402,5,53.5,True,Weather-Correlated Engine
2025-11-28,Los Angeles,0.4908,5,48.6,True,Weather-Correlated Engine
2025-11-29,Shanghai,0.6399,5,63.4,True,Weather-Correlated Engine
2025-11-29,Singapore,0.5821,4,57.6,True,Weather-Correlated Engine
2025-11-29,Rotterdam,0.5568,5,55.1,True,Weather-Correlated Engine
2025-11-29,Los Angeles,0.4925,3,48.8,True,Weather-Correlated Engine
2025-11-30,Shanghai,0.6049,5,59.9,True,Weather-Correlated Engine
2025-11-30,Singapore,0.576,6,57.0,True,Weather-Correlated Engine
2025-11-30,Rotterdam,0.5821,4,57.6,True,Weather-Correlated Engine
2025-11-30,Los Angeles,0.5209,6,51.6,True,Weather-Correlated Engine
2025-12-01,Shanghai,0.6324,6,62.6,True,Weather-Correlated Engine
2025-12-01,Singapore,0.5919,6,58.6,True,Weather-Correlated Engine
2025-12-01,Rotterdam,0.5581,4,55.3,True,Weather-Correlated Engine
2025-12-01,Los Angeles,0.4929,3,48.8,True,Weather-Correlated Engine
2025-12-02,Shanghai,0.6052,6,59.9,True,Weather-Correlated Engine
2025-12-02,Singapore,0.6087,5,60.3,True,Weather-Correlated Engine
2025-12-02,Rotterdam,0.5564,4,55.1,True,Weather-Correlated Engine
2025-12-02,Los Angeles,0.4976,4,49.3,True,Weather-Correlated Engine
2025-12-03,Shanghai,0.6373,6,63.1,True,Weather-Correlated Engine
2025-12-03,Singapore,0.5799,6,57.4,True,Weather-Correlated Engine
2025-12-03,Rotterdam,0.5692,5,56.3,True,Weather-Correlated Engine
2025-12-03,Los Angeles,0.5107,5,50.6,True,Weather-Correlated Engine
2025-12-04,Shanghai,0.6277,5,62.1,True,Weather-Correlated Engine
2025-12-04,Singapore,0.5936,4,58.8,True,Weather-Correlated Engine
2025-12-04,Rotterdam,0.5854,4,58.0,True,Weather-Correlated Engine
2025-12-04,Los Angeles,0.5,4,49.5,True,Weather-Correlated Engine
2025-12-05,Shanghai,0.6277,7,62.1,True,Weather-Correlated Engine
2025-12-05,Singapore,0.6069,6,60.1,True,Weather-Correlated Engine
2025-12-05,Rotterdam,0.5706,5,56.5,True,Weather-Correlated Engine
2025-12-05,Los Angeles,0.4854,5,48.1,True,Weather-Correlated Engine
2025-12-06,Shanghai,0.6234,6,61.7,True,Weather-Correlated Engine
2025-12-06,Singapore,0.618,5,61.2,True,Weather-Correlated Engine
2025-12-06,Rotterdam,0.5647,6,55.9,True,Weather-Correlated Engine
2025-12-06,Los Angeles,0.5238,5,51.9,True,Weather-Correlated Engine
2025-12-07,Shanghai,0.6465,5,64.0,True,Weather-Correlated Engine
2025-12-07,Singapore,0.5992,5,59.3,True,Weather-Correlated Engine
2025-12-07,Rotterdam,0.5778,6,57.2,True,Weather-Correlated Engine
2025-12-07,Los Angeles,0.4851,5,48.0,True,Weather-Correlated Engine
2025-12-08,Shanghai,0.6223,5,61.6,True,Weather-Correlated Engine
2025-12-08,Singapore,0.5787,5,57.3,True,Weather-Correlated Engine
2025-12-08,Rotterdam,0.5528,6,54.7,True,Weather-Correlated Engine
2025-12-08,Los Angeles,0.4988,3,49.4,True,Weather-Correlated Engine
2025-12-09,Shanghai,0.609,5,60.3,True,Weather-Correlated Engine
2025-12-09,Singapore,0.5935,4,58.8,True,Weather-Correlated Engine
2025-12-09,Rotterdam,0.5774,5,57.2,True,Weather-Correlated Engine
2025-12-09,Los Angeles,0.5287,5,52.3,True,Weather-Correlated Engine
2025-12-10,Shanghai,0.6318,6,62.6,True,Weather-Correlated Engine
2025-12-10,Singapore,0.6175,7,61.1,True,Weather-Correlated Engine
2025-12-10,Rotterdam,0.5565,6,55.1,True,Weather-Correlated Engine
2025-12-10,Los Angeles,0.4891,3,48.4,True,Weather-Correlated Engine
2025-12-11,Shanghai,0.615,6,60.9,True,Weather-Correlated Engine
2025-12-11,Singapore,0.594,5,58.8,True,Weather-Correlated Engine
2025-12-11,Rotterdam,0.5878,5,58.2,True,Weather-Correlated Engine
2025-12-11,Los Angeles,0.5219,6,51.7,True,Weather-Correlated Engine
2025-12-12,Shanghai,0.6172,7,61.1,True,Weather-Correlated Engine
2025-12-12,Singapore,0.5973,6,59.1,True,Weather-Correlated Engine
2025-12-12,Rotterdam,0.5463,5,54.1,True,Weather-Correlated Engine
2025-12-12,Los Angeles,0.4967,3,49.2,True,Weather-Correlated Engine
2025-12-13,Shanghai,0.6495,5,64.3,True,Weather-Correlated Engine
2025-12-13,Singapore,0.5928,6,58.7,True,Weather-Correlated Engine
2025-12-13,Rotterdam,0.571,6,56.5,True,Weather-Correlated Engine
2025-12-13,Los Angeles,0.5017,5,49.7,True,Weather-Correlated Engine
2025-12-14,Shanghai,0.6138,6,60.8,True,Weather-Correlated Engine
2025-12-14,Singapore,0.6062,5,60.0,True,Weather-Correlated Engine
2025-12-14,Rotterdam,0.5675,4,56.2,True,Weather-Correlated Engine
2025-12-14,Los Angeles,0.4893,5,48.4,True,Weather-Correlated Engine
2025-12-15,Shanghai,0.6268,7,62.0,True,Weather-Correlated Engine
2025-12-15,Singapore,0.6009,4,59.5,True,Weather-Correlated Engine
2025-12-15,Rotterdam,0.5662,5,56.1,True,Weather-Correlated Engine
2025-12-15,Los Angeles,0.5228,6,51.8,True,Weather-Correlated Engine
2025-12-16,Shanghai,0.6202,6,61.4,True,Weather-Correlated Engine
2025-12-16,Singapore,0.5921,6,58.6,True,Weather-Correlated Engine
2025-12-16,Rotterdam,0.5709,6,56.5,True,Weather-Correlated Engine
2025-12-16,Los Angeles,0.4853,4,48.0,True,Weather-Correlated Engine
2025-12-17,Shanghai,0.6145,5,60.8,True,Weather-Correlated Engine
2025-12-17,Singapore,0.6173,6,61.1,True,Weather-Correlated Engine
2025-12-17,Rotterdam,0.5695,4,56.4,True,Weather-Correlated Engine
2025-12-17,Los Angeles,0.5193,6,51.4,True,Weather-Correlated Engine
2025-12-18,Shanghai,0.6306,6,62.4,True,Weather-Correlated Engine
2025-12-18,Singapore,0.5709,4,56.5,True,Weather-Correlated Engine
2025-12-18,Rotterdam,0.5821,5,57.6,True,Weather-Correlated Engine
2025-12-18,Los Angeles,0.5195,4,51.4,True,Weather-Correlated Engine
2025-12-19,Shanghai,0.631,7,62.5,True,Weather-Correlated Engine
2025-12-19,Singapore,0.5703,4,56.5,True,Weather-Correlated Engine
2025-12-19,Rotterdam,0.5868,5,58.1,True,Weather-Correlated Engine
2025-12-19,Los Angeles,0.4828,3,47.8,True,Weather-Correlated Engine
2025-12-20,Shanghai,0.6464,5,64.0,True,Weather-Correlated Engine
2025-12-20,Singapore,0.5734,6,56.8,True,Weather-Correlated Engine
2025-12-20,Rotterdam,0.5768,6,57.1,True,Weather-Correlated Engine
2025-12-20,Los Angeles,0.5062,5,50.1,True,Weather-Correlated Engine
2025-12-21,Shanghai,0.6471,5,64.1,True,Weather-Correlated Engine
2025-12-21,Singapore,0.6138,6,60.8,True,Weather-Correlated Engine
2025-12-21,Rotterdam,0.5504,4,54.5,True,Weather-Correlated Engine
2025-12-21,Los Angeles,0.5155,4,51.0,True,Weather-Correlated Engine
2025-12-22,Shanghai,0.6141,7,60.8,True,Weather-Correlated Engine
2025-12-22,Singapore,0.5836,6,57.8,True,Weather-Correlated Engine
2025-12-22,Rotterdam,0.5802,4,57.4,True,Weather-Correlated Engine
2025-12-22,Los Angeles,0.5242,5,51.9,True,Weather-Correlated Engine
2025-12-23,Shanghai,0.6289,6,62.3,True,Weather-Correlated Engine
2025-12-23,Singapore,0.5791,4,57.3,True,Weather-Correlated Engine
2025-12-23,Rotterdam,0.5602,6,55.5,True,Weather-Correlated Engine
2025-12-23,Los Angeles,0.5159,6,51.1,True,Weather-Correlated Engine
2025-12-24,Shanghai,0.6049,5,59.9,True,Weather-Correlated Engine
2025-12-24,Singapore,0.6132,6,60.7,True,Weather-Correlated Engine
2025-12-24,Rotterdam,0.5754,4,57.0,True,Weather-Correlated Engine
2025-12-24,Los Angeles,0.5289,5,52.4,True,Weather-Correlated Engine
2025-12-25,Shanghai,0.6369,7,63.0,True,Weather-Correlated Engine
2025-12-25,Singapore,0.5955,6,59.0,True,Weather-Correlated Engine
2025-12-25,Rotterdam,0.5862,4,58.0,True,Weather-Correlated Engine
2025-12-25,Los Angeles,0.4877,4,48.3,True,Weather-Correlated Engine
2025-12-26,Shanghai,0.6367,5,63.0,True,Weather-Correlated Engine
2025-12-26,Singapore,0.5877,6,58.2,True,Weather-Correlated Engine
2025-12-26,Rotterdam,0.5895,4,58.4,True,Weather-Correlated Engine
2025-12-26,Los Angeles,0.5228,6,51.8,True,Weather-Correlated Engine
2025-12-27,Shanghai,0.6385,6,63.2,True,Weather-Correlated Engine
2025-12-27,Singapore,0.6029,6,59.7,True,Weather-Correlated Engine
2025-12-27,Rotterdam,0.5552,5,55.0,True,Weather-Correlated Engine
2025-12-27,Los Angeles,0.5006,4,49.6,True,Weather-Correlated Engine
2025-12-28,Shanghai,0.6213,7,61.5,True,Weather-Correlated Engine
2025-12-28,Singapore,0.6184,7,61.2,True,Weather-Correlated Engine
2025-12-28,Rotterdam,0.559,5,55.3,True,Weather-Correlated Engine
2025-12-28,Los Angeles,0.4819,5,47.7,True,Weather-Correlated Engine
2025-12-29,Shanghai,0.6403,7,63.4,True,Weather-Correlated Engine
2025-12-29,Singapore,0.6197,6,61.3,True,Weather-Correlated Engine
2025-12-29,Rotterdam,0.5663,5,56.1,True,Weather-Correlated Engine
2025-12-29,Los Angeles,0.527,6,52.2,True,Weather-Correlated Engine
2025-12-30,Shanghai,0.6471,6,64.1,True,Weather-Correlated Engine
2025-12-30,Singapore,0.6093,5,60.3,True,Weather-Correlated Engine
2025-12-30,Rotterdam,0.5624,5,55.7,True,Weather-Correlated Engine
2025-12-30,Los Angeles,0.4964,4,49.1,True,Weather-Correlated Engine
2025-12-31,Shanghai,0.6028,6,59.7,True,Weather-Correlated Engine
2025-12-31,Singapore,0.5797,6,57.4,True,Weather-Correlated Engine
2025-12-31,Rotterdam,0.5824,6,57.7,True,Weather-Correlated Engine
2025-12-31,Los Angeles,0.5062,5,50.1,True,Weather-Correlated Engine
2026-01-01,Shanghai,0.616,5,61.0,True,Weather-Correlated Engine
2026-01-01,Singapore,0.6106,6,60.4,True,Weather-Correlated Engine
2026-01-01,Rotterdam,0.5651,5,55.9,True,Weather-Correlated Engine
2026-01-01,Los Angeles,0.4823,3,47.7,True,Weather-Correlated Engine
2026-01-02,Shanghai,0.6243,7,61.8,True,Weather-Correlated Engine
2026-01-02,Singapore,0.6005,6,59.5,True,Weather-Correlated Engine
2026-01-02,Rotterdam,0.5462,5,54.1,True,Weather-Correlated Engine
2026-01-02,Los Angeles,0.4824,5,47.8,True,Weather-Correlated Engine
2026-01-03,Shanghai,0.6185,6,61.2,True,Weather-Correlated Engine
2026-01-03,Singapore,0.5712,6,56.5,True,Weather-Correlated Engine
2026-01-03,Rotterdam,0.5816,6,57.6,True,Weather-Correlated Engine
2026-01-03,Los Angeles,0.5069,5,50.2,True,Weather-Correlated Engine
2026-01-04,Shanghai,0.6362,7,63.0,True,Weather-Correlated Engine
2026-01-04,Singapore,0.5997,6,59.4,True,Weather-Correlated Engine
2026-01-04,Rotterdam,0.5849,6,57.9,True,Weather-Correlated Engine
2026-01-04,Los Angeles,0.4942,3,48.9,True,Weather-Correlated Engine
2026-01-05,Shanghai,0.6148,5,60.9,True,Weather-Correlated Engine
2026-01-05,Singapore,0.5795,6,57.4,True,Weather-Correlated Engine
2026-01-05,Rotterdam,0.5686,5,56.3,True,Weather-Correlated Engine
2026-01-05,Los Angeles,0.499,4,49.4,True,Weather-Correlated Engine
2026-01-06,Shanghai,0.6418,5,63.5,True,Weather-Correlated Engine
2026-01-06,Singapore,0.5859,4,58.0,True,Weather-Correlated Engine
2026-01-06,Rotterdam,0.5814,6,57.6,True,Weather-Correlated Engine
2026-01-06,Los Angeles,0.482,5,47.7,True,Weather-Correlated Engine
2026-01-07,Shanghai,0.6448,7,63.8,True,Weather-Correlated Engine
2026-01-07,Singapore,0.6184,5,61.2,True,Weather-Correlated Engine
2026-01-07,Rotterdam,0.5801,5,57.4,True,Weather-Correlated Engine
2026-01-07,Los Angeles,0.4851,5,48.0,True,Weather-Correlated Engine
2026-01-08,Shanghai,0.628,5,62.2,True,Weather-Correlated Engine
2026-01-08,Singapore,0.5878,6,58.2,True,Weather-Correlated Engine
2026-01-08,Rotterdam,0.5642,5,55.9,True,Weather-Correlated Engine
2026-01-08,Los Angeles,0.5172,4,51.2,True,Weather-Correlated Engine
2026-01-09,Shanghai,0.6046,6,59.9,True,Weather-Correlated Engine
2026-01-09,Singapore,0.5918,6,58.6,True,Weather-Correlated Engine
2026-01-09,Rotterdam,0.5406,4,53.5,True,Weather-Correlated Engine
2026-01-09,Los Angeles,0.5223,5,51.7,True,Weather-Correlated Engine
2026-01-10,Shanghai,0.6384,5,63.2,True,Weather-Correlated Engine
2026-01-10,Singapore,0.6105,7,60.4,True,Weather-Correlated Engine
2026-01-10,Rotterdam,0.5716,6,56.6,True,Weather-Correlated Engine
2026-01-10,Los Angeles,0.491,3,48.6,True,Weather-Correlated Engine
2026-01-11,Shanghai,0.6244,7,61.8,True,Weather-Correlated Engine
2026-01-11,Singapore,0.5823,5,57.6,True,Weather-Correlated Engine
2026-01-11,Rotterdam,0.5502,6,54.5,True,Weather-Correlated Engine
2026-01-11,Los Angeles,0.5066,5,50.2,True,Weather-Correlated Engine
2026-01-12,Shanghai,0.6437,6,63.7,True,Weather-Correlated Engine
2026-01-12,Singapore,0.6007,5,59.5,True,Weather-Correlated Engine
2026-01-12,Rotterdam,0.5689,6,56.3,True,Weather-Correlated Engine
2026-01-12,Los Angeles,0.5114,4,50.6,True,Weather-Correlated Engine
2026-01-13,Shanghai,0.6019,5,59.6,True,Weather-Correlated Engine
2026-01-13,Singapore,0.6056,6,60.0,True,Weather-Correlated Engine
2026-01-13,Rotterdam,0.5716,4,56.6,True,Weather-Correlated Engine
2026-01-13,Los Angeles,0.505,5,50.0,True,Weather-Correlated Engine
2026-01-14,Shanghai,0.6304,7,62.4,True,Weather-Correlated Engine
2026-01-14,Singapore,0.6093,6,60.3,True,Weather-Correlated Engine
2026-01-14,Rotterdam,0.5639,5,55.8,True,Weather-Correlated Engine
2026-01-14,Los Angeles,0.4979,4,49.3,True,Weather-Correlated Engine
2026-01-15,Shanghai,0.633,7,62.7,True,Weather-Correlated Engine
2026-01-15,Singapore,0.5795,6,57.4,True,Weather-Correlated Engine
2026-01-15,Rotterdam,0.5456,4,54.0,True,Weather-Correlated Engine
2026-01-15,Los Angeles,0.4972,4,49.2,True,Weather-Correlated Engine
2026-01-16,Shanghai,0.6469,5,64.0,True,Weather-Correlated Engine
2026-01-16,Singapore,0.5883,5,58.2,True,Weather-Correlated Engine
2026-01-16,Rotterdam,0.5711,5,56.5,True,Weather-Correlated Engine
2026-01-16,Los Angeles,0.5146,6,50.9,True,Weather-Correlated Engine
2026-01-17,Shanghai,0.6282,5,62.2,True,Weather-Correlated Engine
2026-01-17,Singapore,0.5831,5,57.7,True,Weather-Correlated Engine
2026-01-17,Rotterdam,0.5852,6,57.9,True,Weather-Correlated Engine
2026-01-17,Los Angeles,0.4836,5,47.9,True,Weather-Correlated Engine
2026-01-18,Shanghai,0.6196,7,61.3,True,Weather-Correlated Engine
2026-01-18,Singapore,0.6147,5,60.9,True,Weather-Correlated Engine
2026-01-18,Rotterdam,0.5477,6,54.2,True,Weather-Correlated Engine
2026-01-18,Los Angeles,0.5225,6,51.7,True,Weather-Correlated Engine
2026-01-19,Shanghai,0.6303,7,62.4,True,Weather-Correlated Engine
2026-01-19,Singapore,0.612,5,60.6,True,Weather-Correlated Engine
2026-01-19,Rotterdam,0.5572,4,55.2,True,Weather-Correlated Engine
2026-01-19,Los Angeles,0.5272,4,52.2,True,Weather-Correlated Engine
2026-01-20,Shanghai,0.6163,5,61.0,True,Weather-Correlated Engine
2026-01-20,Singapore,0.5737,6,56.8,True,Weather-Correlated Engine
2026-01-20,Rotterdam,0.5776,6,57.2,True,Weather-Correlated Engine
2026-01-20,Los Angeles,0.5213,4,51.6,True,Weather-Correlated Engine
2026-01-21,Shanghai,0.6483,6,64.2,True,Weather-Correlated Engine
2026-01-21,Singapore,0.6089,7,60.3,True,Weather-Correlated Engine
2026-01-21,Rotterdam,0.5669,4,56.1,True,Weather-Correlated Engine
2026-01-21,Los Angeles,0.4925,3,48.8,True,Weather-Correlated Engine
2026-01-22,Shanghai,0.6484,7,64.2,True,Weather-Correlated Engine
2026-01-22,Singapore,0.5904,5,58.5,True,Weather-Correlated Engine
2026-01-22,Rotterdam,0.5793,4,57.4,True,Weather-Correlated Engine
2026-01-22,Los Angeles,0.4937,5,48.9,True,Weather-Correlated Engine
2026-01-23,Shanghai,0.6197,5,61.3,True,Weather-Correlated Engine
2026-01-23,Singapore,0.5935,5,58.8,True,Weather-Correlated Engine
2026-01-23,Rotterdam,0.5587,6,55.3,True,Weather-Correlated Engine
2026-01-23,Los Angeles,0.5226,4,51.7,True,Weather-Correlated Engine
2026-01-24,Shanghai,0.639,6,63.3,True,Weather-Correlated Engine
2026-01-24,Singapore,0.5939,5,58.8,True,Weather-Correlated Engine
2026-01-24,Rotterdam,0.5552,4,55.0,True,Weather-Correlated Engine
2026-01-24,Los Angeles,0.5171,6,51.2,True,Weather-Correlated Engine
2026-01-25,Shanghai,0.6327,6,62.6,True,Weather-Correlated Engine
2026-01-25,Singapore,0.5934,6,58.7,True,Weather-Correlated Engine
2026-01-25,Rotterdam,0.5827,6,57.7,True,Weather-Correlated Engine
2026-01-25,Los Angeles,0.4852,3,48.0,True,Weather-Correlated Engine
2026-01-26,Shanghai,0.6006,5,59.5,True,Weather-Correlated Engine
2026-01-26,Singapore,0.6184,7,61.2,True,Weather-Correlated Engine
2026-01-26,Rotterdam,0.5496,6,54.4,True,Weather-Correlated Engine
2026-01-26,Los Angeles,0.5233,6,51.8,True,Weather-Correlated Engine
2026-01-27,Shanghai,0.643,5,63.7,True,Weather-Correlated Engine
2026-01-27,Singapore,0.5919,6,58.6,True,Weather-Correlated Engine
2026-01-27,Rotterdam,0.5411,6,53.6,True,Weather-Correlated Engine
2026-01-27,Los Angeles,0.5272,6,52.2,True,Weather-Correlated Engine
2026-01-28,Shanghai,0.6119,5,60.6,True,Weather-Correlated Engine
2026-01-28,Singapore,0.5873,6,58.1,True,Weather-Correlated Engine
2026-01-28,Rotterdam,0.5847,4,57.9,True,Weather-Correlated Engine
2026-01-28,Los Angeles,0.5016,4,49.7,True,Weather-Correlated Engine
2026-01-29,Shanghai,0.6469,5,64.0,True,Weather-Correlated Engine
2026-01-29,Singapore,0.6009,6,59.5,True,Weather-Correlated Engine
2026-01-29,Rotterdam,0.5645,5,55.9,True,Weather-Correlated Engine
2026-01-29,Los Angeles,0.5196,6,51.4,True,Weather-Correlated Engine
2026-01-30,Shanghai,0.6333,6,62.7,True,Weather-Correlated Engine
2026-01-30,Singapore,0.5825,6,57.7,True,Weather-Correlated Engine
2026-01-30,Rotterdam,0.5523,6,54.7,True,Weather-Correlated Engine
2026-01-30,Los Angeles,0.5107,5,50.6,True,Weather-Correlated Engine
2026-01-31,Shanghai,0.6105,5,60.4,True,Weather-Correlated Engine
2026-01-31,Singapore,0.5837,4,57.8,True,Weather-Correlated Engine
2026-01-31,Rotterdam,0.5469,6,54.1,True,Weather-Correlated Engine
2026-01-31,Los Angeles,0.5069,5,50.2,True,Weather-Correlated Engine
2026-02-01,Shanghai,0.6079,6,60.2,True,Weather-Correlated Engine
2026-02-01,Singapore,0.5712,4,56.6,True,Weather-Correlated Engine
2026-02-01,Rotterdam,0.5507,5,54.5,True,Weather-Correlated Engine
2026-02-01,Los Angeles,0.4858,4,48.1,True,Weather-Correlated Engine
2026-02-02,Shanghai,0.62,5,61.4,True,Weather-Correlated Engine
2026-02-02,Singapore,0.5798,6,57.4,True,Weather-Correlated Engine
2026-02-02,Rotterdam,0.5728,5,56.7,True,Weather-Correlated Engine
2026-02-02,Los Angeles,0.506,4,50.1,True,Weather-Correlated Engine
2026-02-03,Shanghai,0.6032,5,59.7,True,Weather-Correlated Engine
2026-02-03,Singapore,0.5753,5,57.0,True,Weather-Correlated Engine
2026-02-03,Rotterdam,0.5558,5,55.0,True,Weather-Correlated Engine
2026-02-03,Los Angeles,0.5279,4,52.3,True,Weather-Correlated Engine
2026-02-04,Shanghai,0.648,5,64.2,True,Weather-Correlated Engine
2026-02-04,Singapore,0.5927,5,58.7,True,Weather-Correlated Engine
2026-02-04,Rotterdam,0.5843,6,57.8,True,Weather-Correlated Engine
2026-02-04,Los Angeles,0.4864,5,48.2,True,Weather-Correlated Engine
2026-02-05,Shanghai,0.6088,7,60.3,True,Weather-Correlated Engine
2026-02-05,Singapore,0.5883,4,58.2,True,Weather-Correlated Engine
2026-02-05,Rotterdam,0.5695,6,56.4,True,Weather-Correlated Engine
2026-02-05,Los Angeles,0.5029,3,49.8,True,Weather-Correlated Engine
2026-02-06,Shanghai,0.6296,6,62.3,True,Weather-Correlated Engine
2026-02-06,Singapore,0.5786,6,57.3,True,Weather-Correlated Engine
2026-02-06,Rotterdam,0.5782,5,57.2,True,Weather-Correlated Engine
2026-02-06,Los Angeles,0.4909,3,48.6,True,Weather-Correlated Engine
2026-02-07,Shanghai,0.641,7,63.5,True,Weather-Correlated Engine
2026-02-07,Singapore,0.5768,6,57.1,True,Weather-Correlated Engine
2026-02-07,Rotterdam,0.5792,4,57.3,True,Weather-Correlated Engine
2026-02-07,Los Angeles,0.4862,5,48.1,True,Weather-Correlated Engine
2026-02-08,Shanghai,0.6272,7,62.1,True,Weather-Correlated Engine
2026-02-08,Singapore,0.6137,5,60.8,True,Weather-Correlated Engine
2026-02-08,Rotterdam,0.5682,5,56.2,True,Weather-Correlated Engine
2026-02-08,Los Angeles,0.4825,3,47.8,True,Weather-Correlated Engine
2026-02-09,Shanghai,0.6343,7,62.8,True,Weather-Correlated Engine
2026-02-09,Singapore,0.5982,4,59.2,True,Weather-Correlated Engine
2026-02-09,Rotterdam,0.5513,4,54.6,True,Weather-Correlated Engine
2026-02-09,Los Angeles,0.5192,5,51.4,True,Weather-Correlated Engine
2026-02-10,Shanghai,0.6033,4,59.7,True,Weather-Correlated Engine
2026-02-10,Singapore,0.5709,4,56.5,True,Weather-Correlated Engine
2026-02-10,Rotterdam,0.5538,6,54.8,True,Weather-Correlated Engine
2026-02-10,Los Angeles,0.5036,4,49.9,True,Weather-Correlated Engine
2026-02-11,Shanghai,0.6369,5,63.1,True,Weather-Correlated Engine
2026-02-11,Singapore,0.6133,7,60.7,True,Weather-Correlated Engine
2026-02-11,Rotterdam,0.5489,6,54.3,True,Weather-Correlated Engine
2026-02-11,Los Angeles,0.4994,4,49.4,True,Weather-Correlated Engine
2026-02-12,Shanghai,0.6232,7,61.7,True,Weather-Correlated Engine
2026-02-12,Singapore,0.6025,5,59.6,True,Weather-Correlated Engine
2026-02-12,Rotterdam,0.5769,5,57.1,True,Weather-Correlated Engine
2026-02-12,Los Angeles,0.487,3,48.2,True,Weather-Correlated Engine
2026-02-13,Shanghai,0.6122,7,60.6,True,Weather-Correlated Engine
2026-02-13,Singapore,0.5904,6,58.5,True,Weather-Correlated Engine
2026-02-13,Rotterdam,0.5432,6,53.8,True,Weather-Correlated Engine
2026-02-13,Los Angeles,0.5199,6,51.5,True,Weather-Correlated Engine
2026-02-14,Shanghai,0.6278,7,62.2,True,Weather-Correlated Engine
2026-02-14,Singapore,0.6048,6,59.9,True,Weather-Correlated Engine
2026-02-14,Rotterdam,0.5435,5,53.8,True,Weather-Correlated Engine
2026-02-14,Los Angeles,0.5032,3,49.8,True,Weather-Correlated Engine
2026-02-15,Shanghai,0.6494,6,64.3,True,Weather-Correlated Engine
2026-02-15,Singapore,0.6171,5,61.1,True,Weather-Correlated Engine
2026-02-15,Rotterdam,0.5419,6,53.6,True,Weather-Correlated Engine
2026-02-15,Los Angeles,0.5016,3,49.7,True,Weather-Correlated Engine
2026-02-16,Shanghai,0.6301,7,62.4,True,Weather-Correlated Engine
2026-02-16,Singapore,0.5878,5,58.2,True,Weather-Correlated Engine
2026-02-16,Rotterdam,0.5469,5,54.1,True,Weather-Correlated Engine
2026-02-16,Los Angeles,0.5078,5,50.3,True,Weather-Correlated Engine
2026-02-17,Shanghai,0.6464,5,64.0,True,Weather-Correlated Engine
2026-02-17,Singapore,0.5847,6,57.9,True,Weather-Correlated Engine
2026-02-17,Rotterdam,0.5874,5,58.2,True,Weather-Correlated Engine
2026-02-17,Los Angeles,0.523,6,51.8,True,Weather-Correlated Engine
2026-02-18,Shanghai,0.6068,7,60.1,True,Weather-Correlated Engine
2026-02-18,Singapore,0.5873,5,58.1,True,Weather-Correlated Engine
2026-02-18,Rotterdam,0.5831,6,57.7,True,Weather-Correlated Engine
2026-02-18,Los Angeles,0.4955,4,49.1,True,Weather-Correlated Engine
2026-02-19,Shanghai,0.6303,6,62.4,True,Weather-Correlated Engine
2026-02-19,Singapore,0.5985,5,59.3,True,Weather-Correlated Engine
2026-02-19,Rotterdam,0.5672,5,56.2,True,Weather-Correlated Engine
2026-02-19,Los Angeles,0.5234,6,51.8,True,Weather-Correlated Engine
2026-02-20,Shanghai,0.6053,6,59.9,True,Weather-Correlated Engine
2026-02-20,Singapore,0.6122,7,60.6,True,Weather-Correlated Engine
2026-02-20,Rotterdam,0.5697,4,56.4,True,Weather-Correlated Engine
2026-02-20,Los Angeles,0.5152,6,51.0,True,Weather-Correlated Engine
2026-02-21,Shanghai,0.6032,5,59.7,True,Weather-Correlated Engine
2026-02-21,Singapore,0.6051,4,59.9,True,Weather-Correlated Engine
2026-02-21,Rotterdam,0.5863,5,58.0,True,Weather-Correlated Engine
2026-02-21,Los Angeles,0.5162,6,51.1,True,Weather-Correlated Engine
2026-02-22,Shanghai,0.6211,5,61.5,True,Weather-Correlated Engine
2026-02-22,Singapore,0.6006,4,59.5,True,Weather-Correlated Engine
2026-02-22,Rotterdam,0.5635,5,55.8,True,Weather-Correlated Engine
2026-02-22,Los Angeles,0.5036,5,49.9,True,Weather-Correlated Engine
2026-02-23,Shanghai,0.6143,6,60.8,True,Weather-Correlated Engine
2026-02-23,Singapore,0.6115,7,60.5,True,Weather-Correlated Engine
2026-02-23,Rotterdam,0.5673,6,56.2,True,Weather-Correlated Engine
2026-02-23,Los Angeles,0.5157,5,51.1,True,Weather-Correlated Engine
2026-02-24,Shanghai,0.6158,5,61.0,True,Weather-Correlated Engine
2026-02-24,Singapore,0.6098,6,60.4,True,Weather-Correlated Engine
2026-02-24,Rotterdam,0.567,6,56.1,True,Weather-Correlated Engine
2026-02-24,Los Angeles,0.5222,4,51.7,True,Weather-Correlated Engine
2026-02-25,Shanghai,0.6304,5,62.4,True,Weather-Correlated Engine
2026-02-25,Singapore,0.5787,5,57.3,True,Weather-Correlated Engine
2026-02-25,Rotterdam,0.5486,4,54.3,True,Weather-Correlated Engine
2026-02-25,Los Angeles,0.5081,5,50.3,True,Weather-Correlated Engine
2026-02-26,Shanghai,0.6008,5,59.5,True,Weather-Correlated Engine
2026-02-26,Singapore,0.5702,4,56.4,True,Weather-Correlated Engine
2026-02-26,Rotterdam,0.5742,4,56.8,True,Weather-Correlated Engine
2026-02-26,Los Angeles,0.5055,5,50.0,True,Weather-Correlated Engine
2026-02-27,Shanghai,0.6463,5,64.0,True,Weather-Correlated Engine
2026-02-27,Singapore,0.6018,5,59.6,True,Weather-Correlated Engine
2026-02-27,Rotterdam,0.5533,4,54.8,True,Weather-Correlated Engine
2026-02-27,Los Angeles,0.4915,4,48.7,True,Weather-Correlated Engine
2026-02-28,Shanghai,0.6131,6,60.7,True,Weather-Correlated Engine
2026-02-28,Singapore,0.5753,5,57.0,True,Weather-Correlated Engine
2026-02-28,Rotterdam,0.5885,5,58.3,True,Weather-Correlated Engine
2026-02-28,Los Angeles,0.499,3,49.4,True,Weather-Correlated Engine
2026-03-01,Shanghai,0.6149,6,60.9,True,Weather-Correlated Engine
2026-03-01,Singapore,0.606,5,60.0,True,Weather-Correlated Engine
2026-03-01,Rotterdam,0.5642,4,55.9,True,Weather-Correlated Engine
2026-03-01,Los Angeles,0.5261,5,52.1,True,Weather-Correlated Engine
2026-03-02,Shanghai,0.6468,6,64.0,True,Weather-Correlated Engine
2026-03-02,Singapore,0.6174,7,61.1,True,Weather-Correlated Engine
2026-03-02,Rotterdam,0.5591,6,55.3,True,Weather-Correlated Engine
2026-03-02,Los Angeles,0.5089,4,50.4,True,Weather-Correlated Engine
2026-03-03,Shanghai,0.6484,6,64.2,True,Weather-Correlated Engine
2026-03-03,Singapore,0.6195,6,61.3,True,Weather-Correlated Engine
2026-03-03,Rotterdam,0.5829,6,57.7,True,Weather-Correlated Engine
2026-03-03,Los Angeles,0.4866,4,48.2,True,Weather-Correlated Engine
2026-03-04,Shanghai,0.6025,4,59.7,True,Weather-Correlated Engine
2026-03-04,Singapore,0.6,6,59.4,True,Weather-Correlated Engine
2026-03-04,Rotterdam,0.5712,5,56.5,True,Weather-Correlated Engine
2026-03-04,Los Angeles,0.4885,5,48.4,True,Weather-Correlated Engine
2026-03-05,Shanghai,0.6089,7,60.3,True,Weather-Correlated Engine
2026-03-05,Singapore,0.5823,5,57.6,True,Weather-Correlated Engine
2026-03-05,Rotterdam,0.5733,5,56.8,True,Weather-Correlated Engine
2026-03-05,Los Angeles,0.4888,4,48.4,True,Weather-Correlated Engine
2026-03-06,Shanghai,0.6492,6,64.3,True,Weather-Correlated Engine
2026-03-06,Singapore,0.5931,5,58.7,True,Weather-Correlated Engine
2026-03-06,Rotterdam,0.5497,4,54.4,True,Weather-Correlated Engine
2026-03-06,Los Angeles,0.5164,6,51.1,True,Weather-Correlated Engine
2026-03-07,Shanghai,0.6407,6,63.4,True,Weather-Correlated Engine
2026-03-07,Singapore,0.5737,4,56.8,True,Weather-Correlated Engine
2026-03-07,Rotterdam,0.5662,4,56.1,True,Weather-Correlated Engine
2026-03-07,Los Angeles,0.507,6,50.2,True,Weather-Correlated Engine
2026-03-08,Shanghai,0.6348,7,62.9,True,Weather-Correlated Engine
2026-03-08,Singapore,0.6162,5,61.0,True,Weather-Correlated Engine
2026-03-08,Rotterdam,0.5836,4,57.8,True,Weather-Correlated Engine
2026-03-08,Los Angeles,0.5013,5,49.6,True,Weather-Correlated Engine
2026-03-09,Shanghai,0.612,5,60.6,True,Weather-Correlated Engine
2026-03-09,Singapore,0.6042,4,59.8,True,Weather-Correlated Engine
2026-03-09,Rotterdam,0.5534,6,54.8,True,Weather-Correlated Engine
2026-03-09,Los Angeles,0.4935,4,48.9,True,Weather-Correlated Engine
2026-03-10,Shanghai,0.6062,5,60.0,True,Weather-Correlated Engine
2026-03-10,Singapore,0.5736,4,56.8,True,Weather-Correlated Engine
2026-03-10,Rotterdam,0.5578,6,55.2,True,Weather-Correlated Engine
2026-03-10,Los Angeles,0.5087,6,50.4,True,Weather-Correlated Engine
2026-03-11,Shanghai,0.6408,7,63.4,True,Weather-Correlated Engine
2026-03-11,Singapore,0.6015,5,59.6,True,Weather-Correlated Engine
2026-03-11,Rotterdam,0.5689,4,56.3,True,Weather-Correlated Engine
2026-03-11,Los Angeles,0.4893,4,48.4,True,Weather-Correlated Engine
2026-03-12,Shanghai,0.6275,7,62.1,True,Weather-Correlated Engine
2026-03-12,Singapore,0.5962,6,59.0,True,Weather-Correlated Engine
2026-03-12,Rotterdam,0.541,6,53.6,True,Weather-Correlated Engine
2026-03-12,Los Angeles,0.497,3,49.2,True,Weather-Correlated Engine
2026-03-13,Shanghai,0.6434,5,63.7,True,Weather-Correlated Engine
2026-03-13,Singapore,0.5886,6,58.3,True,Weather-Correlated Engine
2026-03-13,Rotterdam,0.5761,6,57.0,True,Weather-Correlated Engine
2026-03-13,Los Angeles,0.5149,6,51.0,True,Weather-Correlated Engine
2026-03-14,Shanghai,0.6211,5,61.5,True,Weather-Correlated Engine
2026-03-14,Singapore,0.5878,5,58.2,True,Weather-Correlated Engine
2026-03-14,Rotterdam,0.5472,5,54.2,True,Weather-Correlated Engine
2026-03-14,Los Angeles,0.5175,4,51.2,True,Weather-Correlated Engine
2026-03-15,Shanghai,0.6404,6,63.4,True,Weather-Correlated Engine
2026-03-15,Singapore,0.6198,5,61.4,True,Weather-Correlated Engine
2026-03-15,Rotterdam,0.5622,4,55.7,True,Weather-Correlated Engine
2026-03-15,Los Angeles,0.5127,6,50.8,True,Weather-Correlated Engine
2026-03-16,Shanghai,0.6262,5,62.0,True,Weather-Correlated Engine
2026-03-16,Singapore,0.6032,6,59.7,True,Weather-Correlated Engine
2026-03-16,Rotterdam,0.5507,6,54.5,True,Weather-Correlated Engine
2026-03-16,Los Angeles,0.5133,5,50.8,True,Weather-Correlated Engine
2026-03-17,Shanghai,0.6095,6,60.3,True,Weather-Correlated Engine
2026-03-17,Singapore,0.5987,4,59.3,True,Weather-Correlated Engine
2026-03-17,Rotterdam,0.5811,6,57.5,True,Weather-Correlated Engine
2026-03-17,Los Angeles,0.5207,5,51.6,True,Weather-Correlated Engine
2026-03-18,Shanghai,0.6485,6,64.2,True,Weather-Correlated Engine
2026-03-18,Singapore,0.5817,6,57.6,True,Weather-Correlated Engine
2026-03-18,Rotterdam,0.5595,4,55.4,True,Weather-Correlated Engine
2026-03-18,Los Angeles,0.4872,5,48.2,True,Weather-Correlated Engine
2026-03-19,Shanghai,0.6437,5,63.7,True,Weather-Correlated Engine
2026-03-19,Singapore,0.5936,4,58.8,True,Weather-Correlated Engine
2026-03-19,Rotterdam,0.575,5,56.9,True,Weather-Correlated Engine
2026-03-19,Los Angeles,0.4849,3,48.0,True,Weather-Correlated Engine
2026-03-20,Shanghai,0.6053,5,59.9,True,Weather-Correlated Engine
2026-03-20,Singapore,0.6174,6,61.1,True,Weather-Correlated Engine
2026-03-20,Rotterdam,0.5619,5,55.6,True,Weather-Correlated Engine
2026-03-20,Los Angeles,0.509,6,50.4,True,Weather-Correlated Engine
2026-03-21,Shanghai,0.628,6,62.2,True,Weather-Correlated Engine
2026-03-21,Singapore,0.5732,4,56.7,True,Weather-Correlated Engine
2026-03-21,Rotterdam,0.5864,4,58.1,True,Weather-Correlated Engine
2026-03-21,Los Angeles,0.5014,4,49.6,True,Weather-Correlated Engine
2026-03-22,Shanghai,0.6371,5,63.1,True,Weather-Correlated Engine
2026-03-22,Singapore,0.6019,6,59.6,True,Weather-Correlated Engine
2026-03-22,Rotterdam,0.578,6,57.2,True,Weather-Correlated Engine
2026-03-22,Los Angeles,0.5029,3,49.8,True,Weather-Correlated Engine
2026-03-23,Shanghai,0.6318,5,62.5,True,Weather-Correlated Engine
2026-03-23,Singapore,0.609,6,60.3,True,Weather-Correlated Engine
2026-03-23,Rotterdam,0.5403,5,53.5,True,Weather-Correlated Engine
2026-03-23,Los Angeles,0.5084,6,50.3,True,Weather-Correlated Engine
2026-03-24,Shanghai,0.6491,6,64.3,True,Weather-Correlated Engine
2026-03-24,Singapore,0.5944,5,58.8,True,Weather-Correlated Engine
2026-03-24,Rotterdam,0.5838,4,57.8,True,Weather-Correlated Engine
2026-03-24,Los Angeles,0.5067,4,50.2,True,Weather-Correlated Engine
2026-03-25,Shanghai,0.6495,6,64.3,True,Weather-Correlated Engine
2026-03-25,Singapore,0.6176,5,61.1,True,Weather-Correlated Engine
2026-03-25,Rotterdam,0.5666,5,56.1,True,Weather-Correlated Engine
2026-03-25,Los Angeles,0.4807,4,47.6,True,Weather-Correlated Engine
2026-03-26,Shanghai,0.6233,5,61.7,True,Weather-Correlated Engine
2026-03-26,Singapore,0.609,5,60.3,True,Weather-Correlated Engine
2026-03-26,Rotterdam,0.5499,6,54.4,True,Weather-Correlated Engine
2026-03-26,Los Angeles,0.5081,6,50.3,True,Weather-Correlated Engine
2026-03-27,Shanghai,0.6356,5,62.9,True,Weather-Correlated Engine
2026-03-27,Singapore,0.5964,5,59.0,True,Weather-Correlated Engine
2026-03-27,Rotterdam,0.5447,4,53.9,True,Weather-Correlated Engine
2026-03-27,Los Angeles,0.4978,5,49.3,True,Weather-Correlated Engine
2026-03-28,Shanghai,0.6485,5,64.2,True,Weather-Correlated Engine
2026-03-28,Singapore,0.6134,7,60.7,True,Weather-Correlated Engine
2026-03-28,Rotterdam,0.586,5,58.0,True,Weather-Correlated Engine
2026-03-28,Los Angeles,0.5289,6,52.4,True,Weather-Correlated Engine
2026-03-29,Shanghai,0.6158,5,61.0,True,Weather-Correlated Engine
2026-03-29,Singapore,0.6031,4,59.7,True,Weather-Correlated Engine
2026-03-29,Rotterdam,0.5464,5,54.1,True,Weather-Correlated Engine
2026-03-29,Los Angeles,0.5254,5,52.0,True,Weather-Correlated Engine
2026-03-30,Shanghai,0.6437,5,63.7,True,Weather-Correlated Engine
2026-03-30,Singapore,0.5942,6,58.8,True,Weather-Correlated Engine
2026-03-30,Rotterdam,0.5696,5,56.4,True,Weather-Correlated Engine
2026-03-30,Los Angeles,0.4978,3,49.3,True,Weather-Correlated Engine
2026-03-31,Shanghai,0.6176,6,61.1,True,Weather-Correlated Engine
2026-03-31,Singapore,0.6154,7,60.9,True,Weather-Correlated Engine
2026-03-31,Rotterdam,0.5844,4,57.9,True,Weather-Correlated Engine
2026-03-31,Los Angeles,0.5202,4,51.5,True,Weather-Correlated Engine
2026-04-01,Shanghai,0.6014,6,59.5,True,Weather-Correlated Engine
2026-04-01,Singapore,0.6127,7,60.7,True,Weather-Correlated Engine
2026-04-01,Rotterdam,0.5809,5,57.5,True,Weather-Correlated Engine
2026-04-01,Los Angeles,0.4857,3,48.1,True,Weather-Correlated Engine
2026-04-02,Shanghai,0.6202,6,61.4,True,Weather-Correlated Engine
2026-04-02,Singapore,0.5936,5,58.8,True,Weather-Correlated Engine
2026-04-02,Rotterdam,0.5684,4,56.3,True,Weather-Correlated Engine
2026-04-02,Los Angeles,0.5026,5,49.8,True,Weather-Correlated Engine
2026-04-03,Shanghai,0.6305,6,62.4,True,Weather-Correlated Engine
2026-04-03,Singapore,0.5787,6,57.3,True,Weather-Correlated Engine
2026-04-03,Rotterdam,0.5487,4,54.3,True,Weather-Correlated Engine
2026-04-03,Los Angeles,0.4844,4,48.0,True,Weather-Correlated Engine
2026-04-04,Shanghai,0.6266,7,62.0,True,Weather-Correlated Engine
2026-04-04,Singapore,0.5974,4,59.1,True,Weather-Correlated Engine
2026-04-04,Rotterdam,0.5656,4,56.0,True,Weather-Correlated Engine
2026-04-04,Los Angeles,0.5069,6,50.2,True,Weather-Correlated Engine
2026-04-05,Shanghai,0.6085,5,60.2,True,Weather-Correlated Engine
2026-04-05,Singapore,0.6178,6,61.2,True,Weather-Correlated Engine
2026-04-05,Rotterdam,0.5782,6,57.2,True,Weather-Correlated Engine
2026-04-05,Los Angeles,0.511,6,50.6,True,Weather-Correlated Engine
2026-04-06,Shanghai,0.6328,7,62.6,True,Weather-Correlated Engine
2026-04-06,Singapore,0.5889,5,58.3,True,Weather-Correlated Engine
2026-04-06,Rotterdam,0.5684,4,56.3,True,Weather-Correlated Engine
2026-04-06,Los Angeles,0.5148,4,51.0,True,Weather-Correlated Engine
2026-04-07,Shanghai,0.6161,6,61.0,True,Weather-Correlated Engine
2026-04-07,Singapore,0.6005,5,59.5,True,Weather-Correlated Engine
2026-04-07,Rotterdam,0.5635,6,55.8,True,Weather-Correlated Engine
2026-04-07,Los Angeles,0.5166,4,51.1,True,Weather-Correlated Engine
2026-04-08,Shanghai,0.6478,7,64.1,True,Weather-Correlated Engine
2026-04-08,Singapore,0.6019,4,59.6,True,Weather-Correlated Engine
2026-04-08,Rotterdam,0.5575,6,55.2,True,Weather-Correlated Engine
2026-04-08,Los Angeles,0.4855,5,48.1,True,Weather-Correlated Engine
2026-04-09,Shanghai,0.6355,7,62.9,True,Weather-Correlated Engine
2026-04-09,Singapore,0.5939,6,58.8,True,Weather-Correlated Engine
2026-04-09,Rotterdam,0.5887,6,58.3,True,Weather-Correlated Engine
2026-04-09,Los Angeles,0.519,4,51.4,True,Weather-Correlated Engine
2026-04-10,Shanghai,0.6002,4,59.4,True,Weather-Correlated Engine
2026-04-10,Singapore,0.6129,7,60.7,True,Weather-Correlated Engine
2026-04-10,Rotterdam,0.5489,4,54.3,True,Weather-Correlated Engine
2026-04-10,Los Angeles,0.5175,5,51.2,True,Weather-Correlated Engine
2026-04-11,Shanghai,0.6057,5,60.0,True,Weather-Correlated Engine
2026-04-11,Singapore,0.5889,4,58.3,True,Weather-Correlated Engine
2026-04-11,Rotterdam,0.5474,4,54.2,True,Weather-Correlated Engine
2026-04-11,Los Angeles,0.5064,5,50.1,True,Weather-Correlated Engine
2026-04-12,Shanghai,0.6016,6,59.6,True,Weather-Correlated Engine
2026-04-12,Singapore,0.6142,5,60.8,True,Weather-Correlated Engine
2026-04-12,Rotterdam,0.5466,5,54.1,True,Weather-Correlated Engine
2026-04-12,Los Angeles,0.5268,5,52.1,True,Weather-Correlated Engine
2026-04-13,Shanghai,0.6142,7,60.8,True,Weather-Correlated Engine
2026-04-13,Singapore,0.5931,5,58.7,True,Weather-Correlated Engine
2026-04-13,Rotterdam,0.5674,6,56.2,True,Weather-Correlated Engine
2026-04-13,Los Angeles,0.4971,5,49.2,True,Weather-Correlated Engine
2026-04-14,Shanghai,0.6128,5,60.7,True,Weather-Correlated Engine
2026-04-14,Singapore,0.602,5,59.6,True,Weather-Correlated Engine
2026-04-14,Rotterdam,0.5645,4,55.9,True,Weather-Correlated Engine
2026-04-14,Los Angeles,0.4929,3,48.8,True,Weather-Correlated Engine
2026-04-15,Shanghai,0.6355,7,62.9,True,Weather-Correlated Engine
2026-04-15,Singapore,0.6144,5,60.8,True,Weather-Correlated Engine
2026-04-15,Rotterdam,0.5476,4,54.2,True,Weather-Correlated Engine
2026-04-15,Los Angeles,0.5273,5,52.2,True,Weather-Correlated Engine
2026-04-16,Shanghai,0.6432,6,63.7,True,Weather-Correlated Engine
2026-04-16,Singapore,0.6108,5,60.5,True,Weather-Correlated Engine
2026-04-16,Rotterdam,0.5436,5,53.8,True,Weather-Correlated Engine
2026-04-16,Los Angeles,0.5188,5,51.4,True,Weather-Correlated Engine
2026-04-17,Shanghai,0.6037,5,59.8,True,Weather-Correlated Engine
2026-04-17,Singapore,0.6039,6,59.8,True,Weather-Correlated Engine
2026-04-17,Rotterdam,0.568,5,56.2,True,Weather-Correlated Engine
2026-04-17,Los Angeles,0.5244,5,51.9,True,Weather-Correlated Engine
2026-04-18,Shanghai,0.6096,5,60.4,True,Weather-Correlated Engine
2026-04-18,Singapore,0.5858,4,58.0,True,Weather-Correlated Engine
2026-04-18,Rotterdam,0.5504,6,54.5,True,Weather-Correlated Engine
2026-04-18,Los Angeles,0.5199,6,51.5,True,Weather-Correlated Engine
2026-04-19,Shanghai,0.6377,6,63.1,True,Weather-Correlated Engine
2026-04-19,Singapore,0.6171,5,61.1,True,Weather-Correlated Engine
2026-04-19,Rotterdam,0.5719,6,56.6,True,Weather-Correlated Engine
2026-04-19,Los Angeles,0.5219,6,51.7,True,Weather-Correlated Engine
2026-04-20,Shanghai,0.6484,5,64.2,True,Weather-Correlated Engine
2026-04-20,Singapore,0.586,6,58.0,True,Weather-Correlated Engine
2026-04-20,Rotterdam,0.5574,5,55.2,True,Weather-Correlated Engine
2026-04-20,Los Angeles,0.5266,4,52.1,True,Weather-Correlated Engine
2026-04-21,Shanghai,0.6331,7,62.7,True,Weather-Correlated Engine
2026-04-21,Singapore,0.5852,4,57.9,True,Weather-Correlated Engine
2026-04-21,Rotterdam,0.588,4,58.2,True,Weather-Correlated Engine
2026-04-21,Los Angeles,0.4927,3,48.8,True,Weather-Correlated Engine
2026-04-22,Shanghai,0.6278,7,62.2,True,Weather-Correlated Engine
2026-04-22,Singapore,0.6072,6,60.1,True,Weather-Correlated Engine
2026-04-22,Rotterdam,0.582,5,57.6,True,Weather-Correlated Engine
2026-04-22,Los Angeles,0.4938,3,48.9,True,Weather-Correlated Engine
2026-04-23,Shanghai,0.6008,5,59.5,True,Weather-Correlated Engine
2026-04-23,Singapore,0.5765,6,57.1,True,Weather-Correlated Engine
2026-04-23,Rotterdam,0.5782,4,57.2,True,Weather-Correlated Engine
2026-04-23,Los Angeles,0.518,6,51.3,True,Weather-Correlated Engine
2026-04-24,Shanghai,0.6187,6,61.3,True,Weather-Correlated Engine
2026-04-24,Singapore,0.6183,7,61.2,True,Weather-Correlated Engine
2026-04-24,Rotterdam,0.5401,4,53.5,True,Weather-Correlated Engine
2026-04-24,Los Angeles,0.4866,3,48.2,True,Weather-Correlated Engine
2026-04-25,Shanghai,0.6174,6,61.1,True,Weather-Correlated Engine
2026-04-25,Singapore,0.6172,7,61.1,True,Weather-Correlated Engine
2026-04-25,Rotterdam,0.564,6,55.8,True,Weather-Correlated Engine
2026-04-25,Los Angeles,0.5214,5,51.6,True,Weather-Correlated Engine
2026-04-26,Shanghai,0.6413,7,63.5,True,Weather-Correlated Engine
2026-04-26,Singapore,0.6094,5,60.3,True,Weather-Correlated Engine
2026-04-26,Rotterdam,0.5728,5,56.7,True,Weather-Correlated Engine
2026-04-26,Los Angeles,0.4901,5,48.5,True,Weather-Correlated Engine
2026-04-27,Shanghai,0.6252,5,61.9,True,Weather-Correlated Engine
2026-04-27,Singapore,0.5882,6,58.2,True,Weather-Correlated Engine
2026-04-27,Rotterdam,0.5749,5,56.9,True,Weather-Correlated Engine
2026-04-27,Los Angeles,0.519,5,51.4,True,Weather-Correlated Engine
2026-04-28,Shanghai,0.6423,6,63.6,True,Weather-Correlated Engine
2026-04-28,Singapore,0.6016,6,59.6,True,Weather-Correlated Engine
2026-04-28,Rotterdam,0.5772,5,57.1,True,Weather-Correlated Engine
2026-04-28,Los Angeles,0.526,6,52.1,True,Weather-Correlated Engine
2026-04-29,Shanghai,0.6422,7,63.6,True,Weather-Correlated Engine
2026-04-29,Singapore,0.5828,5,57.7,True,Weather-Correlated Engine
2026-04-29,Rotterdam,0.5513,4,54.6,True,Weather-Correlated Engine
2026-04-29,Los Angeles,0.509,6,50.4,True,Weather-Correlated Engine
2026-04-30,Shanghai,0.6026,6,59.7,True,Weather-Correlated Engine
2026-04-30,Singapore,0.5844,5,57.9,True,Weather-Correlated Engine
2026-04-30,Rotterdam,0.588,6,58.2,True,Weather-Correlated Engine
2026-04-30,Los Angeles,0.4861,3,48.1,True,Weather-Correlated Engine
2026-05-01,Shanghai,0.6174,6,61.1,True,Weather-Correlated Engine
2026-05-01,Singapore,0.6003,6,59.4,True,Weather-Correlated Engine
2026-05-01,Rotterdam,0.5574,4,55.2,True,Weather-Correlated Engine
2026-05-01,Los Angeles,0.4805,3,47.6,True,Weather-Correlated Engine
2026-05-02,Shanghai,0.6469,7,64.0,True,Weather-Correlated Engine
2026-05-02,Singapore,0.6015,4,59.5,True,Weather-Correlated Engine
2026-05-02,Rotterdam,0.5503,6,54.5,True,Weather-Correlated Engine
2026-05-02,Los Angeles,0.5002,4,49.5,True,Weather-Correlated Engine
2026-05-03,Shanghai,0.6213,6,61.5,True,Weather-Correlated Engine
2026-05-03,Singapore,0.6104,6,60.4,True,Weather-Correlated Engine
2026-05-03,Rotterdam,0.5438,5,53.8,True,Weather-Correlated Engine
2026-05-03,Los Angeles,0.5258,4,52.1,True,Weather-Correlated Engine
2026-05-04,Shanghai,0.6132,5,60.7,True,Weather-Correlated Engine
2026-05-04,Singapore,0.613,7,60.7,True,Weather-Correlated Engine
2026-05-04,Rotterdam,0.5875,6,58.2,True,Weather-Correlated Engine
2026-05-04,Los Angeles,0.5212,6,51.6,True,Weather-Correlated Engine
2026-05-05,Shanghai,0.6355,7,62.9,True,Weather-Correlated Engine
2026-05-05,Singapore,0.5884,5,58.3,True,Weather-Correlated Engine
2026-05-05,Rotterdam,0.5786,6,57.3,True,Weather-Correlated Engine
2026-05-05,Los Angeles,0.482,3,47.7,True,Weather-Correlated Engine
2026-05-06,Shanghai,0.6424,7,63.6,True,Weather-Correlated Engine
2026-05-06,Singapore,0.591,6,58.5,True,Weather-Correlated Engine
2026-05-06,Rotterdam,0.5599,4,55.4,True,Weather-Correlated Engine
2026-05-06,Los Angeles,0.5076,4,50.3,True,Weather-Correlated Engine
2026-05-07,Shanghai,0.6265,5,62.0,True,Weather-Correlated Engine
2026-05-07,Singapore,0.6114,6,60.5,True,Weather-Correlated Engine
2026-05-07,Rotterdam,0.5609,4,55.5,True,Weather-Correlated Engine
2026-05-07,Los Angeles,0.5252,4,52.0,True,Weather-Correlated Engine
2026-05-08,Shanghai,0.6453,7,63.9,True,Weather-Correlated Engine
2026-05-08,Singapore,0.6065,5,60.0,True,Weather-Correlated Engine
2026-05-08,Rotterdam,0.5565,6,55.1,True,Weather-Correlated Engine
2026-05-08,Los Angeles,0.4958,4,49.1,True,Weather-Correlated Engine
2026-05-09,Shanghai,0.641,6,63.5,True,Weather-Correlated Engine
2026-05-09,Singapore,0.5894,6,58.4,True,Weather-Correlated Engine
2026-05-09,Rotterdam,0.5837,5,57.8,True,Weather-Correlated Engine
2026-05-09,Los Angeles,0.506,6,50.1,True,Weather-Correlated Engine
2026-05-10,Shanghai,0.6101,6,60.4,True,Weather-Correlated Engine
2026-05-10,Singapore,0.5861,5,58.0,True,Weather-Correlated Engine
2026-05-10,Rotterdam,0.5852,5,57.9,True,Weather-Correlated Engine
2026-05-10,Los Angeles,0.4867,5,48.2,True,Weather-Correlated Engine
2026-05-11,Shanghai,0.6467,5,64.0,True,Weather-Correlated Engine
2026-05-11,Singapore,0.5924,4,58.6,True,Weather-Correlated Engine
2026-05-11,Rotterdam,0.5702,6,56.5,True,Weather-Correlated Engine
2026-05-11,Los Angeles,0.4849,3,48.0,True,Weather-Correlated Engine
2026-05-12,Shanghai,0.6102,5,60.4,True,Weather-Correlated Engine
2026-05-12,Singapore,0.5801,4,57.4,True,Weather-Correlated Engine
2026-05-12,Rotterdam,0.5668,5,56.1,True,Weather-Correlated Engine
2026-05-12,Los Angeles,0.5205,5,51.5,True,Weather-Correlated Engine
2026-05-13,Shanghai,0.6103,7,60.4,True,Weather-Correlated Engine
2026-05-13,Singapore,0.5915,5,58.6,True,Weather-Correlated Engine
2026-05-13,Rotterdam,0.5718,6,56.6,True,Weather-Correlated Engine
2026-05-13,Los Angeles,0.5145,6,50.9,True,Weather-Correlated Engine
2026-05-14,Shanghai,0.6117,6,60.6,True,Weather-Correlated Engine
2026-05-14,Singapore,0.5828,6,57.7,True,Weather-Correlated Engine
2026-05-14,Rotterdam,0.5439,5,53.8,True,Weather-Correlated Engine
2026-05-14,Los Angeles,0.517,5,51.2,True,Weather-Correlated Engine
2026-05-15,Shanghai,0.6439,5,63.7,True,Weather-Correlated Engine
2026-05-15,Singapore,0.581,4,57.5,True,Weather-Correlated Engine
2026-05-15,Rotterdam,0.5494,5,54.4,True,Weather-Correlated Engine
2026-05-15,Los Angeles,0.499,3,49.4,True,Weather-Correlated Engine
2026-05-16,Shanghai,0.6161,5,61.0,True,Weather-Correlated Engine
2026-05-16,Singapore,0.5801,6,57.4,True,Weather-Correlated Engine
2026-05-16,Rotterdam,0.5781,6,57.2,True,Weather-Correlated Engine
2026-05-16,Los Angeles,0.4979,4,49.3,True,Weather-Correlated Engine
2026-05-17,Shanghai,0.6186,7,61.2,True,Weather-Correlated Engine
2026-05-17,Singapore,0.5956,6,59.0,True,Weather-Correlated Engine
2026-05-17,Rotterdam,0.5843,6,57.8,True,Weather-Correlated Engine
2026-05-17,Los Angeles,0.5016,5,49.7,True,Weather-Correlated Engine
2026-05-18,Shanghai,0.63,7,62.4,True,Weather-Correlated Engine
2026-05-18,Singapore,0.6068,5,60.1,True,Weather-Correlated Engine
2026-05-18,Rotterdam,0.5799,5,57.4,True,Weather-Correlated Engine
2026-05-18,Los Angeles,0.4908,4,48.6,True,Weather-Correlated Engine
2026-05-19,Shanghai,0.6058,5,60.0,True,Weather-Correlated Engine
2026-05-19,Singapore,0.6198,7,61.4,True,Weather-Correlated Engine
2026-05-19,Rotterdam,0.5508,5,54.5,True,Weather-Correlated Engine
2026-05-19,Los Angeles,0.5049,5,50.0,True,Weather-Correlated Engine
2026-05-20,Shanghai,0.6288,7,62.3,True,Weather-Correlated Engine
2026-05-20,Singapore,0.6048,4,59.9,True,Weather-Correlated Engine
2026-05-20,Rotterdam,0.5811,4,57.5,True,Weather-Correlated Engine
2026-05-20,Los Angeles,0.5024,4,49.7,True,Weather-Correlated Engine
2026-05-21,Shanghai,0.6077,7,60.2,True,Weather-Correlated Engine
2026-05-21,Singapore,0.6007,4,59.5,True,Weather-Correlated Engine
2026-05-21,Rotterdam,0.5569,4,55.1,True,Weather-Correlated Engine
2026-05-21,Los Angeles,0.5116,4,50.6,True,Weather-Correlated Engine
2026-05-22,Shanghai,0.6356,7,62.9,True,Weather-Correlated Engine
2026-05-22,Singapore,0.6085,7,60.2,True,Weather-Correlated Engine
2026-05-22,Rotterdam,0.5571,4,55.2,True,Weather-Correlated Engine
2026-05-22,Los Angeles,0.529,6,52.4,True,Weather-Correlated Engine
2026-05-23,Shanghai,0.6086,5,60.3,True,Weather-Correlated Engine
2026-05-23,Singapore,0.5944,4,58.8,True,Weather-Correlated Engine
2026-05-23,Rotterdam,0.5605,4,55.5,True,Weather-Correlated Engine
2026-05-23,Los Angeles,0.5275,6,52.2,True,Weather-Correlated Engine
2026-05-24,Shanghai,0.6144,7,60.8,True,Weather-Correlated Engine
2026-05-24,Singapore,0.6035,5,59.7,True,Weather-Correlated Engine
2026-05-24,Rotterdam,0.5792,4,57.3,True,Weather-Correlated Engine
2026-05-24,Los Angeles,0.4864,3,48.2,True,Weather-Correlated Engine
2026-05-25,Shanghai,0.6408,5,63.4,True,Weather-Correlated Engine
2026-05-25,Singapore,0.6185,7,61.2,True,Weather-Correlated Engine
2026-05-25,Rotterdam,0.5577,5,55.2,True,Weather-Correlated Engine
2026-05-25,Los Angeles,0.5235,4,51.8,True,Weather-Correlated Engine
2026-05-26,Shanghai,0.6083,7,60.2,True,Weather-Correlated Engine
2026-05-26,Singapore,0.587,4,58.1,True,Weather-Correlated Engine
2026-05-26,Rotterdam,0.5783,5,57.2,True,Weather-Correlated Engine
2026-05-26,Los Angeles,0.52,4,51.5,True,Weather-Correlated Engine
2026-05-27,Shanghai,0.6289,6,62.3,True,Weather-Correlated Engine
2026-05-27,Singapore,0.606,4,60.0,True,Weather-Correlated Engine
2026-05-27,Rotterdam,0.5458,4,54.0,True,Weather-Correlated Engine
2026-05-27,Los Angeles,0.5144,4,50.9,True,Weather-Correlated Engine
2026-05-28,Shanghai,0.6254,5,61.9,True,Weather-Correlated Engine
2026-05-28,Singapore,0.5846,5,57.9,True,Weather-Correlated Engine
2026-05-28,Rotterdam,0.5729,4,56.7,True,Weather-Correlated Engine
2026-05-28,Los Angeles,0.4857,5,48.1,True,Weather-Correlated Engine
2026-05-29,Shanghai,0.6461,6,64.0,True,Weather-Correlated Engine
2026-05-29,Singapore,0.6018,5,59.6,True,Weather-Correlated Engine
2026-05-29,Rotterdam,0.5848,5,57.9,True,Weather-Correlated Engine
2026-05-29,Los Angeles,0.5027,3,49.8,True,Weather-Correlated Engine
2026-05-30,Shanghai,0.6051,6,59.9,True,Weather-Correlated Engine
2026-05-30,Singapore,0.5854,6,58.0,True,Weather-Correlated Engine
2026-05-30,Rotterdam,0.5858,4,58.0,True,Weather-Correlated Engine
2026-05-30,Los Angeles,0.4916,3,48.7,True,Weather-Correlated Engine
2026-05-31,Shanghai,0.6339,5,62.8,True,Weather-Correlated Engine
2026-05-31,Singapore,0.5951,5,58.9,True,Weather-Correlated Engine
2026-05-31,Rotterdam,0.5776,5,57.2,True,Weather-Correlated Engine
2026-05-31,Los Angeles,0.488,3,48.3,True,Weather-Correlated Engine
2026-06-01,Shanghai,0.7209,7,71.4,True,Weather-Correlated Engine
2026-06-01,Singapore,0.6775,5,67.1,True,Weather-Correlated Engine
2026-06-01,Rotterdam,0.6871,7,68.0,True,Weather-Correlated Engine
2026-06-01,Los Angeles,0.6289,7,62.3,True,Weather-Correlated Engine
2026-06-02,Shanghai,0.7324,7,72.5,True,Weather-Correlated Engine
2026-06-02,Singapore,0.6703,7,66.4,True,Weather-Correlated Engine
2026-06-02,Rotterdam,0.6837,5,67.7,True,Weather-Correlated Engine
2026-06-02,Los Angeles,0.607,7,60.1,True,Weather-Correlated Engine
2026-06-03,Shanghai,0.7004,6,69.3,True,Weather-Correlated Engine
2026-06-03,Singapore,0.7188,8,71.2,True,Weather-Correlated Engine
2026-06-03,Rotterdam,0.6721,6,66.5,True,Weather-Correlated Engine
2026-06-03,Los Angeles,0.625,6,61.9,True,Weather-Correlated Engine
2026-06-04,Shanghai,0.7205,6,71.3,True,Weather-Correlated Engine
2026-06-04,Singapore,0.7193,6,71.2,True,Weather-Correlated Engine
2026-06-04,Rotterdam,0.6766,7,67.0,True,Weather-Correlated Engine
2026-06-04,Los Angeles,0.5885,5,58.3,True,Weather-Correlated Engine
2026-06-05,Shanghai,0.7155,7,70.8,True,Weather-Correlated Engine
2026-06-05,Singapore,0.7047,7,69.8,True,Weather-Correlated Engine
2026-06-05,Rotterdam,0.6753,6,66.9,True,Weather-Correlated Engine
2026-06-05,Los Angeles,0.5928,6,58.7,True,Weather-Correlated Engine
2026-06-06,Shanghai,0.7378,7,73.0,True,Weather-Correlated Engine
2026-06-06,Singapore,0.7195,7,71.2,True,Weather-Correlated Engine
2026-06-06,Rotterdam,0.6825,5,67.6,True,Weather-Correlated Engine
2026-06-06,Los Angeles,0.5805,4,57.5,True,Weather-Correlated Engine
2026-06-07,Shanghai,0.7234,8,71.6,True,Weather-Correlated Engine
2026-06-07,Singapore,0.7089,6,70.2,True,Weather-Correlated Engine
2026-06-07,Rotterdam,0.6814,7,67.5,True,Weather-Correlated Engine
2026-06-07,Los Angeles,0.5991,5,59.3,True,Weather-Correlated Engine
2026-06-08,Shanghai,0.7453,7,73.8,True,Weather-Correlated Engine
2026-06-08,Singapore,0.7107,7,70.4,True,Weather-Correlated Engine
2026-06-08,Rotterdam,0.6484,5,64.2,True,Weather-Correlated Engine
2026-06-08,Los Angeles,0.6053,6,59.9,True,Weather-Correlated Engine
2026-06-09,Shanghai,0.7309,7,72.4,True,Weather-Correlated Engine
2026-06-09,Singapore,0.7076,7,70.0,True,Weather-Correlated Engine
2026-06-09,Rotterdam,0.6432,7,63.7,True,Weather-Correlated Engine
2026-06-09,Los Angeles,0.5999,4,59.4,True,Weather-Correlated Engine
2026-06-10,Shanghai,0.7198,8,71.3,True,Weather-Correlated Engine
2026-06-10,Singapore,0.6858,6,67.9,True,Weather-Correlated Engine
2026-06-10,Rotterdam,0.6557,7,64.9,True,Weather-Correlated Engine
2026-06-10,Los Angeles,0.6075,7,60.1,True,Weather-Correlated Engine
2026-06-11,Shanghai,0.7054,6,69.8,True,Weather-Correlated Engine
2026-06-11,Singapore,0.6778,7,67.1,True,Weather-Correlated Engine
2026-06-11,Rotterdam,0.6733,5,66.7,True,Weather-Correlated Engine
2026-06-11,Los Angeles,0.6194,5,61.3,True,Weather-Correlated Engine
2026-06-12,Shanghai,0.7353,8,72.8,True,Weather-Correlated Engine
2026-06-12,Singapore,0.6872,5,68.0,True,Weather-Correlated Engine
2026-06-12,Rotterdam,0.645,5,63.9,True,Weather-Correlated Engine
2026-06-12,Los Angeles,0.6266,7,62.0,True,Weather-Correlated Engine
2026-06-13,Shanghai,0.7057,7,69.9,True,Weather-Correlated Engine
2026-06-13,Singapore,0.7043,6,69.7,True,Weather-Correlated Engine
2026-06-13,Rotterdam,0.6471,7,64.1,True,Weather-Correlated Engine
2026-06-13,Los Angeles,0.6035,5,59.7,True,Weather-Correlated Engine
2026-06-14,Shanghai,0.733,6,72.6,True,Weather-Correlated Engine
2026-06-14,Singapore,0.6842,5,67.7,True,Weather-Correlated Engine
2026-06-14,Rotterdam,0.6666,6,66.0,True,Weather-Correlated Engine
2026-06-14,Los Angeles,0.6007,6,59.5,True,Weather-Correlated Engine
2026-06-15,Shanghai,0.7155,6,70.8,True,Weather-Correlated Engine
2026-06-15,Singapore,0.7029,5,69.6,True,Weather-Correlated Engine
2026-06-15,Rotterdam,0.6882,5,68.1,True,Weather-Correlated Engine
2026-06-15,Los Angeles,0.5925,5,58.7,True,Weather-Correlated Engine
2026-06-16,Shanghai,0.7017,6,69.5,True,Weather-Correlated Engine
2026-06-16,Singapore,0.7044,6,69.7,True,Weather-Correlated Engine
2026-06-16,Rotterdam,0.6875,7,68.1,True,Weather-Correlated Engine
2026-06-16,Los Angeles,0.5969,6,59.1,True,Weather-Correlated Engine
2026-06-17,Shanghai,0.7146,7,70.7,True,Weather-Correlated Engine
2026-06-17,Singapore,0.7077,7,70.1,True,Weather-Correlated Engine
2026-06-17,Rotterdam,0.688,6,68.1,True,Weather-Correlated Engine
2026-06-17,Los Angeles,0.583,5,57.7,True,Weather-Correlated Engine
2026-06-18,Shanghai,0.738,8,73.1,True,Weather-Correlated Engine
2026-06-18,Singapore,0.684,7,67.7,True,Weather-Correlated Engine
2026-06-18,Rotterdam,0.6818,7,67.5,True,Weather-Correlated Engine
2026-06-18,Los Angeles,0.5924,4,58.6,True,Weather-Correlated Engine
2026-06-19,Shanghai,0.7255,6,71.8,True,Weather-Correlated Engine
2026-06-19,Singapore,0.6889,5,68.2,True,Weather-Correlated Engine
2026-06-19,Rotterdam,0.6832,5,67.6,True,Weather-Correlated Engine
2026-06-19,Los Angeles,0.624,5,61.8,True,Weather-Correlated Engine
2026-06-20,Shanghai,0.7361,6,72.9,True,Weather-Correlated Engine
2026-06-20,Singapore,0.6957,7,68.9,True,Weather-Correlated Engine
2026-06-20,Rotterdam,0.6746,5,66.8,True,Weather-Correlated Engine
2026-06-20,Los Angeles,0.5821,6,57.6,True,Weather-Correlated Engine
2026-06-21,Shanghai,0.7425,6,73.5,True,Weather-Correlated Engine
2026-06-21,Singapore,0.7147,8,70.8,True,Weather-Correlated Engine
2026-06-21,Rotterdam,0.6406,5,63.4,True,Weather-Correlated Engine
2026-06-21,Los Angeles,0.5917,6,58.6,True,Weather-Correlated Engine
2026-06-22,Shanghai,0.7045,5,69.7,True,Weather-Correlated Engine
2026-06-22,Singapore,0.6904,7,68.4,True,Weather-Correlated Engine
2026-06-22,Rotterdam,0.6609,6,65.4,True,Weather-Correlated Engine
2026-06-22,Los Angeles,0.6211,7,61.5,True,Weather-Correlated Engine
2026-06-23,Shanghai,0.7102,6,70.3,True,Weather-Correlated Engine
2026-06-23,Singapore,0.6887,5,68.2,True,Weather-Correlated Engine
2026-06-23,Rotterdam,0.6757,6,66.9,True,Weather-Correlated Engine
2026-06-23,Los Angeles,0.6232,5,61.7,True,Weather-Correlated Engine
2026-06-24,Shanghai,0.7143,8,70.7,True,Weather-Correlated Engine
2026-06-24,Singapore,0.6883,5,68.1,True,Weather-Correlated Engine
2026-06-24,Rotterdam,0.6519,5,64.5,True,Weather-Correlated Engine
2026-06-24,Los Angeles,0.5945,6,58.9,True,Weather-Correlated Engine
2026-06-25,Shanghai,0.7002,6,69.3,True,Weather-Correlated Engine
2026-06-25,Singapore,0.7081,8,70.1,True,Weather-Correlated Engine
2026-06-25,Rotterdam,0.6854,6,67.9,True,Weather-Correlated Engine
2026-06-25,Los Angeles,0.5821,6,57.6,True,Weather-Correlated Engine
2026-06-26,Shanghai,0.7147,8,70.8,True,Weather-Correlated Engine
2026-06-26,Singapore,0.69,7,68.3,True,Weather-Correlated Engine
2026-06-26,Rotterdam,0.643,6,63.7,True,Weather-Correlated Engine
2026-06-26,Los Angeles,0.5867,4,58.1,True,Weather-Correlated Engine
2026-06-27,Shanghai,0.7184,7,71.1,True,Weather-Correlated Engine
2026-06-27,Singapore,0.6844,5,67.8,True,Weather-Correlated Engine
2026-06-27,Rotterdam,0.6819,5,67.5,True,Weather-Correlated Engine
2026-06-27,Los Angeles,0.5816,4,57.6,True,Weather-Correlated Engine
2026-06-28,Shanghai,0.7332,6,72.6,True,Weather-Correlated Engine
2026-06-28,Singapore,0.6847,7,67.8,True,Weather-Correlated Engine
2026-06-28,Rotterdam,0.6647,7,65.8,True,Weather-Correlated Engine
2026-06-28,Los Angeles,0.5988,6,59.3,True,Weather-Correlated Engine
2026-06-29,Shanghai,0.7337,6,72.6,True,Weather-Correlated Engine
2026-06-29,Singapore,0.7069,6,70.0,True,Weather-Correlated Engine
2026-06-29,Rotterdam,0.6563,7,65.0,True,Weather-Correlated Engine
2026-06-29,Los Angeles,0.6081,7,60.2,True,Weather-Correlated Engine
2026-06-30,Shanghai,0.7325,7,72.5,True,Weather-Correlated Engine
2026-06-30,Singapore,0.7148,6,70.8,True,Weather-Correlated Engine
2026-06-30,Rotterdam,0.6774,6,67.1,True,Weather-Correlated Engine
2026-06-30,Los Angeles,0.6264,5,62.0,True,Weather-Correlated Engine
2026-07-01,Shanghai,0.7022,6,69.5,True,Weather-Correlated Engine
2026-07-01,Singapore,0.7173,7,71.0,True,Weather-Correlated Engine
2026-07-01,Rotterdam,0.6644,5,65.8,True,Weather-Correlated Engine
2026-07-01,Los Angeles,0.6298,7,62.4,True,Weather-Correlated Engine
2026-07-02,Shanghai,0.7283,8,72.1,True,Weather-Correlated Engine
2026-07-02,Singapore,0.7192,6,71.2,True,Weather-Correlated Engine
2026-07-02,Rotterdam,0.6897,5,68.3,True,Weather-Correlated Engine
2026-07-02,Los Angeles,0.5878,6,58.2,True,Weather-Correlated Engine
2026-07-03,Shanghai,0.7083,7,70.1,True,Weather-Correlated Engine
2026-07-03,Singapore,0.6909,7,68.4,True,Weather-Correlated Engine
2026-07-03,Rotterdam,0.6857,7,67.9,True,Weather-Correlated Engine
2026-07-03,Los Angeles,0.6096,7,60.4,True,Weather-Correlated Engine
2026-07-04,Shanghai,0.7317,8,72.4,True,Weather-Correlated Engine
2026-07-04,Singapore,0.6762,7,66.9,True,Weather-Correlated Engine
2026-07-04,Rotterdam,0.647,5,64.1,True,Weather-Correlated Engine
2026-07-04,Los Angeles,0.6073,5,60.1,True,Weather-Correlated Engine
2026-07-05,Shanghai,0.7369,7,73.0,True,Weather-Correlated Engine
2026-07-05,Singapore,0.7103,8,70.3,True,Weather-Correlated Engine
2026-07-05,Rotterdam,0.6443,7,63.8,True,Weather-Correlated Engine
2026-07-05,Los Angeles,0.5981,6,59.2,True,Weather-Correlated Engine
2026-07-06,Shanghai,0.7049,5,69.8,True,Weather-Correlated Engine
2026-07-06,Singapore,0.6912,7,68.4,True,Weather-Correlated Engine
2026-07-06,Rotterdam,0.6779,5,67.1,True,Weather-Correlated Engine
2026-07-06,Los Angeles,0.6017,5,59.6,True,Weather-Correlated Engine
2026-07-07,Shanghai,0.7151,6,70.8,True,Weather-Correlated Engine
2026-07-07,Singapore,0.6737,7,66.7,True,Weather-Correlated Engine
2026-07-07,Rotterdam,0.6645,5,65.8,True,Weather-Correlated Engine
2026-07-07,Los Angeles,0.6293,5,62.3,True,Weather-Correlated Engine
2026-07-08,Shanghai,0.7385,7,73.1,True,Weather-Correlated Engine
2026-07-08,Singapore,0.7044,6,69.7,True,Weather-Correlated Engine
2026-07-08,Rotterdam,0.6572,6,65.1,True,Weather-Correlated Engine
2026-07-08,Los Angeles,0.6249,5,61.9,True,Weather-Correlated Engine
2026-07-09,Shanghai,0.7004,6,69.3,True,Weather-Correlated Engine
2026-07-09,Singapore,0.708,8,70.1,True,Weather-Correlated Engine
2026-07-09,Rotterdam,0.6869,5,68.0,True,Weather-Correlated Engine
2026-07-09,Los Angeles,0.6004,6,59.4,True,Weather-Correlated Engine
2026-07-10,Shanghai,0.7063,6,69.9,True,Weather-Correlated Engine
2026-07-10,Singapore,0.6786,6,67.2,True,Weather-Correlated Engine
2026-07-10,Rotterdam,0.6506,7,64.4,True,Weather-Correlated Engine
2026-07-10,Los Angeles,0.6205,5,61.4,True,Weather-Correlated Engine
2026-07-11,Shanghai,0.7125,8,70.5,True,Weather-Correlated Engine
2026-07-11,Singapore,0.6829,6,67.6,True,Weather-Correlated Engine
2026-07-11,Rotterdam,0.675,5,66.8,True,Weather-Correlated Engine
2026-07-11,Los Angeles,0.6276,6,62.1,True,Weather-Correlated Engine
2026-07-12,Shanghai,0.7022,7,69.5,True,Weather-Correlated Engine
2026-07-12,Singapore,0.7056,7,69.9,True,Weather-Correlated Engine
2026-07-12,Rotterdam,0.6898,7,68.3,True,Weather-Correlated Engine
2026-07-12,Los Angeles,0.6214,7,61.5,True,Weather-Correlated Engine
2026-07-13,Shanghai,0.7479,7,74.0,True,Weather-Correlated Engine
2026-07-13,Singapore,0.7038,5,69.7,True,Weather-Correlated Engine
2026-07-13,Rotterdam,0.6876,7,68.1,True,Weather-Correlated Engine
2026-07-13,Los Angeles,0.5875,6,58.2,True,Weather-Correlated Engine
2026-07-14,Shanghai,0.7318,6,72.5,True,Weather-Correlated Engine
2026-07-14,Singapore,0.7151,8,70.8,True,Weather-Correlated Engine
2026-07-14,Rotterdam,0.6698,6,66.3,True,Weather-Correlated Engine
2026-07-14,Los Angeles,0.5849,5,57.9,True,Weather-Correlated Engine
2026-07-15,Shanghai,0.7377,7,73.0,True,Weather-Correlated Engine
2026-07-15,Singapore,0.6812,5,67.4,True,Weather-Correlated Engine
2026-07-15,Rotterdam,0.6499,5,64.3,True,Weather-Correlated Engine
2026-07-15,Los Angeles,0.5956,5,59.0,True,Weather-Correlated Engine
2026-07-16,Shanghai,0.745,6,73.8,True,Weather-Correlated Engine
2026-07-16,Singapore,0.7118,8,70.5,True,Weather-Correlated Engine
2026-07-16,Rotterdam,0.6829,7,67.6,True,Weather-Correlated Engine
2026-07-16,Los Angeles,0.6278,5,62.2,True,Weather-Correlated Engine
2026-07-17,Shanghai,0.7054,7,69.8,True,Weather-Correlated Engine
2026-07-17,Singapore,0.7155,6,70.8,True,Weather-Correlated Engine
2026-07-17,Rotterdam,0.6582,5,65.2,True,Weather-Correlated Engine
2026-07-17,Los Angeles,0.608,7,60.2,True,Weather-Correlated Engine
2026-07-18,Shanghai,0.7102,7,70.3,True,Weather-Correlated Engine
2026-07-18,Singapore,0.6824,7,67.6,True,Weather-Correlated Engine
2026-07-18,Rotterdam,0.6789,5,67.2,True,Weather-Correlated Engine
2026-07-18,Los Angeles,0.5826,6,57.7,True,Weather-Correlated Engine
2026-07-19,Shanghai,0.7367,7,72.9,True,Weather-Correlated Engine
2026-07-19,Singapore,0.7016,5,69.5,True,Weather-Correlated Engine
2026-07-19,Rotterdam,0.6761,5,66.9,True,Weather-Correlated Engine
2026-07-19,Los Angeles,0.5848,4,57.9,True,Weather-Correlated Engine
2026-07-20,Shanghai,0.7424,8,73.5,True,Weather-Correlated Engine
2026-07-20,Singapore,0.7187,7,71.1,True,Weather-Correlated Engine
2026-07-20,Rotterdam,0.6878,5,68.1,True,Weather-Correlated Engine
2026-07-20,Los Angeles,0.6137,7,60.8,True,Weather-Correlated Engine
2026-07-21,Shanghai,0.7213,7,71.4,True,Weather-Correlated Engine
2026-07-21,Singapore,0.7092,6,70.2,True,Weather-Correlated Engine
2026-07-21,Rotterdam,0.6571,6,65.0,True,Weather-Correlated Engine
2026-07-21,Los Angeles,0.6125,6,60.6,True,Weather-Correlated Engine
2026-07-22,Shanghai,0.7381,7,73.1,True,Weather-Correlated Engine
2026-07-22,Singapore,0.7139,7,70.7,True,Weather-Correlated Engine
2026-07-22,Rotterdam,0.689,6,68.2,True,Weather-Correlated Engine
2026-07-22,Los Angeles,0.5839,6,57.8,True,Weather-Correlated Engine
2026-07-23,Shanghai,0.7289,6,72.2,True,Weather-Correlated Engine
2026-07-23,Singapore,0.6905,5,68.4,True,Weather-Correlated Engine
2026-07-23,Rotterdam,0.689,7,68.2,True,Weather-Correlated Engine
2026-07-23,Los Angeles,0.6001,4,59.4,True,Weather-Correlated Engine
2026-07-24,Shanghai,0.7074,7,70.0,True,Weather-Correlated Engine
2026-07-24,Singapore,0.6832,5,67.6,True,Weather-Correlated Engine
2026-07-24,Rotterdam,0.6669,6,66.0,True,Weather-Correlated Engine
2026-07-24,Los Angeles,0.5931,5,58.7,True,Weather-Correlated Engine
2026-07-25,Shanghai,0.7233,6,71.6,True,Weather-Correlated Engine
2026-07-25,Singapore,0.7129,8,70.6,True,Weather-Correlated Engine
2026-07-25,Rotterdam,0.6546,6,64.8,True,Weather-Correlated Engine
2026-07-25,Los Angeles,0.63,5,62.4,True,Weather-Correlated Engine
2026-07-26,Shanghai,0.7022,5,69.5,True,Weather-Correlated Engine
2026-07-26,Singapore,0.7183,8,71.1,True,Weather-Correlated Engine
2026-07-26,Rotterdam,0.6579,5,65.1,True,Weather-Correlated Engine
2026-07-26,Los Angeles,0.5983,4,59.2,True,Weather-Correlated Engine
2026-07-27,Shanghai,0.7282,7,72.1,True,Weather-Correlated Engine
2026-07-27,Singapore,0.6986,5,69.2,True,Weather-Correlated Engine
2026-07-27,Rotterdam,0.6541,5,64.8,True,Weather-Correlated Engine
2026-07-27,Los Angeles,0.6077,6,60.2,True,Weather-Correlated Engine
2026-07-28,Shanghai,0.7135,6,70.6,True,Weather-Correlated Engine
2026-07-28,Singapore,0.6868,6,68.0,True,Weather-Correlated Engine
2026-07-28,Rotterdam,0.6798,6,67.3,True,Weather-Correlated Engine
2026-07-28,Los Angeles,0.5881,4,58.2,True,Weather-Correlated Engine
2026-07-29,Shanghai,0.7406,6,73.3,True,Weather-Correlated Engine
2026-07-29,Singapore,0.7171,8,71.0,True,Weather-Correlated Engine
2026-07-29,Rotterdam,0.669,7,66.2,True,Weather-Correlated Engine
2026-07-29,Los Angeles,0.6224,7,61.6,True,Weather-Correlated Engine
2026-07-30,Shanghai,0.7305,7,72.3,True,Weather-Correlated Engine
2026-07-30,Singapore,0.6751,7,66.8,True,Weather-Correlated Engine
2026-07-30,Rotterdam,0.689,5,68.2,True,Weather-Correlated Engine
2026-07-30,Los Angeles,0.5872,4,58.1,True,Weather-Correlated Engine
2026-07-31,Shanghai,0.7286,6,72.1,True,Weather-Correlated Engine
2026-07-31,Singapore,0.7009,7,69.4,True,Weather-Correlated Engine
2026-07-31,Rotterdam,0.6462,5,64.0,True,Weather-Correlated Engine
2026-07-31,Los Angeles,0.6211,5,61.5,True,Weather-Correlated Engine
2026-08-01,Shanghai,0.7058,6,69.9,True,Weather-Correlated Engine
2026-08-01,Singapore,0.6816,5,67.5,True,Weather-Correlated Engine
2026-08-01,Rotterdam,0.6698,5,66.3,True,Weather-Correlated Engine
2026-08-01,Los Angeles,0.6106,5,60.5,True,Weather-Correlated Engine
2026-08-02,Shanghai,0.7061,6,69.9,True,Weather-Correlated Engine
2026-08-02,Singapore,0.688,6,68.1,True,Weather-Correlated Engine
2026-08-02,Rotterdam,0.6669,6,66.0,True,Weather-Correlated Engine
2026-08-02,Los Angeles,0.6006,6,59.5,True,Weather-Correlated Engine
2026-08-03,Shanghai,0.714,6,70.7,True,Weather-Correlated Engine
2026-08-03,Singapore,0.6783,5,67.2,True,Weather-Correlated Engine
2026-08-03,Rotterdam,0.6734,6,66.7,True,Weather-Correlated Engine
2026-08-03,Los Angeles,0.6293,6,62.3,True,Weather-Correlated Engine
2026-08-04,Shanghai,0.7304,8,72.3,True,Weather-Correlated Engine
2026-08-04,Singapore,0.6706,6,66.4,True,Weather-Correlated Engine
2026-08-04,Rotterdam,0.6504,7,64.4,True,Weather-Correlated Engine
2026-08-04,Los Angeles,0.5837,6,57.8,True,Weather-Correlated Engine
2026-08-05,Shanghai,0.7434,7,73.6,True,Weather-Correlated Engine
2026-08-05,Singapore,0.7027,7,69.6,True,Weather-Correlated Engine
2026-08-05,Rotterdam,0.6691,5,66.2,True,Weather-Correlated Engine
2026-08-05,Los Angeles,0.6205,7,61.4,True,Weather-Correlated Engine
2026-08-06,Shanghai,0.7323,8,72.5,True,Weather-Correlated Engine
2026-08-06,Singapore,0.7123,7,70.5,True,Weather-Correlated Engine
2026-08-06,Rotterdam,0.6708,6,66.4,True,Weather-Correlated Engine
2026-08-06,Los Angeles,0.6105,5,60.4,True,Weather-Correlated Engine
2026-08-07,Shanghai,0.7169,7,71.0,True,Weather-Correlated Engine
2026-08-07,Singapore,0.6756,5,66.9,True,Weather-Correlated Engine
2026-08-07,Rotterdam,0.6643,5,65.8,True,Weather-Correlated Engine
2026-08-07,Los Angeles,0.5898,6,58.4,True,Weather-Correlated Engine
2026-08-08,Shanghai,0.7134,8,70.6,True,Weather-Correlated Engine
2026-08-08,Singapore,0.6808,6,67.4,True,Weather-Correlated Engine
2026-08-08,Rotterdam,0.6411,6,63.5,True,Weather-Correlated Engine
2026-08-08,Los Angeles,0.5865,6,58.1,True,Weather-Correlated Engine
2026-08-09,Shanghai,0.716,7,70.9,True,Weather-Correlated Engine
2026-08-09,Singapore,0.6759,6,66.9,True,Weather-Correlated Engine
2026-08-09,Rotterdam,0.6441,5,63.8,True,Weather-Correlated Engine
2026-08-09,Los Angeles,0.6285,5,62.2,True,Weather-Correlated Engine
2026-08-10,Shanghai,0.7045,6,69.7,True,Weather-Correlated Engine
2026-08-10,Singapore,0.6977,7,69.1,True,Weather-Correlated Engine
2026-08-10,Rotterdam,0.6651,5,65.8,True,Weather-Correlated Engine
2026-08-10,Los Angeles,0.5832,4,57.7,True,Weather-Correlated Engine
2026-08-11,Shanghai,0.7005,6,69.4,True,Weather-Correlated Engine
2026-08-11,Singapore,0.7191,7,71.2,True,Weather-Correlated Engine
2026-08-11,Rotterdam,0.6426,6,63.6,True,Weather-Correlated Engine
2026-08-11,Los Angeles,0.5871,6,58.1,True,Weather-Correlated Engine
2026-08-12,Shanghai,0.7243,8,71.7,True,Weather-Correlated Engine
2026-08-12,Singapore,0.6953,5,68.8,True,Weather-Correlated Engine
2026-08-12,Rotterdam,0.6546,6,64.8,True,Weather-Correlated Engine
2026-08-12,Los Angeles,0.5931,4,58.7,True,Weather-Correlated Engine
2026-08-13,Shanghai,0.7472,6,74.0,True,Weather-Correlated Engine
2026-08-13,Singapore,0.7183,7,71.1,True,Weather-Correlated Engine
2026-08-13,Rotterdam,0.6748,7,66.8,True,Weather-Correlated Engine
2026-08-13,Los Angeles,0.6114,5,60.5,True,Weather-Correlated Engine
2026-08-14,Shanghai,0.7343,8,72.7,True,Weather-Correlated Engine
2026-08-14,Singapore,0.7013,7,69.4,True,Weather-Correlated Engine
2026-08-14,Rotterdam,0.6873,6,68.0,True,Weather-Correlated Engine
2026-08-14,Los Angeles,0.6028,4,59.7,True,Weather-Correlated Engine
2026-08-15,Shanghai,0.7468,8,73.9,True,Weather-Correlated Engine
2026-08-15,Singapore,0.6984,5,69.1,True,Weather-Correlated Engine
2026-08-15,Rotterdam,0.6536,6,64.7,True,Weather-Correlated Engine
2026-08-15,Los Angeles,0.6075,6,60.1,True,Weather-Correlated Engine
2026-08-16,Shanghai,0.7084,6,70.1,True,Weather-Correlated Engine
2026-08-16,Singapore,0.6766,5,67.0,True,Weather-Correlated Engine
2026-08-16,Rotterdam,0.6616,5,65.5,True,Weather-Correlated Engine
2026-08-16,Los Angeles,0.6094,5,60.3,True,Weather-Correlated Engine
2026-08-17,Shanghai,0.7235,8,71.6,True,Weather-Correlated Engine
2026-08-17,Singapore,0.6908,7,68.4,True,Weather-Correlated Engine
2026-08-17,Rotterdam,0.6629,7,65.6,True,Weather-Correlated Engine
2026-08-17,Los Angeles,0.5981,5,59.2,True,Weather-Correlated Engine
2026-08-18,Shanghai,0.7042,6,69.7,True,Weather-Correlated Engine
2026-08-18,Singapore,0.6739,5,66.7,True,Weather-Correlated Engine
2026-08-18,Rotterdam,0.6408,6,63.4,True,Weather-Correlated Engine
2026-08-18,Los Angeles,0.6145,7,60.8,True,Weather-Correlated Engine
2026-08-19,Shanghai,0.7432,7,73.6,True,Weather-Correlated Engine
2026-08-19,Singapore,0.7076,6,70.1,True,Weather-Correlated Engine
2026-08-19,Rotterdam,0.6641,7,65.7,True,Weather-Correlated Engine
2026-08-19,Los Angeles,0.6024,5,59.6,True,Weather-Correlated Engine
2026-08-20,Shanghai,0.7111,7,70.4,True,Weather-Correlated Engine
2026-08-20,Singapore,0.6806,5,67.4,True,Weather-Correlated Engine
2026-08-20,Rotterdam,0.6585,5,65.2,True,Weather-Correlated Engine
2026-08-20,Los Angeles,0.6105,6,60.4,True,Weather-Correlated Engine
2026-08-21,Shanghai,0.7131,6,70.6,True,Weather-Correlated Engine
2026-08-21,Singapore,0.7163,8,70.9,True,Weather-Correlated Engine
2026-08-21,Rotterdam,0.6666,7,66.0,True,Weather-Correlated Engine
2026-08-21,Los Angeles,0.5894,5,58.3,True,Weather-Correlated Engine
2026-08-22,Shanghai,0.7046,6,69.8,True,Weather-Correlated Engine
2026-08-22,Singapore,0.7133,8,70.6,True,Weather-Correlated Engine
2026-08-22,Rotterdam,0.6606,7,65.4,True,Weather-Correlated Engine
2026-08-22,Los Angeles,0.6052,5,59.9,True,Weather-Correlated Engine
2026-08-23,Shanghai,0.7148,8,70.8,True,Weather-Correlated Engine
2026-08-23,Singapore,0.7018,6,69.5,True,Weather-Correlated Engine
2026-08-23,Rotterdam,0.6715,5,66.5,True,Weather-Correlated Engine
2026-08-23,Los Angeles,0.6251,5,61.9,True,Weather-Correlated Engine
2026-08-24,Shanghai,0.7044,5,69.7,True,Weather-Correlated Engine
2026-08-24,Singapore,0.7177,6,71.1,True,Weather-Correlated Engine
2026-08-24,Rotterdam,0.674,6,66.7,True,Weather-Correlated Engine
2026-08-24,Los Angeles,0.6104,6,60.4,True,Weather-Correlated Engine
2026-08-25,Shanghai,0.7256,6,71.8,True,Weather-Correlated Engine
2026-08-25,Singapore,0.6771,6,67.0,True,Weather-Correlated Engine
2026-08-25,Rotterdam,0.6435,6,63.7,True,Weather-Correlated Engine
2026-08-25,Los Angeles,0.5842,5,57.8,True,Weather-Correlated Engine
2026-08-26,Shanghai,0.712,6,70.5,True,Weather-Correlated Engine
2026-08-26,Singapore,0.699,5,69.2,True,Weather-Correlated Engine
2026-08-26,Rotterdam,0.6665,6,66.0,True,Weather-Correlated Engine
2026-08-26,Los Angeles,0.5937,6,58.8,True,Weather-Correlated Engine
2026-08-27,Shanghai,0.7398,6,73.2,True,Weather-Correlated Engine
2026-08-27,Singapore,0.6851,5,67.8,True,Weather-Correlated Engine
2026-08-27,Rotterdam,0.6448,5,63.8,True,Weather-Correlated Engine
2026-08-27,Los Angeles,0.604,5,59.8,True,Weather-Correlated Engine
2026-08-28,Shanghai,0.7101,7,70.3,True,Weather-Correlated Engine
2026-08-28,Singapore,0.7186,8,71.1,True,Weather-Correlated Engine
2026-08-28,Rotterdam,0.6765,5,67.0,True,Weather-Correlated Engine
2026-08-28,Los Angeles,0.6132,6,60.7,True,Weather-Correlated Engine
2026-08-29,Shanghai,0.72,7,71.3,True,Weather-Correlated Engine
2026-08-29,Singapore,0.7047,7,69.8,True,Weather-Correlated Engine
2026-08-29,Rotterdam,0.6437,7,63.7,True,Weather-Correlated Engine
2026-08-29,Los Angeles,0.5918,4,58.6,True,Weather-Correlated Engine
2026-08-30,Shanghai,0.7261,8,71.9,True,Weather-Correlated Engine
2026-08-30,Singapore,0.7124,8,70.5,True,Weather-Correlated Engine
2026-08-30,Rotterdam,0.6788,5,67.2,True,Weather-Correlated Engine
2026-08-30,Los Angeles,0.6252,7,61.9,True,Weather-Correlated Engine
2026-08-31,Shanghai,0.7117,7,70.5,True,Weather-Correlated Engine
2026-08-31,Singapore,0.7162,8,70.9,True,Weather-Correlated Engine
2026-08-31,Rotterdam,0.657,7,65.0,True,Weather-Correlated Engine
2026-08-31,Los Angeles,0.5938,5,58.8,True,Weather-Correlated Engine
2026-09-01,Shanghai,0.7086,6,70.1,True,Weather-Correlated Engine
2026-09-01,Singapore,0.7113,6,70.4,True,Weather-Correlated Engine
2026-09-01,Rotterdam,0.6579,6,65.1,True,Weather-Correlated Engine
2026-09-01,Los Angeles,0.6172,5,61.1,True,Weather-Correlated Engine
2026-09-02,Shanghai,0.7065,6,69.9,True,Weather-Correlated Engine
2026-09-02,Singapore,0.7158,7,70.9,True,Weather-Correlated Engine
2026-09-02,Rotterdam,0.6536,7,64.7,True,Weather-Correlated Engine
2026-09-02,Los Angeles,0.5918,4,58.6,True,Weather-Correlated Engine
2026-09-03,Shanghai,0.7042,5,69.7,True,Weather-Correlated Engine
2026-09-03,Singapore,0.6783,6,67.1,True,Weather-Correlated Engine
2026-09-03,Rotterdam,0.6856,5,67.9,True,Weather-Correlated Engine
2026-09-03,Los Angeles,0.6236,5,61.7,True,Weather-Correlated Engine
2026-09-04,Shanghai,0.7154,8,70.8,True,Weather-Correlated Engine
2026-09-04,Singapore,0.6755,7,66.9,True,Weather-Correlated Engine
2026-09-04,Rotterdam,0.6543,6,64.8,True,Weather-Correlated Engine
2026-09-04,Los Angeles,0.6102,7,60.4,True,Weather-Correlated Engine
2026-09-05,Shanghai,0.7331,8,72.6,True,Weather-Correlated Engine
2026-09-05,Singapore,0.6974,6,69.0,True,Weather-Correlated Engine
2026-09-05,Rotterdam,0.6864,7,68.0,True,Weather-Correlated Engine
2026-09-05,Los Angeles,0.5982,4,59.2,True,Weather-Correlated Engine
2026-09-06,Shanghai,0.7014,5,69.4,True,Weather-Correlated Engine
2026-09-06,Singapore,0.7155,6,70.8,True,Weather-Correlated Engine
2026-09-06,Rotterdam,0.6849,7,67.8,True,Weather-Correlated Engine
2026-09-06,Los Angeles,0.6267,6,62.0,True,Weather-Correlated Engine
2026-09-07,Shanghai,0.7391,6,73.2,True,Weather-Correlated Engine
2026-09-07,Singapore,0.6784,6,67.2,True,Weather-Correlated Engine
2026-09-07,Rotterdam,0.6428,5,63.6,True,Weather-Correlated Engine
2026-09-07,Los Angeles,0.6294,6,62.3,True,Weather-Correlated Engine
2026-09-08,Shanghai,0.7184,8,71.1,True,Weather-Correlated Engine
2026-09-08,Singapore,0.6905,6,68.4,True,Weather-Correlated Engine
2026-09-08,Rotterdam,0.6556,5,64.9,True,Weather-Correlated Engine
2026-09-08,Los Angeles,0.5898,5,58.4,True,Weather-Correlated Engine
2026-09-09,Shanghai,0.7331,7,72.6,True,Weather-Correlated Engine
2026-09-09,Singapore,0.7081,8,70.1,True,Weather-Correlated Engine
2026-09-09,Rotterdam,0.642,7,63.6,True,Weather-Correlated Engine
2026-09-09,Los Angeles,0.6027,4,59.7,True,Weather-Correlated Engine
2026-09-10,Shanghai,0.7019,6,69.5,True,Weather-Correlated Engine
2026-09-10,Singapore,0.6833,5,67.6,True,Weather-Correlated Engine
2026-09-10,Rotterdam,0.6431,7,63.7,True,Weather-Correlated Engine
2026-09-10,Los Angeles,0.6125,7,60.6,True,Weather-Correlated Engine
2026-09-11,Shanghai,0.7194,8,71.2,True,Weather-Correlated Engine
2026-09-11,Singapore,0.7084,7,70.1,True,Weather-Correlated Engine
2026-09-11,Rotterdam,0.6704,7,66.4,True,Weather-Correlated Engine
2026-09-11,Los Angeles,0.5818,5,57.6,True,Weather-Correlated Engine
2026-09-12,Shanghai,0.7377,8,73.0,True,Weather-Correlated Engine
2026-09-12,Singapore,0.6862,5,67.9,True,Weather-Correlated Engine
2026-09-12,Rotterdam,0.6794,5,67.3,True,Weather-Correlated Engine
2026-09-12,Los Angeles,0.5819,6,57.6,True,Weather-Correlated Engine
2026-09-13,Shanghai,0.7162,8,70.9,True,Weather-Correlated Engine
2026-09-13,Singapore,0.6911,5,68.4,True,Weather-Correlated Engine
2026-09-13,Rotterdam,0.6518,5,64.5,True,Weather-Correlated Engine
2026-09-13,Los Angeles,0.6153,5,60.9,True,Weather-Correlated Engine
2026-09-14,Shanghai,0.7015,7,69.5,True,Weather-Correlated Engine
2026-09-14,Singapore,0.6899,6,68.3,True,Weather-Correlated Engine
2026-09-14,Rotterdam,0.6696,5,66.3,True,Weather-Correlated Engine
2026-09-14,Los Angeles,0.6007,6,59.5,True,Weather-Correlated Engine
2026-09-15,Shanghai,0.749,7,74.2,True,Weather-Correlated Engine
2026-09-15,Singapore,0.6782,6,67.1,True,Weather-Correlated Engine
2026-09-15,Rotterdam,0.6733,7,66.7,True,Weather-Correlated Engine
2026-09-15,Los Angeles,0.6173,7,61.1,True,Weather-Correlated Engine
2026-09-16,Shanghai,0.7147,8,70.8,True,Weather-Correlated Engine
2026-09-16,Singapore,0.6977,5,69.1,True,Weather-Correlated Engine
2026-09-16,Rotterdam,0.6465,6,64.0,True,Weather-Correlated Engine
2026-09-16,Los Angeles,0.5961,6,59.0,True,Weather-Correlated Engine
2026-09-17,Shanghai,0.7296,7,72.2,True,Weather-Correlated Engine
2026-09-17,Singapore,0.7162,6,70.9,True,Weather-Correlated Engine
2026-09-17,Rotterdam,0.6572,6,65.1,True,Weather-Correlated Engine
2026-09-17,Los Angeles,0.5828,6,57.7,True,Weather-Correlated Engine
2026-09-18,Shanghai,0.7384,8,73.1,True,Weather-Correlated Engine
2026-09-18,Singapore,0.6855,7,67.9,True,Weather-Correlated Engine
2026-09-18,Rotterdam,0.6503,5,64.4,True,Weather-Correlated Engine
2026-09-18,Los Angeles,0.5933,4,58.7,True,Weather-Correlated Engine
2026-09-19,Shanghai,0.7405,7,73.3,True,Weather-Correlated Engine
2026-09-19,Singapore,0.675,6,66.8,True,Weather-Correlated Engine
2026-09-19,Rotterdam,0.6742,7,66.7,True,Weather-Correlated Engine
2026-09-19,Los Angeles,0.6269,6,62.1,True,Weather-Correlated Engine
2026-09-20,Shanghai,0.7302,6,72.3,True,Weather-Correlated Engine
2026-09-20,Singapore,0.6896,6,68.3,True,Weather-Correlated Engine
2026-09-20,Rotterdam,0.6476,6,64.1,True,Weather-Correlated Engine
2026-09-20,Los Angeles,0.6155,7,60.9,True,Weather-Correlated Engine
2026-09-21,Shanghai,0.7253,7,71.8,True,Weather-Correlated Engine
2026-09-21,Singapore,0.7155,6,70.8,True,Weather-Correlated Engine
2026-09-21,Rotterdam,0.6821,7,67.5,True,Weather-Correlated Engine
2026-09-21,Los Angeles,0.6207,5,61.4,True,Weather-Correlated Engine
2026-09-22,Shanghai,0.7032,7,69.6,True,Weather-Correlated Engine
2026-09-22,Singapore,0.6863,5,67.9,True,Weather-Correlated Engine
2026-09-22,Rotterdam,0.6859,6,67.9,True,Weather-Correlated Engine
2026-09-22,Los Angeles,0.5814,5,57.6,True,Weather-Correlated Engine
2026-09-23,Shanghai,0.7458,6,73.8,True,Weather-Correlated Engine
2026-09-23,Singapore,0.6722,5,66.5,True,Weather-Correlated Engine
2026-09-23,Rotterdam,0.6859,5,67.9,True,Weather-Correlated Engine
2026-09-23,Los Angeles,0.6015,6,59.6,True,Weather-Correlated Engine
2026-09-24,Shanghai,0.7223,7,71.5,True,Weather-Correlated Engine
2026-09-24,Singapore,0.6825,5,67.6,True,Weather-Correlated Engine
2026-09-24,Rotterdam,0.6668,5,66.0,True,Weather-Correlated Engine
2026-09-24,Los Angeles,0.5984,4,59.2,True,Weather-Correlated Engine
2026-09-25,Shanghai,0.7435,7,73.6,True,Weather-Correlated Engine
2026-09-25,Singapore,0.6756,5,66.9,True,Weather-Correlated Engine
2026-09-25,Rotterdam,0.6637,6,65.7,True,Weather-Correlated Engine
2026-09-25,Los Angeles,0.591,6,58.5,True,Weather-Correlated Engine
2026-09-26,Shanghai,0.7197,8,71.2,True,Weather-Correlated Engine
2026-09-26,Singapore,0.6962,6,68.9,True,Weather-Correlated Engine
2026-09-26,Rotterdam,0.6763,7,66.9,True,Weather-Correlated Engine
2026-09-26,Los Angeles,0.6237,7,61.7,True,Weather-Correlated Engine
2026-09-27,Shanghai,0.7106,8,70.3,True,Weather-Correlated Engine
2026-09-27,Singapore,0.6796,5,67.3,True,Weather-Correlated Engine
2026-09-27,Rotterdam,0.6597,5,65.3,True,Weather-Correlated Engine
2026-09-27,Los Angeles,0.5978,6,59.2,True,Weather-Correlated Engine
