date,precipitation_sum_mm,wind_speed_max_kmh,port
2021-01-01,0.0,17.3,Paradip
2021-01-02,0.0,14.6,Paradip
2021-01-03,0.0,16.6,Paradip
2021-01-04,0.0,13.7,Paradip
2021-01-05,0.0,13.6,Paradip
2021-01-06,0.0,10.2,Paradip
2021-01-07,0.0,9.8,Paradip
2021-01-08,0.0,14.0,Paradip
2021-01-09,0.0,11.7,Paradip
2021-01-10,0.0,11.6,Paradip
2021-01-11,0.0,11.2,Paradip
2021-01-12,0.0,13.8,Paradip
2021-01-13,1.0,17.2,Paradip
2021-01-14,0.0,18.6,Paradip
2021-01-15,0.1,13.6,Paradip
2021-01-16,0.0,13.7,Paradip
2021-01-17,0.0,18.9,Paradip
2021-01-18,0.0,11.4,Paradip
2021-01-19,0.0,19.6,Paradip
2021-01-20,0.0,21.6,Paradip
2021-01-21,0.0,19.4,Paradip
2021-01-22,0.0,12.4,Paradip
2021-01-23,0.0,15.0,Paradip
2021-01-24,0.0,13.8,Paradip
2021-01-25,0.4,16.6,Paradip
2021-01-26,1.4,18.7,Paradip
2021-01-27,0.1,17.9,Paradip
2021-01-28,0.0,16.8,Paradip
2021-01-29,0.0,14.1,Paradip
2021-01-30,0.0,18.9,Paradip
2021-01-31,0.1,20.7,Paradip
2021-02-01,0.0,15.4,Paradip
2021-02-02,0.0,13.7,Paradip
2021-02-03,0.0,14.2,Paradip
2021-02-04,0.0,12.5,Paradip
2021-02-05,0.0,10.1,Paradip
2021-02-06,0.0,13.2,Paradip
2021-02-07,0.0,18.9,Paradip
2021-02-08,0.0,17.0,Paradip
2021-02-09,0.0,11.0,Paradip
2021-02-10,0.0,15.5,Paradip
2021-02-11,0.0,16.7,Paradip
2021-02-12,0.0,15.6,Paradip
2021-02-13,0.0,18.0,Paradip
2021-02-14,0.0,20.0,Paradip
2021-02-15,0.0,16.2,Paradip
2021-02-16,0.0,14.6,Paradip
2021-02-17,0.0,16.5,Paradip
2021-02-18,0.0,15.5,Paradip
2021-02-19,0.0,17.7,Paradip
2021-02-20,0.8,16.7,Paradip
2021-02-21,0.0,15.9,Paradip
2021-02-22,0.0,16.0,Paradip
2021-02-23,0.0,20.2,Paradip
2021-02-24,0.0,13.5,Paradip
2021-02-25,0.0,17.6,Paradip
2021-02-26,0.0,22.9,Paradip
2021-02-27,0.0,17.5,Paradip
2021-02-28,0.0,20.5,Paradip
2021-03-01,0.0,23.7,Paradip
2021-03-02,0.0,20.5,Paradip
2021-03-03,0.0,18.1,Paradip
2021-03-04,0.0,16.4,Paradip
2021-03-05,0.0,26.7,Paradip
2021-03-06,0.0,24.4,Paradip
2021-03-07,0.0,17.7,Paradip
2021-03-08,0.0,21.9,Paradip
2021-03-09,0.0,24.1,Paradip
2021-03-10,0.0,27.3,Paradip
2021-03-11,0.0,22.6,Paradip
2021-03-12,0.0,18.5,Paradip
2021-03-13,0.0,16.4,Paradip
2021-03-14,0.1,14.7,Paradip
2021-03-15,0.0,21.3,Paradip
2021-03-16,0.0,17.7,Paradip
2021-03-17,0.0,18.1,Paradip
2021-03-18,0.0,20.2,Paradip
2021-03-19,0.0,20.5,Paradip
2021-03-20,0.0,15.5,Paradip
2021-03-21,0.0,13.0,Paradip
2021-03-22,0.0,15.2,Paradip
2021-03-23,0.0,12.2,Paradip
2021-03-24,0.0,13.0,Paradip
2021-03-25,0.0,18.5,Paradip
2021-03-26,0.0,15.1,Paradip
2021-03-27,0.0,13.2,Paradip
2021-03-28,0.0,24.4,Paradip
2021-03-29,0.0,26.0,Paradip
2021-03-30,0.0,30.4,Paradip
2021-03-31,0.0,28.3,Paradip
2021-04-01,0.0,24.2,Paradip
2021-04-02,0.0,23.1,Paradip
2021-04-03,0.0,20.2,Paradip
2021-04-04,0.0,14.6,Paradip
2021-04-05,0.0,15.4,Paradip
2021-04-06,0.0,22.5,Paradip
2021-04-07,0.0,25.4,Paradip
2021-04-08,0.0,31.2,Paradip
2021-04-09,0.0,23.6,Paradip
2021-04-10,0.0,19.6,Paradip
2021-04-11,0.0,21.3,Paradip
2021-04-12,0.0,19.9,Paradip
2021-04-13,0.0,20.8,Paradip
2021-04-14,0.0,22.6,Paradip
2021-04-15,0.0,26.3,Paradip
2021-04-16,0.0,21.2,Paradip
2021-04-17,0.0,22.5,Paradip
2021-04-18,0.0,25.2,Paradip
2021-04-19,0.1,24.4,Paradip
2021-04-20,0.0,27.0,Paradip
2021-04-21,0.0,26.7,Paradip
2021-04-22,0.0,26.3,Paradip
2021-04-23,0.0,17.0,Paradip
2021-04-24,0.0,20.6,Paradip
2021-04-25,0.0,23.1,Paradip
2021-04-26,0.0,27.4,Paradip
2021-04-27,0.0,27.0,Paradip
2021-04-28,0.0,24.3,Paradip
2021-04-29,0.0,21.4,Paradip
2021-04-30,0.1,24.5,Paradip
2021-05-01,0.0,27.6,Paradip
2021-05-02,0.0,27.3,Paradip
2021-05-03,0.0,20.6,Paradip
2021-05-04,11.9,19.3,Paradip
2021-05-05,5.0,20.9,Paradip
2021-05-06,0.0,20.5,Paradip
2021-05-07,0.0,22.7,Paradip
2021-05-08,0.7,19.1,Paradip
2021-05-09,0.0,22.1,Paradip
2021-05-10,1.4,24.4,Paradip
2021-05-11,2.4,24.7,Paradip
2021-05-12,0.4,24.7,Paradip
2021-05-13,2.7,26.2,Paradip
2021-05-14,0.0,28.7,Paradip
2021-05-15,0.0,26.2,Paradip
2021-05-16,0.1,23.6,Paradip
2021-05-17,0.0,25.7,Paradip
2021-05-18,0.0,28.6,Paradip
2021-05-19,0.0,27.6,Paradip
2021-05-20,0.5,28.1,Paradip
2021-05-21,3.7,25.0,Paradip
2021-05-22,1.1,15.0,Paradip
2021-05-23,0.4,12.6,Paradip
2021-05-24,48.1,30.7,Paradip
2021-05-25,97.5,54.0,Paradip
2021-05-26,111.5,48.7,Paradip
2021-05-27,0.4,32.4,Paradip
2021-05-28,0.6,26.9,Paradip
2021-05-29,0.1,20.8,Paradip
2021-05-30,0.7,24.5,Paradip
2021-05-31,0.3,28.3,Paradip
2021-06-01,0.2,23.9,Paradip
2021-06-02,6.4,26.7,Paradip
2021-06-03,1.0,20.2,Paradip
2021-06-04,2.5,25.6,Paradip
2021-06-05,0.0,27.5,Paradip
2021-06-06,0.0,27.2,Paradip
2021-06-07,0.0,27.4,Paradip
2021-06-08,0.0,27.3,Paradip
2021-06-09,7.9,21.4,Paradip
2021-06-10,29.2,22.7,Paradip
2021-06-11,10.3,15.5,Paradip
2021-06-12,24.6,16.3,Paradip
2021-06-13,39.8,20.3,Paradip
2021-06-14,20.2,22.0,Paradip
2021-06-15,1.1,22.7,Paradip
2021-06-16,5.5,20.2,Paradip
2021-06-17,16.1,22.1,Paradip
2021-06-18,11.9,24.9,Paradip
2021-06-19,18.5,27.0,Paradip
2021-06-20,3.9,21.3,Paradip
2021-06-21,0.8,14.8,Paradip
2021-06-22,21.0,16.3,Paradip
2021-06-23,14.0,26.6,Paradip
2021-06-24,7.3,23.4,Paradip
2021-06-25,3.0,19.6,Paradip
2021-06-26,1.1,19.8,Paradip
2021-06-27,7.2,24.3,Paradip
2021-06-28,1.9,26.7,Paradip
2021-06-29,1.0,28.7,Paradip
2021-06-30,0.7,29.4,Paradip
2021-07-01,2.4,32.4,Paradip
2021-07-02,17.2,22.1,Paradip
2021-07-03,7.6,18.8,Paradip
2021-07-04,15.8,17.8,Paradip
2021-07-05,4.3,18.2,Paradip
2021-07-06,3.9,20.5,Paradip
2021-07-07,14.0,22.8,Paradip
2021-07-08,14.7,20.6,Paradip
2021-07-09,3.5,17.2,Paradip
2021-07-10,0.4,14.5,Paradip
2021-07-11,8.6,20.3,Paradip
2021-07-12,3.1,20.4,Paradip
2021-07-13,8.0,27.3,Paradip
2021-07-14,8.5,23.1,Paradip
2021-07-15,2.0,20.3,Paradip
2021-07-16,1.7,18.6,Paradip
2021-07-17,0.3,20.4,Paradip
2021-07-18,0.9,26.5,Paradip
2021-07-19,2.1,22.9,Paradip
2021-07-20,10.0,16.9,Paradip
2021-07-21,46.7,13.8,Paradip
2021-07-22,21.7,14.7,Paradip
2021-07-23,14.0,27.1,Paradip
2021-07-24,1.4,26.8,Paradip
2021-07-25,4.4,21.1,Paradip
2021-07-26,0.4,22.4,Paradip
2021-07-27,4.8,21.3,Paradip
2021-07-28,8.0,26.3,Paradip
2021-07-29,30.9,29.9,Paradip
2021-07-30,14.2,29.5,Paradip
2021-07-31,4.5,25.0,Paradip
2021-08-01,1.9,21.5,Paradip
2021-08-02,0.6,20.6,Paradip
2021-08-03,1.1,16.9,Paradip
2021-08-04,2.1,26.4,Paradip
2021-08-05,8.5,16.4,Paradip
2021-08-06,3.5,19.3,Paradip
2021-08-07,3.2,20.0,Paradip
2021-08-08,10.7,26.6,Paradip
2021-08-09,1.8,25.6,Paradip
2021-08-10,5.8,25.9,Paradip
2021-08-11,1.0,18.5,Paradip
2021-08-12,10.9,18.3,Paradip
2021-08-13,4.2,15.2,Paradip
2021-08-14,4.9,14.8,Paradip
2021-08-15,1.6,14.6,Paradip
2021-08-16,10.5,17.0,Paradip
2021-08-17,14.5,25.9,Paradip
2021-08-18,14.0,30.0,Paradip
2021-08-19,13.1,26.9,Paradip
2021-08-20,9.3,24.0,Paradip
2021-08-21,2.3,20.2,Paradip
2021-08-22,1.5,23.3,Paradip
2021-08-23,0.3,26.3,Paradip
2021-08-24,5.0,22.5,Paradip
2021-08-25,6.1,21.0,Paradip
2021-08-26,8.6,14.6,Paradip
2021-08-27,23.7,10.4,Paradip
2021-08-28,5.9,17.9,Paradip
2021-08-29,3.2,22.4,Paradip
2021-08-30,7.3,17.7,Paradip
2021-08-31,6.7,20.5,Paradip
2021-09-01,1.2,15.6,Paradip
2021-09-02,0.4,13.5,Paradip
2021-09-03,2.4,13.8,Paradip
2021-09-04,6.5,11.3,Paradip
2021-09-05,14.4,17.7,Paradip
2021-09-06,15.1,24.4,Paradip
2021-09-07,20.4,28.1,Paradip
2021-09-08,19.9,20.4,Paradip
2021-09-09,11.7,16.3,Paradip
2021-09-10,4.4,18.9,Paradip
2021-09-11,33.4,15.3,Paradip
2021-09-12,41.1,26.9,Paradip
2021-09-13,74.1,43.1,Paradip
2021-09-14,40.2,37.6,Paradip
2021-09-15,14.7,23.7,Paradip
2021-09-16,7.1,17.2,Paradip
2021-09-17,3.0,13.7,Paradip
2021-09-18,4.9,14.5,Paradip
2021-09-19,17.9,12.2,Paradip
2021-09-20,17.2,13.3,Paradip
2021-09-21,20.4,19.1,Paradip
2021-09-22,8.1,19.8,Paradip
2021-09-23,5.7,20.7,Paradip
2021-09-24,1.6,11.7,Paradip
2021-09-25,2.3,15.3,Paradip
2021-09-26,19.8,33.0,Paradip
2021-09-27,6.1,18.5,Paradip
2021-09-28,4.9,12.9,Paradip
2021-09-29,3.2,21.7,Paradip
2021-09-30,0.7,16.3,Paradip
2021-10-01,1.3,17.4,Paradip
2021-10-02,1.2,18.9,Paradip
2021-10-03,0.7,23.2,Paradip
2021-10-04,1.6,19.2,Paradip
2021-10-05,0.3,13.2,Paradip
2021-10-06,0.7,10.5,Paradip
2021-10-07,1.0,13.8,Paradip
2021-10-08,1.3,12.6,Paradip
2021-10-09,2.2,8.0,Paradip
2021-10-10,1.0,10.9,Paradip
2021-10-11,2.5,13.8,Paradip
2021-10-12,1.1,8.7,Paradip
2021-10-13,0.2,17.2,Paradip
2021-10-14,19.6,20.4,Paradip
2021-10-15,7.9,19.4,Paradip
2021-10-16,14.3,14.4,Paradip
2021-10-17,18.3,13.7,Paradip
2021-10-18,25.2,22.7,Paradip
2021-10-19,17.0,22.8,Paradip
2021-10-20,18.8,13.6,Paradip
2021-10-21,0.0,13.7,Paradip
2021-10-22,0.0,12.2,Paradip
2021-10-23,0.0,10.3,Paradip
2021-10-24,0.0,9.4,Paradip
2021-10-25,0.0,10.8,Paradip
2021-10-26,0.5,17.6,Paradip
2021-10-27,4.9,25.1,Paradip
2021-10-28,17.8,25.3,Paradip
2021-10-29,15.6,15.7,Paradip
2021-10-30,0.0,17.8,Paradip
2021-10-31,0.0,16.3,Paradip
2021-11-01,0.0,16.9,Paradip
2021-11-02,0.2,17.7,Paradip
2021-11-03,1.6,16.4,Paradip
2021-11-04,0.0,14.6,Paradip
2021-11-05,0.0,14.8,Paradip
2021-11-06,0.0,14.5,Paradip
2021-11-07,0.0,15.0,Paradip
2021-11-08,0.0,17.6,Paradip
2021-11-09,0.0,17.6,Paradip
2021-11-10,0.0,18.6,Paradip
2021-11-11,0.2,20.7,Paradip
2021-11-12,20.2,13.8,Paradip
2021-11-13,8.6,14.2,Paradip
2021-11-14,6.9,9.9,Paradip
2021-11-15,8.6,10.1,Paradip
2021-11-16,0.8,21.2,Paradip
2021-11-17,0.0,24.2,Paradip
2021-11-18,0.0,19.5,Paradip
2021-11-19,0.0,18.5,Paradip
2021-11-20,0.0,13.9,Paradip
2021-11-21,0.3,10.3,Paradip
2021-11-22,10.1,14.6,Paradip
2021-11-23,7.9,9.2,Paradip
2021-11-24,1.0,16.4,Paradip
2021-11-25,0.4,12.9,Paradip
2021-11-26,0.2,12.9,Paradip
2021-11-27,0.1,16.3,Paradip
2021-11-28,0.0,16.4,Paradip
2021-11-29,0.0,15.1,Paradip
2021-11-30,0.0,15.3,Paradip
2021-12-01,0.0,16.6,Paradip
2021-12-02,0.0,14.7,Paradip
2021-12-03,15.6,21.7,Paradip
2021-12-04,89.9,31.5,Paradip
2021-12-05,52.0,23.5,Paradip
2021-12-06,0.1,15.3,Paradip
2021-12-07,0.0,17.9,Paradip
2021-12-08,0.0,22.8,Paradip
2021-12-09,34.3,20.1,Paradip
2021-12-10,0.0,12.2,Paradip
2021-12-11,0.4,15.4,Paradip
2021-12-12,0.1,19.9,Paradip
2021-12-13,0.0,16.1,Paradip
2021-12-14,0.0,14.0,Paradip
2021-12-15,0.0,10.6,Paradip
2021-12-16,0.0,15.0,Paradip
2021-12-17,0.0,15.8,Paradip
2021-12-18,0.0,16.1,Paradip
2021-12-19,0.0,20.9,Paradip
2021-12-20,0.0,17.9,Paradip
2021-12-21,0.0,11.5,Paradip
2021-12-22,0.0,11.0,Paradip
2021-12-23,0.0,8.9,Paradip
2021-12-24,0.0,9.2,Paradip
2021-12-25,0.0,8.6,Paradip
2021-12-26,0.0,10.7,Paradip
2021-12-27,3.2,7.9,Paradip
2021-12-28,0.0,11.3,Paradip
2021-12-29,0.0,15.5,Paradip
2021-12-30,0.0,20.7,Paradip
2021-12-31,0.0,23.0,Paradip
2022-01-01,0.0,15.0,Paradip
2022-01-02,0.0,15.9,Paradip
2022-01-03,0.0,16.6,Paradip
2022-01-04,0.0,14.8,Paradip
2022-01-05,0.0,11.6,Paradip
2022-01-06,0.0,9.0,Paradip
2022-01-07,0.0,13.5,Paradip
2022-01-08,0.0,11.4,Paradip
2022-01-09,0.0,8.7,Paradip
2022-01-10,0.0,8.2,Paradip
2022-01-11,0.0,12.6,Paradip
2022-01-12,0.6,14.2,Paradip
2022-01-13,5.1,14.5,Paradip
2022-01-14,9.1,21.5,Paradip
2022-01-15,0.0,21.5,Paradip
2022-01-16,0.0,21.7,Paradip
2022-01-17,0.0,17.3,Paradip
2022-01-18,0.0,14.4,Paradip
2022-01-19,0.0,11.5,Paradip
2022-01-20,0.0,11.6,Paradip
2022-01-21,2.4,13.0,Paradip
2022-01-22,0.6,11.6,Paradip
2022-01-23,0.8,14.1,Paradip
2022-01-24,3.4,14.8,Paradip
2022-01-25,0.8,12.1,Paradip
2022-01-26,2.7,12.9,Paradip
2022-01-27,0.1,19.2,Paradip
2022-01-28,0.0,16.1,Paradip
2022-01-29,0.0,13.0,Paradip
2022-01-30,0.0,11.3,Paradip
2022-01-31,0.0,20.2,Paradip
2022-02-01,0.0,23.9,Paradip
2022-02-02,0.0,17.8,Paradip
2022-02-03,0.0,20.6,Paradip
2022-02-04,14.6,32.5,Paradip
2022-02-05,0.1,12.3,Paradip
2022-02-06,0.0,12.4,Paradip
2022-02-07,0.0,14.2,Paradip
2022-02-08,0.0,15.0,Paradip
2022-02-09,0.0,14.0,Paradip
2022-02-10,0.1,16.9,Paradip
2022-02-11,0.0,19.6,Paradip
2022-02-12,0.0,19.9,Paradip
2022-02-13,0.0,14.3,Paradip
2022-02-14,0.0,15.2,Paradip
2022-02-15,0.0,15.0,Paradip
2022-02-16,0.0,14.2,Paradip
2022-02-17,0.0,15.5,Paradip
2022-02-18,0.0,17.0,Paradip
2022-02-19,0.3,14.9,Paradip
2022-02-20,12.6,23.8,Paradip
2022-02-21,0.0,16.0,Paradip
2022-02-22,0.6,13.5,Paradip
2022-02-23,0.2,13.5,Paradip
2022-02-24,0.0,17.3,Paradip
2022-02-25,0.0,17.0,Paradip
2022-02-26,0.0,13.2,Paradip
2022-02-27,0.0,12.3,Paradip
2022-02-28,0.0,17.6,Paradip
2022-03-01,0.0,12.2,Paradip
2022-03-02,0.0,17.7,Paradip
2022-03-03,0.0,12.1,Paradip
2022-03-04,0.0,13.1,Paradip
2022-03-05,0.0,17.9,Paradip
2022-03-06,0.0,14.8,Paradip
2022-03-07,0.0,14.8,Paradip
2022-03-08,0.0,15.3,Paradip
2022-03-09,0.0,14.3,Paradip
2022-03-10,0.0,16.0,Paradip
2022-03-11,0.0,12.7,Paradip
2022-03-12,0.0,14.0,Paradip
2022-03-13,0.0,14.6,Paradip
2022-03-14,0.0,14.5,Paradip
2022-03-15,0.0,18.4,Paradip
2022-03-16,0.0,24.3,Paradip
2022-03-17,0.0,21.8,Paradip
2022-03-18,0.0,15.6,Paradip
2022-03-19,0.0,19.2,Paradip
2022-03-20,0.0,21.8,Paradip
2022-03-21,0.0,19.6,Paradip
2022-03-22,0.0,20.9,Paradip
2022-03-23,0.0,25.2,Paradip
2022-03-24,0.0,30.6,Paradip
2022-03-25,0.0,29.4,Paradip
2022-03-26,0.6,30.4,Paradip
2022-03-27,0.1,26.8,Paradip
2022-03-28,0.0,26.3,Paradip
2022-03-29,0.0,28.2,Paradip
2022-03-30,0.2,29.1,Paradip
2022-03-31,0.2,29.2,Paradip
2022-04-01,0.3,29.8,Paradip
2022-04-02,0.4,30.5,Paradip
2022-04-03,0.0,30.1,Paradip
2022-04-04,0.0,28.5,Paradip
2022-04-05,0.1,28.5,Paradip
2022-04-06,0.0,25.5,Paradip
2022-04-07,0.0,22.8,Paradip
2022-04-08,0.0,26.2,Paradip
2022-04-09,0.0,29.3,Paradip
2022-04-10,0.0,33.2,Paradip
2022-04-11,0.0,32.1,Paradip
2022-04-12,0.0,30.8,Paradip
2022-04-13,0.0,31.7,Paradip
2022-04-14,0.0,32.4,Paradip
2022-04-15,0.0,29.2,Paradip
2022-04-16,0.0,30.4,Paradip
2022-04-17,0.0,30.6,Paradip
2022-04-18,0.0,28.8,Paradip
2022-04-19,0.0,31.2,Paradip
2022-04-20,0.1,29.6,Paradip
2022-04-21,0.1,31.8,Paradip
2022-04-22,0.0,28.7,Paradip
2022-04-23,0.0,24.0,Paradip
2022-04-24,0.0,24.7,Paradip
2022-04-25,0.0,27.2,Paradip
2022-04-26,0.0,28.0,Paradip
2022-04-27,0.0,28.8,Paradip
2022-04-28,0.0,28.2,Paradip
2022-04-29,0.0,27.4,Paradip
2022-04-30,0.0,31.7,Paradip
2022-05-01,0.7,31.6,Paradip
2022-05-02,0.0,27.8,Paradip
2022-05-03,0.1,30.2,Paradip
2022-05-04,0.0,28.4,Paradip
2022-05-05,5.8,23.9,Paradip
2022-05-06,0.0,20.5,Paradip
2022-05-07,0.0,16.2,Paradip
2022-05-08,0.0,18.2,Paradip
2022-05-09,6.1,20.5,Paradip
2022-05-10,8.6,24.7,Paradip
2022-05-11,5.2,24.5,Paradip
2022-05-12,0.3,26.5,Paradip
2022-05-13,0.0,33.5,Paradip
2022-05-14,0.0,33.3,Paradip
2022-05-15,0.3,29.5,Paradip
2022-05-16,0.0,30.9,Paradip
2022-05-17,0.0,29.2,Paradip
2022-05-18,0.0,27.4,Paradip
2022-05-19,0.0,32.7,Paradip
2022-05-20,0.0,33.4,Paradip
2022-05-21,3.3,30.5,Paradip
2022-05-22,2.1,26.8,Paradip
2022-05-23,0.9,19.3,Paradip
2022-05-24,0.0,16.3,Paradip
2022-05-25,0.0,20.2,Paradip
2022-05-26,0.0,28.7,Paradip
2022-05-27,0.0,21.4,Paradip
2022-05-28,0.4,19.5,Paradip
2022-05-29,0.0,23.9,Paradip
2022-05-30,0.0,18.7,Paradip
2022-05-31,0.0,26.6,Paradip
2022-06-01,0.0,22.7,Paradip
2022-06-02,0.1,29.0,Paradip
2022-06-03,0.1,27.2,Paradip
2022-06-04,1.3,31.4,Paradip
2022-06-05,0.0,30.1,Paradip
2022-06-06,0.0,29.5,Paradip
2022-06-07,0.0,30.6,Paradip
2022-06-08,0.2,28.6,Paradip
2022-06-09,1.2,28.6,Paradip
2022-06-10,6.7,31.6,Paradip
2022-06-11,0.1,35.9,Paradip
2022-06-12,0.0,33.5,Paradip
2022-06-13,0.0,29.2,Paradip
2022-06-14,0.2,29.2,Paradip
2022-06-15,4.7,26.6,Paradip
2022-06-16,0.8,27.7,Paradip
2022-06-17,1.4,32.5,Paradip
2022-06-18,0.7,30.5,Paradip
2022-06-19,6.4,29.7,Paradip
2022-06-20,9.8,25.4,Paradip
2022-06-21,9.9,25.9,Paradip
2022-06-22,5.5,23.1,Paradip
2022-06-23,5.9,23.8,Paradip
2022-06-24,30.7,24.3,Paradip
2022-06-25,21.2,23.7,Paradip
2022-06-26,2.1,22.8,Paradip
2022-06-27,1.8,17.7,Paradip
2022-06-28,0.8,21.6,Paradip
2022-06-29,1.0,23.4,Paradip
2022-06-30,2.5,24.2,Paradip
2022-07-01,18.6,20.7,Paradip
2022-07-02,15.6,18.3,Paradip
2022-07-03,12.0,13.6,Paradip
2022-07-04,0.9,14.4,Paradip
2022-07-05,18.9,13.2,Paradip
2022-07-06,2.8,20.9,Paradip
2022-07-07,2.7,18.1,Paradip
2022-07-08,8.8,19.7,Paradip
2022-07-09,9.6,21.6,Paradip
2022-07-10,3.3,23.6,Paradip
2022-07-11,4.7,24.4,Paradip
2022-07-12,3.0,21.2,Paradip
2022-07-13,23.7,17.7,Paradip
2022-07-14,11.9,15.8,Paradip
2022-07-15,8.3,12.1,Paradip
2022-07-16,28.7,13.8,Paradip
2022-07-17,16.9,28.2,Paradip
2022-07-18,9.6,33.3,Paradip
2022-07-19,2.1,25.5,Paradip
2022-07-20,11.3,23.6,Paradip
2022-07-21,11.0,22.1,Paradip
2022-07-22,7.4,16.7,Paradip
2022-07-23,44.8,21.7,Paradip
2022-07-24,13.5,27.1,Paradip
2022-07-25,13.8,21.2,Paradip
2022-07-26,1.9,18.2,Paradip
2022-07-27,0.9,18.1,Paradip
2022-07-28,0.0,17.2,Paradip
2022-07-29,0.2,21.4,Paradip
2022-07-30,1.8,23.0,Paradip
2022-07-31,6.2,24.2,Paradip
2022-08-01,7.2,19.2,Paradip
2022-08-02,10.7,17.3,Paradip
2022-08-03,0.6,14.1,Paradip
2022-08-04,0.8,16.4,Paradip
2022-08-05,14.2,12.6,Paradip
2022-08-06,32.6,16.0,Paradip
2022-08-07,25.0,20.4,Paradip
2022-08-08,8.0,24.0,Paradip
2022-08-09,11.8,29.1,Paradip
2022-08-10,38.8,28.6,Paradip
2022-08-11,16.8,25.1,Paradip
2022-08-12,16.3,17.6,Paradip
2022-08-13,115.1,23.2,Paradip
2022-08-14,42.7,35.4,Paradip
2022-08-15,3.3,36.2,Paradip
2022-08-16,1.2,24.8,Paradip
2022-08-17,5.9,14.8,Paradip
2022-08-18,7.9,19.3,Paradip
2022-08-19,44.9,26.2,Paradip
2022-08-20,4.8,27.2,Paradip
2022-08-21,1.1,23.8,Paradip
2022-08-22,5.0,14.5,Paradip
2022-08-23,17.6,11.9,Paradip
2022-08-24,37.8,16.4,Paradip
2022-08-25,0.8,18.3,Paradip
2022-08-26,1.0,18.8,Paradip
2022-08-27,4.8,22.6,Paradip
2022-08-28,10.4,18.9,Paradip
2022-08-29,0.6,17.2,Paradip
2022-08-30,0.9,13.4,Paradip
2022-08-31,0.9,19.4,Paradip
2022-09-01,0.1,19.8,Paradip
2022-09-02,2.9,19.5,Paradip
2022-09-03,2.8,25.2,Paradip
2022-09-04,13.7,20.4,Paradip
2022-09-05,2.9,18.7,Paradip
2022-09-06,4.3,18.8,Paradip
2022-09-07,6.8,15.6,Paradip
2022-09-08,21.4,26.1,Paradip
2022-09-09,19.1,27.9,Paradip
2022-09-10,36.3,29.8,Paradip
2022-09-11,31.6,32.8,Paradip
2022-09-12,10.4,34.9,Paradip
2022-09-13,19.3,32.1,Paradip
2022-09-14,1.5,29.6,Paradip
2022-09-15,3.4,20.7,Paradip
2022-09-16,5.2,15.6,Paradip
2022-09-17,2.5,15.1,Paradip
2022-09-18,9.3,9.5,Paradip
2022-09-19,10.1,21.7,Paradip
2022-09-20,2.7,20.4,Paradip
2022-09-21,7.4,22.4,Paradip
2022-09-22,8.3,21.7,Paradip
2022-09-23,7.2,15.6,Paradip
2022-09-24,5.7,9.8,Paradip
2022-09-25,2.4,11.2,Paradip
2022-09-26,1.9,11.9,Paradip
2022-09-27,3.0,16.7,Paradip
2022-09-28,0.7,12.3,Paradip
2022-09-29,5.2,14.0,Paradip
2022-09-30,1.8,15.6,Paradip
2022-10-01,8.1,26.5,Paradip
2022-10-02,1.9,13.2,Paradip
2022-10-03,22.7,15.7,Paradip
2022-10-04,25.8,25.5,Paradip
2022-10-05,11.7,20.8,Paradip
2022-10-06,40.2,23.0,Paradip
2022-10-07,4.3,19.8,Paradip
2022-10-08,6.4,16.8,Paradip
2022-10-09,3.1,16.9,Paradip
2022-10-10,3.9,15.6,Paradip
2022-10-11,6.8,15.7,Paradip
2022-10-12,3.0,15.1,Paradip
2022-10-13,1.1,11.4,Paradip
2022-10-14,7.6,12.0,Paradip
2022-10-15,1.2,12.9,Paradip
2022-10-16,1.1,16.9,Paradip
2022-10-17,0.0,21.1,Paradip
2022-10-18,0.4,18.0,Paradip
2022-10-19,0.7,18.1,Paradip
2022-10-20,0.0,22.9,Paradip
2022-10-21,0.0,23.6,Paradip
2022-10-22,0.0,23.8,Paradip
2022-10-23,22.1,29.0,Paradip
2022-10-24,0.7,27.3,Paradip
2022-10-25,0.0,12.6,Paradip
2022-10-26,0.5,10.0,Paradip
2022-10-27,0.0,9.4,Paradip
2022-10-28,0.0,11.9,Paradip
2022-10-29,0.0,18.0,Paradip
2022-10-30,0.0,12.0,Paradip
2022-10-31,0.0,16.1,Paradip
2022-11-01,0.0,15.3,Paradip
2022-11-02,0.0,16.0,Paradip
2022-11-03,0.3,10.2,Paradip
2022-11-04,0.0,11.2,Paradip
2022-11-05,0.0,12.7,Paradip
2022-11-06,0.0,12.0,Paradip
2022-11-07,0.0,9.6,Paradip
2022-11-08,0.0,10.1,Paradip
2022-11-09,0.0,14.1,Paradip
2022-11-10,0.4,17.7,Paradip
2022-11-11,0.0,14.6,Paradip
2022-11-12,0.0,14.9,Paradip
2022-11-13,0.0,15.4,Paradip
2022-11-14,0.0,15.8,Paradip
2022-11-15,0.0,13.1,Paradip
2022-11-16,0.0,15.8,Paradip
2022-11-17,0.0,19.6,Paradip
2022-11-18,0.0,22.7,Paradip
2022-11-19,0.0,25.0,Paradip
2022-11-20,0.0,18.7,Paradip
2022-11-21,0.0,18.6,Paradip
2022-11-22,0.0,15.3,Paradip
2022-11-23,0.0,14.4,Paradip
2022-11-24,0.0,17.9,Paradip
2022-11-25,0.0,16.8,Paradip
2022-11-26,0.0,12.4,Paradip
2022-11-27,0.0,12.6,Paradip
2022-11-28,0.0,19.0,Paradip
2022-11-29,0.0,19.1,Paradip
2022-11-30,0.0,16.4,Paradip
2022-12-01,0.0,18.7,Paradip
2022-12-02,0.0,14.0,Paradip
2022-12-03,0.0,14.9,Paradip
2022-12-04,0.0,15.0,Paradip
2022-12-05,0.0,16.7,Paradip
2022-12-06,0.0,19.7,Paradip
2022-12-07,0.0,20.9,Paradip
2022-12-08,0.0,19.9,Paradip
2022-12-09,0.0,20.1,Paradip
2022-12-10,0.0,18.4,Paradip
2022-12-11,0.0,16.2,Paradip
2022-12-12,0.0,11.2,Paradip
2022-12-13,0.0,10.7,Paradip
2022-12-14,0.0,18.2,Paradip
2022-12-15,0.0,17.4,Paradip
2022-12-16,0.0,17.8,Paradip
2022-12-17,0.0,16.8,Paradip
2022-12-18,0.0,16.4,Paradip
2022-12-19,0.0,13.7,Paradip
2022-12-20,0.0,13.9,Paradip
2022-12-21,0.0,16.1,Paradip
2022-12-22,0.0,13.3,Paradip
2022-12-23,0.0,15.9,Paradip
2022-12-24,0.0,10.3,Paradip
2022-12-25,0.0,12.1,Paradip
2022-12-26,0.0,11.9,Paradip
2022-12-27,0.0,18.7,Paradip
2022-12-28,0.0,15.7,Paradip
2022-12-29,0.5,15.5,Paradip
2022-12-30,0.0,11.2,Paradip
2022-12-31,0.0,14.9,Paradip
2023-01-01,2.5,12.4,Paradip
2023-01-02,2.9,11.6,Paradip
2023-01-03,0.0,17.4,Paradip
2023-01-04,0.0,20.0,Paradip
2023-01-05,0.0,22.2,Paradip
2023-01-06,0.0,19.3,Paradip
2023-01-07,0.0,15.9,Paradip
2023-01-08,0.0,17.5,Paradip
2023-01-09,0.0,15.3,Paradip
2023-01-10,0.0,13.7,Paradip
2023-01-11,0.0,12.0,Paradip
2023-01-12,0.0,14.8,Paradip
2023-01-13,0.0,20.5,Paradip
2023-01-14,0.0,20.5,Paradip
2023-01-15,0.0,13.1,Paradip
2023-01-16,0.0,18.1,Paradip
2023-01-17,0.5,13.3,Paradip
2023-01-18,2.3,11.5,Paradip
2023-01-19,2.3,18.5,Paradip
2023-01-20,0.0,14.1,Paradip
2023-01-21,0.0,12.7,Paradip
2023-01-22,0.0,12.3,Paradip
2023-01-23,0.0,11.7,Paradip
2023-01-24,0.0,11.9,Paradip
2023-01-25,0.0,10.0,Paradip
2023-01-26,0.0,12.4,Paradip
2023-01-27,0.0,16.4,Paradip
2023-01-28,0.0,20.1,Paradip
2023-01-29,0.0,17.8,Paradip
2023-01-30,0.0,17.1,Paradip
2023-01-31,0.0,12.9,Paradip
2023-02-01,0.0,19.9,Paradip
2023-02-02,0.0,22.4,Paradip
2023-02-03,0.0,15.0,Paradip
2023-02-04,0.0,13.8,Paradip
2023-02-05,0.0,15.3,Paradip
2023-02-06,0.0,15.9,Paradip
2023-02-07,0.0,20.8,Paradip
2023-02-08,0.0,21.7,Paradip
2023-02-09,0.0,15.5,Paradip
2023-02-10,0.0,13.7,Paradip
2023-02-11,0.0,19.3,Paradip
2023-02-12,0.0,15.8,Paradip
2023-02-13,0.0,17.1,Paradip
2023-02-14,0.0,13.8,Paradip
2023-02-15,0.0,14.8,Paradip
2023-02-16,1.0,18.4,Paradip
2023-02-17,2.2,13.3,Paradip
2023-02-18,0.0,12.8,Paradip
2023-02-19,0.0,16.2,Paradip
2023-02-20,0.0,21.7,Paradip
2023-02-21,0.0,21.2,Paradip
2023-02-22,0.0,23.3,Paradip
2023-02-23,0.0,25.7,Paradip
2023-02-24,0.0,21.5,Paradip
2023-02-25,0.0,13.8,Paradip
2023-02-26,0.0,12.7,Paradip
2023-02-27,0.0,19.1,Paradip
2023-02-28,0.0,17.5,Paradip
2023-03-01,0.0,17.3,Paradip
2023-03-02,0.0,15.3,Paradip
2023-03-03,0.0,16.3,Paradip
2023-03-04,0.0,16.3,Paradip
2023-03-05,0.0,12.0,Paradip
2023-03-06,0.0,9.9,Paradip
2023-03-07,0.0,13.5,Paradip
2023-03-08,0.0,13.5,Paradip
2023-03-09,0.0,15.1,Paradip
2023-03-10,0.0,13.7,Paradip
2023-03-11,0.0,12.4,Paradip
2023-03-12,0.0,14.0,Paradip
2023-03-13,0.0,16.1,Paradip
2023-03-14,0.0,16.5,Paradip
2023-03-15,0.0,16.9,Paradip
2023-03-16,0.0,19.8,Paradip
2023-03-17,0.0,13.6,Paradip
2023-03-18,0.6,13.6,Paradip
2023-03-19,13.2,21.2,Paradip
2023-03-20,0.8,30.5,Paradip
2023-03-21,0.9,21.8,Paradip
2023-03-22,0.0,16.5,Paradip
2023-03-23,0.0,16.1,Paradip
2023-03-24,2.6,12.2,Paradip
2023-03-25,0.3,20.5,Paradip
2023-03-26,0.0,23.5,Paradip
2023-03-27,3.9,21.2,Paradip
2023-03-28,0.0,17.7,Paradip
2023-03-29,2.0,23.6,Paradip
2023-03-30,1.1,23.4,Paradip
2023-03-31,3.9,19.5,Paradip
2023-04-01,5.0,17.0,Paradip
2023-04-02,1.7,18.4,Paradip
2023-04-03,0.0,21.0,Paradip
2023-04-04,0.0,28.3,Paradip
2023-04-05,0.0,23.9,Paradip
2023-04-06,0.9,13.0,Paradip
2023-04-07,0.0,14.5,Paradip
2023-04-08,0.0,15.3,Paradip
2023-04-09,0.0,14.8,Paradip
2023-04-10,0.4,17.3,Paradip
2023-04-11,0.0,13.7,Paradip
2023-04-12,0.0,15.9,Paradip
2023-04-13,0.0,16.0,Paradip
2023-04-14,0.0,18.0,Paradip
2023-04-15,0.0,19.6,Paradip
2023-04-16,0.0,12.6,Paradip
2023-04-17,0.0,19.5,Paradip
2023-04-18,0.0,18.1,Paradip
2023-04-19,0.0,18.8,Paradip
2023-04-20,0.0,20.3,Paradip
2023-04-21,0.0,26.6,Paradip
2023-04-22,0.1,21.6,Paradip
2023-04-23,4.2,15.3,Paradip
2023-04-24,10.8,24.4,Paradip
2023-04-25,0.2,10.1,Paradip
2023-04-26,0.0,19.1,Paradip
2023-04-27,0.0,19.9,Paradip
2023-04-28,2.0,18.7,Paradip
2023-04-29,0.0,16.3,Paradip
2023-04-30,0.0,19.2,Paradip
2023-05-01,0.8,17.7,Paradip
2023-05-02,0.0,15.8,Paradip
2023-05-03,12.0,21.4,Paradip
2023-05-04,7.2,16.4,Paradip
2023-05-05,1.8,21.6,Paradip
2023-05-06,0.4,17.0,Paradip
2023-05-07,0.0,18.9,Paradip
2023-05-08,0.0,16.0,Paradip
2023-05-09,0.0,18.9,Paradip
2023-05-10,0.0,18.5,Paradip
2023-05-11,0.0,17.1,Paradip
2023-05-12,0.2,19.8,Paradip
2023-05-13,0.2,28.8,Paradip
2023-05-14,0.0,21.6,Paradip
2023-05-15,0.1,28.7,Paradip
2023-05-16,3.9,33.7,Paradip
2023-05-17,0.1,28.3,Paradip
2023-05-18,0.0,32.8,Paradip
2023-05-19,10.3,29.1,Paradip
2023-05-20,0.0,26.4,Paradip
2023-05-21,0.2,28.2,Paradip
2023-05-22,0.0,29.8,Paradip
2023-05-23,0.0,27.7,Paradip
2023-05-24,0.0,30.2,Paradip
2023-05-25,0.4,31.2,Paradip
2023-05-26,0.0,28.5,Paradip
2023-05-27,0.5,22.9,Paradip
2023-05-28,0.0,15.5,Paradip
2023-05-29,0.0,16.4,Paradip
2023-05-30,0.0,22.3,Paradip
2023-05-31,2.4,24.0,Paradip
2023-06-01,0.0,18.8,Paradip
2023-06-02,0.0,21.4,Paradip
2023-06-03,0.2,24.4,Paradip
2023-06-04,0.1,24.7,Paradip
2023-06-05,0.0,17.1,Paradip
2023-06-06,0.0,23.0,Paradip
2023-06-07,10.2,31.4,Paradip
2023-06-08,0.0,21.5,Paradip
2023-06-09,0.0,25.9,Paradip
2023-06-10,0.0,20.6,Paradip
2023-06-11,0.0,18.7,Paradip
2023-06-12,0.0,23.2,Paradip
2023-06-13,0.8,26.4,Paradip
2023-06-14,0.4,29.9,Paradip
2023-06-15,0.0,22.9,Paradip
2023-06-16,0.0,25.7,Paradip
2023-06-17,0.0,20.4,Paradip
2023-06-18,0.1,26.6,Paradip
2023-06-19,0.0,25.9,Paradip
2023-06-20,6.0,27.0,Paradip
2023-06-21,0.0,26.1,Paradip
2023-06-22,4.3,25.6,Paradip
2023-06-23,1.2,25.1,Paradip
2023-06-24,27.5,17.7,Paradip
2023-06-25,27.1,21.2,Paradip
2023-06-26,16.2,27.8,Paradip
2023-06-27,5.6,33.4,Paradip
2023-06-28,14.1,34.6,Paradip
2023-06-29,4.1,25.1,Paradip
2023-06-30,3.8,23.9,Paradip
2023-07-01,1.6,28.5,Paradip
2023-07-02,9.6,16.6,Paradip
2023-07-03,2.0,19.8,Paradip
2023-07-04,0.1,15.9,Paradip
2023-07-05,18.6,13.4,Paradip
2023-07-06,2.8,23.9,Paradip
2023-07-07,2.6,22.8,Paradip
2023-07-08,6.8,21.2,Paradip
2023-07-09,5.7,17.7,Paradip
2023-07-10,0.5,19.4,Paradip
2023-07-11,10.0,22.3,Paradip
2023-07-12,1.5,20.7,Paradip
2023-07-13,6.9,19.7,Paradip
2023-07-14,6.8,24.2,Paradip
2023-07-15,39.3,23.3,Paradip
2023-07-16,16.4,18.3,Paradip
2023-07-17,8.1,17.1,Paradip
2023-07-18,6.9,15.9,Paradip
2023-07-19,8.7,18.3,Paradip
2023-07-20,2.9,18.7,Paradip
2023-07-21,6.4,20.5,Paradip
2023-07-22,8.1,25.8,Paradip
2023-07-23,9.2,20.2,Paradip
2023-07-24,4.2,22.3,Paradip
2023-07-25,6.7,27.5,Paradip
2023-07-26,5.1,27.3,Paradip
2023-07-27,10.7,30.4,Paradip
2023-07-28,4.9,25.0,Paradip
2023-07-29,14.6,14.8,Paradip
2023-07-30,39.0,16.6,Paradip
2023-07-31,29.5,19.8,Paradip
2023-08-01,31.8,23.1,Paradip
2023-08-02,36.7,31.8,Paradip
2023-08-03,3.1,32.9,Paradip
2023-08-04,4.6,29.1,Paradip
2023-08-05,5.7,21.8,Paradip
2023-08-06,11.2,25.5,Paradip
2023-08-07,8.6,20.6,Paradip
2023-08-08,0.0,18.4,Paradip
2023-08-09,1.7,23.0,Paradip
2023-08-10,2.2,13.6,Paradip
2023-08-11,0.2,18.4,Paradip
2023-08-12,9.1,20.1,Paradip
2023-08-13,15.0,12.8,Paradip
2023-08-14,6.7,16.5,Paradip
2023-08-15,1.6,18.3,Paradip
2023-08-16,7.4,15.7,Paradip
2023-08-17,10.5,9.4,Paradip
2023-08-18,31.3,13.9,Paradip
2023-08-19,1.9,24.2,Paradip
2023-08-20,2.7,25.0,Paradip
2023-08-21,0.4,20.3,Paradip
2023-08-22,2.0,19.8,Paradip
2023-08-23,11.9,23.2,Paradip
2023-08-24,7.7,20.7,Paradip
2023-08-25,15.7,21.0,Paradip
2023-08-26,14.3,23.8,Paradip
2023-08-27,1.2,17.5,Paradip
2023-08-28,0.0,16.3,Paradip
2023-08-29,1.6,12.7,Paradip
2023-08-30,0.4,12.6,Paradip
2023-08-31,2.2,9.5,Paradip
2023-09-01,9.4,11.3,Paradip
2023-09-02,11.9,20.4,Paradip
2023-09-03,6.8,13.9,Paradip
2023-09-04,7.1,11.4,Paradip
2023-09-05,15.6,19.6,Paradip
2023-09-06,2.1,16.2,Paradip
2023-09-07,3.5,18.0,Paradip
2023-09-08,7.4,27.2,Paradip
2023-09-09,0.5,22.7,Paradip
2023-09-10,1.3,22.3,Paradip
2023-09-11,1.7,21.1,Paradip
2023-09-12,9.1,15.8,Paradip
2023-09-13,84.6,16.5,Paradip
2023-09-14,18.6,27.9,Paradip
2023-09-15,6.5,27.1,Paradip
2023-09-16,17.3,19.2,Paradip
2023-09-17,4.1,6.1,Paradip
2023-09-18,1.3,12.0,Paradip
2023-09-19,20.9,11.9,Paradip
2023-09-20,12.4,17.3,Paradip
2023-09-21,3.2,27.2,Paradip
2023-09-22,8.2,26.1,Paradip
2023-09-23,2.1,25.2,Paradip
2023-09-24,9.0,22.2,Paradip
2023-09-25,5.9,17.1,Paradip
2023-09-26,1.0,13.9,Paradip
2023-09-27,0.3,12.3,Paradip
2023-09-28,1.8,11.0,Paradip
2023-09-29,0.2,11.4,Paradip
2023-09-30,16.5,18.2,Paradip
2023-10-01,7.0,19.6,Paradip
2023-10-02,58.3,18.5,Paradip
2023-10-03,43.7,27.6,Paradip
2023-10-04,40.0,17.1,Paradip
2023-10-05,0.9,20.3,Paradip
2023-10-06,0.8,14.4,Paradip
2023-10-07,0.5,14.0,Paradip
2023-10-08,2.4,13.4,Paradip
2023-10-09,0.0,14.1,Paradip
2023-10-10,0.0,9.3,Paradip
2023-10-11,0.0,10.0,Paradip
2023-10-12,0.0,10.4,Paradip
2023-10-13,0.0,8.3,Paradip
2023-10-14,0.4,10.5,Paradip
2023-10-15,0.0,10.0,Paradip
2023-10-16,0.0,11.7,Paradip
2023-10-17,1.9,13.3,Paradip
2023-10-18,0.9,10.5,Paradip
2023-10-19,0.0,16.4,Paradip
2023-10-20,0.0,18.6,Paradip
2023-10-21,0.0,18.3,Paradip
2023-10-22,2.6,21.9,Paradip
2023-10-23,33.2,24.9,Paradip
2023-10-24,11.7,25.7,Paradip
2023-10-25,2.3,8.4,Paradip
2023-10-26,1.2,11.1,Paradip
2023-10-27,0.2,14.1,Paradip
2023-10-28,0.0,11.9,Paradip
2023-10-29,0.0,14.3,Paradip
2023-10-30,0.0,15.3,Paradip
2023-10-31,0.0,14.8,Paradip
2023-11-01,0.0,13.0,Paradip
2023-11-02,0.0,11.7,Paradip
2023-11-03,0.4,10.7,Paradip
2023-11-04,9.9,15.4,Paradip
2023-11-05,2.0,8.9,Paradip
2023-11-06,0.8,14.3,Paradip
2023-11-07,0.0,13.1,Paradip
2023-11-08,0.0,12.5,Paradip
2023-11-09,0.0,12.3,Paradip
2023-11-10,0.0,13.5,Paradip
2023-11-11,0.0,13.0,Paradip
2023-11-12,0.0,15.8,Paradip
2023-11-13,0.0,16.2,Paradip
2023-11-14,0.0,18.8,Paradip
2023-11-15,0.1,22.9,Paradip
2023-11-16,24.5,27.9,Paradip
2023-11-17,0.0,28.7,Paradip
2023-11-18,0.8,15.5,Paradip
2023-11-19,0.0,18.4,Paradip
2023-11-20,0.2,18.1,Paradip
2023-11-21,3.3,9.9,Paradip
2023-11-22,0.0,15.1,Paradip
2023-11-23,0.0,13.2,Paradip
2023-11-24,0.0,15.3,Paradip
2023-11-25,0.0,17.2,Paradip
2023-11-26,0.0,15.5,Paradip
2023-11-27,0.0,12.3,Paradip
2023-11-28,0.0,12.4,Paradip
2023-11-29,0.0,11.7,Paradip
2023-11-30,0.0,13.7,Paradip
2023-12-01,0.0,20.2,Paradip
2023-12-02,0.0,22.4,Paradip
2023-12-03,0.0,20.7,Paradip
2023-12-04,0.0,17.6,Paradip
2023-12-05,1.5,19.6,Paradip
2023-12-06,13.9,25.6,Paradip
2023-12-07,1.3,22.1,Paradip
2023-12-08,0.0,15.3,Paradip
2023-12-09,0.0,12.4,Paradip
2023-12-10,0.0,9.0,Paradip
2023-12-11,0.0,12.3,Paradip
2023-12-12,0.0,12.0,Paradip
2023-12-13,0.0,9.7,Paradip
2023-12-14,0.0,13.6,Paradip
2023-12-15,0.0,14.0,Paradip
2023-12-16,0.0,13.3,Paradip
2023-12-17,0.0,15.8,Paradip
2023-12-18,0.0,13.2,Paradip
2023-12-19,0.0,16.4,Paradip
2023-12-20,0.0,14.8,Paradip
2023-12-21,0.0,12.6,Paradip
2023-12-22,0.0,11.2,Paradip
2023-12-23,0.0,11.4,Paradip
2023-12-24,0.0,9.7,Paradip
2023-12-25,0.0,11.4,Paradip
2023-12-26,0.0,13.7,Paradip
2023-12-27,0.0,11.0,Paradip
2023-12-28,0.0,12.8,Paradip
2023-12-29,0.0,15.7,Paradip
2023-12-30,0.0,15.6,Paradip
2023-12-31,0.0,15.3,Paradip
2021-01-01,0.0,18.4,Vizag
2021-01-02,0.0,15.2,Vizag
2021-01-03,0.0,16.7,Vizag
2021-01-04,0.0,16.8,Vizag
2021-01-05,0.0,18.0,Vizag
2021-01-06,0.0,15.2,Vizag
2021-01-07,0.0,10.9,Vizag
2021-01-08,0.0,12.5,Vizag
2021-01-09,0.0,13.8,Vizag
2021-01-10,0.0,11.4,Vizag
2021-01-11,0.0,12.1,Vizag
2021-01-12,0.0,13.2,Vizag
2021-01-13,0.0,14.1,Vizag
2021-01-14,0.0,16.0,Vizag
2021-01-15,0.4,16.1,Vizag
2021-01-16,0.0,16.3,Vizag
2021-01-17,0.5,14.3,Vizag
2021-01-18,1.3,15.6,Vizag
2021-01-19,0.0,13.1,Vizag
2021-01-20,0.0,16.5,Vizag
2021-01-21,0.0,15.7,Vizag
2021-01-22,0.3,15.8,Vizag
2021-01-23,0.0,15.8,Vizag
2021-01-24,0.0,16.4,Vizag
2021-01-25,0.0,17.0,Vizag
2021-01-26,0.0,16.9,Vizag
2021-01-27,1.2,13.2,Vizag
2021-01-28,1.0,15.2,Vizag
2021-01-29,1.2,13.0,Vizag
2021-01-30,0.3,12.7,Vizag
2021-01-31,1.7,14.8,Vizag
2021-02-01,0.5,16.2,Vizag
2021-02-02,0.0,15.8,Vizag
2021-02-03,0.0,17.8,Vizag
2021-02-04,0.0,15.6,Vizag
2021-02-05,0.0,16.5,Vizag
2021-02-06,0.0,17.6,Vizag
2021-02-07,0.0,19.0,Vizag
2021-02-08,0.0,18.1,Vizag
2021-02-09,0.0,16.2,Vizag
2021-02-10,0.0,14.9,Vizag
2021-02-11,0.0,16.0,Vizag
2021-02-12,0.0,15.8,Vizag
2021-02-13,0.0,17.6,Vizag
2021-02-14,0.0,17.7,Vizag
2021-02-15,0.0,18.6,Vizag
2021-02-16,0.0,18.7,Vizag
2021-02-17,0.0,15.6,Vizag
2021-02-18,0.0,15.1,Vizag
2021-02-19,0.0,17.2,Vizag
2021-02-20,1.8,20.8,Vizag
2021-02-21,0.0,16.9,Vizag
2021-02-22,0.0,16.9,Vizag
2021-02-23,0.0,15.4,Vizag
2021-02-24,0.0,19.1,Vizag
2021-02-25,0.0,18.9,Vizag
2021-02-26,0.0,19.1,Vizag
2021-02-27,0.0,17.7,Vizag
2021-02-28,0.0,16.4,Vizag
2021-03-01,0.0,19.4,Vizag
2021-03-02,0.0,18.8,Vizag
2021-03-03,0.0,15.3,Vizag
2021-03-04,0.0,17.4,Vizag
2021-03-05,0.0,22.7,Vizag
2021-03-06,0.0,21.6,Vizag
2021-03-07,0.0,17.7,Vizag
2021-03-08,0.0,18.0,Vizag
2021-03-09,0.0,18.8,Vizag
2021-03-10,0.0,19.6,Vizag
2021-03-11,0.0,20.7,Vizag
2021-03-12,0.0,16.2,Vizag
2021-03-13,0.0,15.3,Vizag
2021-03-14,0.0,14.3,Vizag
2021-03-15,0.0,13.0,Vizag
2021-03-16,0.0,17.7,Vizag
2021-03-17,0.0,17.9,Vizag
2021-03-18,0.0,17.1,Vizag
2021-03-19,0.0,18.7,Vizag
2021-03-20,0.0,17.2,Vizag
2021-03-21,0.0,14.4,Vizag
2021-03-22,0.0,14.1,Vizag
2021-03-23,0.0,17.2,Vizag
2021-03-24,0.0,15.3,Vizag
2021-03-25,0.0,15.6,Vizag
2021-03-26,0.0,16.3,Vizag
2021-03-27,0.0,15.5,Vizag
2021-03-28,0.0,18.5,Vizag
2021-03-29,0.0,23.9,Vizag
2021-03-30,0.0,25.5,Vizag
2021-03-31,0.0,29.7,Vizag
2021-04-01,0.0,24.9,Vizag
2021-04-02,0.0,20.6,Vizag
2021-04-03,2.5,15.7,Vizag
2021-04-04,0.0,16.9,Vizag
2021-04-05,0.4,14.1,Vizag
2021-04-06,0.0,18.7,Vizag
2021-04-07,0.0,20.7,Vizag
2021-04-08,0.0,22.6,Vizag
2021-04-09,0.0,19.0,Vizag
2021-04-10,0.4,17.0,Vizag
2021-04-11,0.0,17.7,Vizag
2021-04-12,0.0,17.6,Vizag
2021-04-13,0.2,17.9,Vizag
2021-04-14,0.0,18.7,Vizag
2021-04-15,0.0,17.1,Vizag
2021-04-16,0.0,15.9,Vizag
2021-04-17,0.0,19.9,Vizag
2021-04-18,0.1,20.5,Vizag
2021-04-19,0.0,21.0,Vizag
2021-04-20,0.7,20.4,Vizag
2021-04-21,0.0,22.9,Vizag
2021-04-22,0.0,20.8,Vizag
2021-04-23,0.2,18.2,Vizag
2021-04-24,0.0,14.8,Vizag
2021-04-25,0.0,18.4,Vizag
2021-04-26,0.0,21.4,Vizag
2021-04-27,0.0,20.8,Vizag
2021-04-28,0.0,20.9,Vizag
2021-04-29,0.4,21.3,Vizag
2021-04-30,0.7,18.4,Vizag
2021-05-01,0.9,19.4,Vizag
2021-05-02,0.0,20.3,Vizag
2021-05-03,0.2,17.3,Vizag
2021-05-04,0.2,19.9,Vizag
2021-05-05,0.2,20.9,Vizag
2021-05-06,0.0,20.1,Vizag
2021-05-07,0.0,18.4,Vizag
2021-05-08,0.1,19.6,Vizag
2021-05-09,0.3,19.1,Vizag
2021-05-10,0.0,21.8,Vizag
2021-05-11,0.2,23.4,Vizag
2021-05-12,0.0,23.2,Vizag
2021-05-13,0.2,24.1,Vizag
2021-05-14,0.2,21.4,Vizag
2021-05-15,1.1,17.3,Vizag
2021-05-16,2.3,15.4,Vizag
2021-05-17,1.2,17.0,Vizag
2021-05-18,1.5,22.7,Vizag
2021-05-19,0.1,25.1,Vizag
2021-05-20,0.2,21.2,Vizag
2021-05-21,4.4,17.7,Vizag
2021-05-22,4.7,17.0,Vizag
2021-05-23,0.0,16.0,Vizag
2021-05-24,0.0,15.2,Vizag
2021-05-25,0.0,18.0,Vizag
2021-05-26,0.0,28.5,Vizag
2021-05-27,0.0,19.4,Vizag
2021-05-28,0.0,16.7,Vizag
2021-05-29,0.0,20.8,Vizag
2021-05-30,0.0,18.4,Vizag
2021-05-31,0.4,22.7,Vizag
2021-06-01,0.0,20.3,Vizag
2021-06-02,22.2,17.3,Vizag
2021-06-03,0.5,18.9,Vizag
2021-06-04,0.2,22.0,Vizag
2021-06-05,0.0,21.1,Vizag
2021-06-06,0.0,21.3,Vizag
2021-06-07,0.0,21.7,Vizag
2021-06-08,0.0,22.3,Vizag
2021-06-09,0.9,23.0,Vizag
2021-06-10,5.9,16.6,Vizag
2021-06-11,3.6,20.8,Vizag
2021-06-12,12.7,20.7,Vizag
2021-06-13,1.1,21.0,Vizag
2021-06-14,12.3,25.3,Vizag
2021-06-15,0.9,22.6,Vizag
2021-06-16,1.3,23.6,Vizag
2021-06-17,12.2,24.9,Vizag
2021-06-18,4.4,22.3,Vizag
2021-06-19,0.0,22.9,Vizag
2021-06-20,0.0,25.3,Vizag
2021-06-21,0.0,16.7,Vizag
2021-06-22,0.1,14.3,Vizag
2021-06-23,6.2,24.0,Vizag
2021-06-24,0.0,25.3,Vizag
2021-06-25,0.7,16.5,Vizag
2021-06-26,7.0,13.0,Vizag
2021-06-27,8.7,18.8,Vizag
2021-06-28,1.4,19.8,Vizag
2021-06-29,0.5,24.1,Vizag
2021-06-30,0.6,24.0,Vizag
2021-07-01,2.6,27.3,Vizag
2021-07-02,1.1,21.2,Vizag
2021-07-03,0.2,19.1,Vizag
2021-07-04,15.4,18.9,Vizag
2021-07-05,11.9,14.3,Vizag
2021-07-06,2.4,17.1,Vizag
2021-07-07,6.7,20.0,Vizag
2021-07-08,2.3,17.6,Vizag
2021-07-09,2.0,19.5,Vizag
2021-07-10,2.6,16.4,Vizag
2021-07-11,9.0,15.4,Vizag
2021-07-12,7.3,21.6,Vizag
2021-07-13,8.3,16.0,Vizag
2021-07-14,3.6,18.8,Vizag
2021-07-15,6.3,20.8,Vizag
2021-07-16,5.2,17.2,Vizag
2021-07-17,1.4,12.8,Vizag
2021-07-18,6.4,20.1,Vizag
2021-07-19,3.9,18.6,Vizag
2021-07-20,7.6,16.6,Vizag
2021-07-21,14.0,21.3,Vizag
2021-07-22,0.7,22.2,Vizag
2021-07-23,2.0,26.2,Vizag
2021-07-24,0.5,22.7,Vizag
2021-07-25,0.6,23.7,Vizag
2021-07-26,0.1,24.1,Vizag
2021-07-27,0.0,20.8,Vizag
2021-07-28,0.7,21.1,Vizag
2021-07-29,1.7,20.3,Vizag
2021-07-30,1.6,19.6,Vizag
2021-07-31,0.0,21.9,Vizag
2021-08-01,0.5,19.9,Vizag
2021-08-02,0.3,23.3,Vizag
2021-08-03,0.0,16.5,Vizag
2021-08-04,0.0,18.7,Vizag
2021-08-05,0.6,14.0,Vizag
2021-08-06,1.5,15.6,Vizag
2021-08-07,9.5,19.1,Vizag
2021-08-08,0.3,22.6,Vizag
2021-08-09,0.0,19.8,Vizag
2021-08-10,2.9,20.7,Vizag
2021-08-11,3.4,14.5,Vizag
2021-08-12,5.6,13.0,Vizag
2021-08-13,24.7,13.8,Vizag
2021-08-14,16.5,12.3,Vizag
2021-08-15,55.2,14.4,Vizag
2021-08-16,10.2,11.4,Vizag
2021-08-17,14.6,26.0,Vizag
2021-08-18,0.2,25.7,Vizag
2021-08-19,3.7,20.7,Vizag
2021-08-20,6.9,21.0,Vizag
2021-08-21,4.4,18.5,Vizag
2021-08-22,0.1,18.8,Vizag
2021-08-23,0.3,20.9,Vizag
2021-08-24,0.0,23.7,Vizag
2021-08-25,1.8,18.6,Vizag
2021-08-26,3.6,19.4,Vizag
2021-08-27,18.2,7.6,Vizag
2021-08-28,11.7,17.0,Vizag
2021-08-29,7.2,18.4,Vizag
2021-08-30,8.6,11.8,Vizag
2021-08-31,12.8,12.6,Vizag
2021-09-01,1.8,14.3,Vizag
2021-09-02,0.2,12.6,Vizag
2021-09-03,1.1,13.8,Vizag
2021-09-04,1.7,15.8,Vizag
2021-09-05,22.9,10.5,Vizag
2021-09-06,36.2,18.0,Vizag
2021-09-07,3.9,24.8,Vizag
2021-09-08,10.6,23.0,Vizag
2021-09-09,2.7,17.7,Vizag
2021-09-10,12.1,11.9,Vizag
2021-09-11,5.5,15.6,Vizag
2021-09-12,5.9,17.4,Vizag
2021-09-13,5.2,26.7,Vizag
2021-09-14,0.5,31.7,Vizag
2021-09-15,1.8,23.6,Vizag
2021-09-16,1.4,20.0,Vizag
2021-09-17,0.2,19.7,Vizag
2021-09-18,3.0,17.8,Vizag
2021-09-19,4.5,14.4,Vizag
2021-09-20,14.2,12.3,Vizag
2021-09-21,4.0,15.8,Vizag
2021-09-22,3.0,17.1,Vizag
2021-09-23,9.0,16.2,Vizag
2021-09-24,1.8,11.6,Vizag
2021-09-25,7.7,11.0,Vizag
2021-09-26,58.0,34.6,Vizag
2021-09-27,122.3,35.2,Vizag
2021-09-28,11.2,14.6,Vizag
2021-09-29,2.6,11.6,Vizag
2021-09-30,3.5,10.3,Vizag
2021-10-01,1.2,12.2,Vizag
2021-10-02,1.9,11.9,Vizag
2021-10-03,1.3,12.8,Vizag
2021-10-04,0.6,10.8,Vizag
2021-10-05,1.1,15.0,Vizag
2021-10-06,2.2,14.1,Vizag
2021-10-07,1.0,11.1,Vizag
2021-10-08,2.3,12.3,Vizag
2021-10-09,2.6,8.1,Vizag
2021-10-10,3.0,9.6,Vizag
2021-10-11,0.4,11.7,Vizag
2021-10-12,13.9,9.5,Vizag
2021-10-13,7.1,8.7,Vizag
2021-10-14,0.4,11.6,Vizag
2021-10-15,74.4,15.0,Vizag
2021-10-16,18.3,12.4,Vizag
2021-10-17,16.9,9.4,Vizag
2021-10-18,5.2,15.1,Vizag
2021-10-19,2.9,14.4,Vizag
2021-10-20,6.5,10.7,Vizag
2021-10-21,1.9,10.6,Vizag
2021-10-22,4.3,9.8,Vizag
2021-10-23,0.5,10.9,Vizag
2021-10-24,0.1,10.8,Vizag
2021-10-25,0.2,10.8,Vizag
2021-10-26,0.3,14.9,Vizag
2021-10-27,2.8,19.4,Vizag
2021-10-28,8.2,22.8,Vizag
2021-10-29,12.9,22.6,Vizag
2021-10-30,0.7,17.8,Vizag
2021-10-31,2.3,16.7,Vizag
2021-11-01,11.1,18.0,Vizag
2021-11-02,21.6,16.9,Vizag
2021-11-03,15.8,19.6,Vizag
2021-11-04,7.9,19.7,Vizag
2021-11-05,0.0,20.2,Vizag
2021-11-06,0.1,18.4,Vizag
2021-11-07,0.0,15.5,Vizag
2021-11-08,0.0,18.5,Vizag
2021-11-09,0.0,20.3,Vizag
2021-11-10,0.0,23.9,Vizag
2021-11-11,33.6,25.5,Vizag
2021-11-12,56.3,16.9,Vizag
2021-11-13,12.4,12.6,Vizag
2021-11-14,7.2,13.4,Vizag
2021-11-15,2.0,11.9,Vizag
2021-11-16,6.8,16.9,Vizag
2021-11-17,0.2,25.7,Vizag
2021-11-18,0.0,28.2,Vizag
2021-11-19,15.2,19.3,Vizag
2021-11-20,7.8,15.3,Vizag
2021-11-21,0.6,15.3,Vizag
2021-11-22,3.4,10.2,Vizag
2021-11-23,1.2,8.7,Vizag
2021-11-24,0.0,16.6,Vizag
2021-11-25,0.1,18.8,Vizag
2021-11-26,0.1,16.6,Vizag
2021-11-27,0.0,20.8,Vizag
2021-11-28,0.0,22.5,Vizag
2021-11-29,0.0,17.5,Vizag
2021-11-30,0.0,17.9,Vizag
2021-12-01,0.0,20.0,Vizag
2021-12-02,0.0,15.6,Vizag
2021-12-03,15.3,27.5,Vizag
2021-12-04,93.1,30.2,Vizag
2021-12-05,0.5,12.3,Vizag
2021-12-06,0.0,15.3,Vizag
2021-12-07,0.0,19.4,Vizag
2021-12-08,0.3,20.8,Vizag
2021-12-09,2.3,19.6,Vizag
2021-12-10,0.0,17.3,Vizag
2021-12-11,0.1,16.1,Vizag
2021-12-12,0.0,20.8,Vizag
2021-12-13,0.0,19.7,Vizag
2021-12-14,0.0,16.3,Vizag
2021-12-15,0.0,14.3,Vizag
2021-12-16,0.0,15.9,Vizag
2021-12-17,0.0,17.1,Vizag
2021-12-18,0.0,16.9,Vizag
2021-12-19,0.0,12.6,Vizag
2021-12-20,0.0,14.8,Vizag
2021-12-21,0.0,14.2,Vizag
2021-12-22,0.0,10.7,Vizag
2021-12-23,0.1,11.6,Vizag
2021-12-24,0.4,12.6,Vizag
2021-12-25,0.0,12.8,Vizag
2021-12-26,0.8,12.9,Vizag
2021-12-27,0.6,8.9,Vizag
2021-12-28,0.6,11.8,Vizag
2021-12-29,0.5,15.8,Vizag
2021-12-30,0.3,23.4,Vizag
2021-12-31,0.0,19.2,Vizag
2022-01-01,0.0,17.0,Vizag
2022-01-02,0.0,16.7,Vizag
2022-01-03,0.0,17.3,Vizag
2022-01-04,0.0,14.5,Vizag
2022-01-05,0.0,12.2,Vizag
2022-01-06,0.0,11.6,Vizag
2022-01-07,0.0,12.3,Vizag
2022-01-08,0.0,13.0,Vizag
2022-01-09,0.0,11.6,Vizag
2022-01-10,0.0,16.6,Vizag
2022-01-11,0.0,11.5,Vizag
2022-01-12,1.1,15.5,Vizag
2022-01-13,11.0,17.3,Vizag
2022-01-14,5.0,15.5,Vizag
2022-01-15,0.4,17.7,Vizag
2022-01-16,0.0,20.4,Vizag
2022-01-17,0.0,17.7,Vizag
2022-01-18,0.0,15.0,Vizag
2022-01-19,0.0,11.5,Vizag
2022-01-20,0.7,16.8,Vizag
2022-01-21,0.0,22.1,Vizag
2022-01-22,0.0,15.0,Vizag
2022-01-23,1.3,22.7,Vizag
2022-01-24,1.2,13.4,Vizag
2022-01-25,0.1,17.7,Vizag
2022-01-26,0.7,13.4,Vizag
2022-01-27,0.0,17.2,Vizag
2022-01-28,0.0,18.2,Vizag
2022-01-29,0.0,15.7,Vizag
2022-01-30,0.0,14.0,Vizag
2022-01-31,0.0,15.1,Vizag
2022-02-01,0.0,18.4,Vizag
2022-02-02,0.0,19.5,Vizag
2022-02-03,0.0,21.3,Vizag
2022-02-04,1.8,23.1,Vizag
2022-02-05,0.0,18.7,Vizag
2022-02-06,0.0,17.2,Vizag
2022-02-07,0.0,16.4,Vizag
2022-02-08,0.0,18.1,Vizag
2022-02-09,0.1,12.9,Vizag
2022-02-10,0.0,13.5,Vizag
2022-02-11,0.0,18.9,Vizag
2022-02-12,0.0,20.4,Vizag
2022-02-13,0.0,18.4,Vizag
2022-02-14,0.0,17.4,Vizag
2022-02-15,0.0,17.6,Vizag
2022-02-16,0.0,16.4,Vizag
2022-02-17,0.0,14.6,Vizag
2022-02-18,0.0,15.2,Vizag
2022-02-19,1.0,14.3,Vizag
2022-02-20,0.0,27.5,Vizag
2022-02-21,0.0,19.0,Vizag
2022-02-22,0.0,16.1,Vizag
2022-02-23,0.2,12.6,Vizag
2022-02-24,0.0,15.2,Vizag
2022-02-25,0.0,13.6,Vizag
2022-02-26,0.0,15.1,Vizag
2022-02-27,0.0,13.0,Vizag
2022-02-28,0.0,11.2,Vizag
2022-03-01,0.0,14.8,Vizag
2022-03-02,0.0,15.1,Vizag
2022-03-03,0.0,16.5,Vizag
2022-03-04,0.0,14.5,Vizag
2022-03-05,0.0,17.4,Vizag
2022-03-06,0.0,18.1,Vizag
2022-03-07,0.0,15.7,Vizag
2022-03-08,0.0,17.4,Vizag
2022-03-09,0.0,16.3,Vizag
2022-03-10,0.0,16.7,Vizag
2022-03-11,0.0,16.3,Vizag
2022-03-12,0.0,18.1,Vizag
2022-03-13,0.0,16.0,Vizag
2022-03-14,0.0,16.1,Vizag
2022-03-15,0.0,17.0,Vizag
2022-03-16,0.0,21.5,Vizag
2022-03-17,0.0,20.6,Vizag
2022-03-18,0.0,16.1,Vizag
2022-03-19,0.0,18.2,Vizag
2022-03-20,0.0,19.9,Vizag
2022-03-21,0.4,19.9,Vizag
2022-03-22,0.2,20.2,Vizag
2022-03-23,0.0,19.2,Vizag
2022-03-24,0.1,25.7,Vizag
2022-03-25,0.0,23.7,Vizag
2022-03-26,0.0,23.9,Vizag
2022-03-27,0.1,23.2,Vizag
2022-03-28,0.0,22.7,Vizag
2022-03-29,0.0,25.7,Vizag
2022-03-30,0.0,24.3,Vizag
2022-03-31,0.4,24.0,Vizag
2022-04-01,0.8,24.7,Vizag
2022-04-02,0.0,25.2,Vizag
2022-04-03,0.0,23.6,Vizag
2022-04-04,0.0,22.8,Vizag
2022-04-05,0.0,20.2,Vizag
2022-04-06,0.0,20.2,Vizag
2022-04-07,0.0,17.7,Vizag
2022-04-08,0.0,18.7,Vizag
2022-04-09,0.0,20.5,Vizag
2022-04-10,0.0,21.3,Vizag
2022-04-11,0.0,22.2,Vizag
2022-04-12,0.0,22.0,Vizag
2022-04-13,0.0,23.0,Vizag
2022-04-14,0.0,23.3,Vizag
2022-04-15,0.0,23.9,Vizag
2022-04-16,0.0,23.8,Vizag
2022-04-17,0.0,21.3,Vizag
2022-04-18,0.0,23.3,Vizag
2022-04-19,0.0,22.5,Vizag
2022-04-20,0.0,24.9,Vizag
2022-04-21,0.0,24.1,Vizag
2022-04-22,0.0,20.7,Vizag
2022-04-23,0.0,21.1,Vizag
2022-04-24,0.0,21.0,Vizag
2022-04-25,0.0,21.6,Vizag
2022-04-26,0.0,22.7,Vizag
2022-04-27,0.0,21.9,Vizag
2022-04-28,0.0,24.3,Vizag
2022-04-29,0.0,25.1,Vizag
2022-04-30,0.0,25.5,Vizag
2022-05-01,0.0,24.6,Vizag
2022-05-02,0.0,23.0,Vizag
2022-05-03,0.0,23.6,Vizag
2022-05-04,0.0,22.7,Vizag
2022-05-05,0.0,21.5,Vizag
2022-05-06,0.7,17.6,Vizag
2022-05-07,0.2,16.3,Vizag
2022-05-08,0.2,21.1,Vizag
2022-05-09,4.6,33.6,Vizag
2022-05-10,35.3,30.0,Vizag
2022-05-11,30.8,24.1,Vizag
2022-05-12,5.7,16.3,Vizag
2022-05-13,0.2,17.3,Vizag
2022-05-14,0.6,17.4,Vizag
2022-05-15,0.3,16.7,Vizag
2022-05-16,0.2,18.2,Vizag
2022-05-17,0.5,17.7,Vizag
2022-05-18,0.5,21.7,Vizag
2022-05-19,2.6,22.8,Vizag
2022-05-20,0.1,20.5,Vizag
2022-05-21,0.0,22.6,Vizag
2022-05-22,0.0,19.9,Vizag
2022-05-23,0.0,15.5,Vizag
2022-05-24,0.0,17.0,Vizag
2022-05-25,0.2,22.7,Vizag
2022-05-26,0.4,22.5,Vizag
2022-05-27,0.0,19.7,Vizag
2022-05-28,0.0,18.5,Vizag
2022-05-29,0.0,21.4,Vizag
2022-05-30,0.0,18.2,Vizag
2022-05-31,0.4,16.1,Vizag
2022-06-01,0.0,14.8,Vizag
2022-06-02,0.0,21.1,Vizag
2022-06-03,0.0,16.6,Vizag
2022-06-04,0.0,22.0,Vizag
2022-06-05,0.0,23.2,Vizag
2022-06-06,0.0,18.8,Vizag
2022-06-07,0.0,26.5,Vizag
2022-06-08,0.0,19.7,Vizag
2022-06-09,0.0,19.3,Vizag
2022-06-10,0.0,20.4,Vizag
2022-06-11,0.0,24.9,Vizag
2022-06-12,0.0,21.1,Vizag
2022-06-13,0.0,23.5,Vizag
2022-06-14,0.0,14.4,Vizag
2022-06-15,2.8,19.9,Vizag
2022-06-16,0.2,20.7,Vizag
2022-06-17,0.4,20.8,Vizag
2022-06-18,0.8,21.7,Vizag
2022-06-19,0.0,24.8,Vizag
2022-06-20,5.9,21.0,Vizag
2022-06-21,14.0,17.7,Vizag
2022-06-22,0.4,17.8,Vizag
2022-06-23,4.6,20.5,Vizag
2022-06-24,0.5,25.0,Vizag
2022-06-25,14.1,19.4,Vizag
2022-06-26,12.0,19.7,Vizag
2022-06-27,17.2,18.6,Vizag
2022-06-28,24.0,19.3,Vizag
2022-06-29,3.8,21.0,Vizag
2022-06-30,2.0,23.3,Vizag
2022-07-01,14.4,19.5,Vizag
2022-07-02,6.8,10.1,Vizag
2022-07-03,7.0,12.3,Vizag
2022-07-04,2.9,20.9,Vizag
2022-07-05,4.9,21.9,Vizag
2022-07-06,2.8,21.7,Vizag
2022-07-07,8.5,14.7,Vizag
2022-07-08,33.5,18.7,Vizag
2022-07-09,12.9,25.7,Vizag
2022-07-10,8.4,24.3,Vizag
2022-07-11,49.9,26.4,Vizag
2022-07-12,41.0,30.2,Vizag
2022-07-13,17.3,33.0,Vizag
2022-07-14,5.5,27.9,Vizag
2022-07-15,32.6,24.6,Vizag
2022-07-16,3.2,16.8,Vizag
2022-07-17,3.2,23.8,Vizag
2022-07-18,8.5,26.1,Vizag
2022-07-19,0.2,23.2,Vizag
2022-07-20,2.0,24.8,Vizag
2022-07-21,1.6,22.5,Vizag
2022-07-22,7.1,15.3,Vizag
2022-07-23,16.7,21.0,Vizag
2022-07-24,8.1,19.7,Vizag
2022-07-25,1.4,12.7,Vizag
2022-07-26,13.3,13.7,Vizag
2022-07-27,2.1,13.7,Vizag
2022-07-28,0.2,12.6,Vizag
2022-07-29,1.2,17.1,Vizag
2022-07-30,0.1,19.7,Vizag
2022-07-31,0.2,15.5,Vizag
2022-08-01,1.5,15.3,Vizag
2022-08-02,2.4,14.4,Vizag
2022-08-03,0.2,13.9,Vizag
2022-08-04,4.0,13.7,Vizag
2022-08-05,3.7,17.6,Vizag
2022-08-06,10.4,16.1,Vizag
2022-08-07,22.0,20.2,Vizag
2022-08-08,39.9,28.0,Vizag
2022-08-09,13.6,35.3,Vizag
2022-08-10,0.6,32.1,Vizag
2022-08-11,0.0,27.8,Vizag
2022-08-12,0.0,20.6,Vizag
2022-08-13,0.9,20.1,Vizag
2022-08-14,15.1,28.9,Vizag
2022-08-15,0.3,29.4,Vizag
2022-08-16,2.4,21.0,Vizag
2022-08-17,0.7,19.9,Vizag
2022-08-18,0.8,13.7,Vizag
2022-08-19,19.4,13.7,Vizag
2022-08-20,0.0,17.5,Vizag
2022-08-21,0.5,21.6,Vizag
2022-08-22,0.0,21.4,Vizag
2022-08-23,4.5,16.0,Vizag
2022-08-24,6.6,18.0,Vizag
2022-08-25,2.0,13.0,Vizag
2022-08-26,0.1,12.7,Vizag
2022-08-27,8.1,10.9,Vizag
2022-08-28,7.1,11.0,Vizag
2022-08-29,0.6,11.5,Vizag
2022-08-30,0.5,12.6,Vizag
2022-08-31,5.0,13.5,Vizag
2022-09-01,1.3,13.2,Vizag
2022-09-02,2.0,12.7,Vizag
2022-09-03,0.5,14.7,Vizag
2022-09-04,3.0,17.4,Vizag
2022-09-05,7.1,19.0,Vizag
2022-09-06,1.3,14.7,Vizag
2022-09-07,12.2,16.8,Vizag
2022-09-08,30.1,24.7,Vizag
2022-09-09,27.9,20.9,Vizag
2022-09-10,54.9,16.6,Vizag
2022-09-11,2.8,30.1,Vizag
2022-09-12,0.3,30.3,Vizag
2022-09-13,23.0,25.6,Vizag
2022-09-14,1.9,23.9,Vizag
2022-09-15,0.4,23.5,Vizag
2022-09-16,0.2,20.9,Vizag
2022-09-17,0.6,19.8,Vizag
2022-09-18,5.5,11.9,Vizag
2022-09-19,13.8,13.6,Vizag
2022-09-20,13.6,18.9,Vizag
2022-09-21,1.2,16.7,Vizag
2022-09-22,8.5,18.4,Vizag
2022-09-23,13.2,12.5,Vizag
2022-09-24,12.3,11.1,Vizag
2022-09-25,15.9,13.3,Vizag
2022-09-26,1.8,10.8,Vizag
2022-09-27,6.6,10.6,Vizag
2022-09-28,9.8,11.6,Vizag
2022-09-29,18.2,14.4,Vizag
2022-09-30,14.7,20.3,Vizag
2022-10-01,13.3,20.1,Vizag
2022-10-02,9.8,12.3,Vizag
2022-10-03,6.8,11.4,Vizag
2022-10-04,10.8,18.1,Vizag
2022-10-05,42.4,17.3,Vizag
2022-10-06,38.5,16.9,Vizag
2022-10-07,23.2,14.7,Vizag
2022-10-08,16.0,18.5,Vizag
2022-10-09,26.0,18.1,Vizag
2022-10-10,11.3,12.7,Vizag
2022-10-11,0.6,12.4,Vizag
2022-10-12,2.8,12.5,Vizag
2022-10-13,5.8,9.7,Vizag
2022-10-14,10.5,18.1,Vizag
2022-10-15,65.4,18.1,Vizag
2022-10-16,1.7,13.0,Vizag
2022-10-17,0.0,13.8,Vizag
2022-10-18,0.2,15.2,Vizag
2022-10-19,0.9,15.0,Vizag
2022-10-20,1.3,17.4,Vizag
2022-10-21,0.1,20.9,Vizag
2022-10-22,0.0,19.9,Vizag
2022-10-23,0.0,21.3,Vizag
2022-10-24,0.0,11.4,Vizag
2022-10-25,0.0,13.0,Vizag
2022-10-26,0.0,10.3,Vizag
2022-10-27,0.0,16.2,Vizag
2022-10-28,0.0,18.6,Vizag
2022-10-29,0.0,14.6,Vizag
2022-10-30,0.0,14.6,Vizag
2022-10-31,0.0,16.2,Vizag
2022-11-01,0.0,14.5,Vizag
2022-11-02,0.0,16.6,Vizag
2022-11-03,1.1,14.1,Vizag
2022-11-04,2.6,14.7,Vizag
2022-11-05,0.0,14.0,Vizag
2022-11-06,0.0,14.9,Vizag
2022-11-07,0.0,14.1,Vizag
2022-11-08,0.0,15.6,Vizag
2022-11-09,0.0,20.0,Vizag
2022-11-10,0.0,22.3,Vizag
2022-11-11,0.0,22.4,Vizag
2022-11-12,0.0,22.3,Vizag
2022-11-13,0.0,17.6,Vizag
2022-11-14,0.0,16.8,Vizag
2022-11-15,0.0,13.6,Vizag
2022-11-16,0.0,14.3,Vizag
2022-11-17,0.0,18.4,Vizag
2022-11-18,0.0,27.4,Vizag
2022-11-19,0.0,19.0,Vizag
2022-11-20,0.0,21.5,Vizag
2022-11-21,0.7,22.8,Vizag
2022-11-22,1.5,23.7,Vizag
2022-11-23,1.2,15.1,Vizag
2022-11-24,5.5,11.4,Vizag
2022-11-25,17.1,13.8,Vizag
2022-11-26,0.0,14.7,Vizag
2022-11-27,0.0,14.6,Vizag
2022-11-28,0.0,12.4,Vizag
2022-11-29,0.0,15.1,Vizag
2022-11-30,0.0,14.8,Vizag
2022-12-01,0.0,19.9,Vizag
2022-12-02,0.0,16.0,Vizag
2022-12-03,0.9,15.2,Vizag
2022-12-04,0.0,16.6,Vizag
2022-12-05,0.0,15.5,Vizag
2022-12-06,0.0,17.3,Vizag
2022-12-07,0.0,22.9,Vizag
2022-12-08,0.0,26.3,Vizag
2022-12-09,9.1,25.0,Vizag
2022-12-10,18.6,26.6,Vizag
2022-12-11,18.1,22.8,Vizag
2022-12-12,0.6,14.5,Vizag
2022-12-13,0.0,11.2,Vizag
2022-12-14,0.0,9.8,Vizag
2022-12-15,0.0,8.7,Vizag
2022-12-16,0.0,12.1,Vizag
2022-12-17,1.1,14.2,Vizag
2022-12-18,0.0,17.0,Vizag
2022-12-19,0.0,14.5,Vizag
2022-12-20,0.0,14.1,Vizag
2022-12-21,0.0,15.9,Vizag
2022-12-22,0.0,15.8,Vizag
2022-12-23,0.0,22.4,Vizag
2022-12-24,0.0,17.4,Vizag
2022-12-25,0.0,12.7,Vizag
2022-12-26,0.0,10.8,Vizag
2022-12-27,0.2,12.4,Vizag
2022-12-28,0.5,12.0,Vizag
2022-12-29,0.2,16.0,Vizag
2022-12-30,0.3,12.1,Vizag
2022-12-31,0.1,13.9,Vizag
2023-01-01,0.9,11.0,Vizag
2023-01-02,1.8,11.6,Vizag
2023-01-03,1.1,14.1,Vizag
2023-01-04,3.9,14.9,Vizag
2023-01-05,0.2,19.8,Vizag
2023-01-06,0.0,17.6,Vizag
2023-01-07,0.0,16.1,Vizag
2023-01-08,0.0,15.0,Vizag
2023-01-09,0.0,12.2,Vizag
2023-01-10,0.0,12.9,Vizag
2023-01-11,0.0,12.0,Vizag
2023-01-12,0.0,16.9,Vizag
2023-01-13,0.0,16.2,Vizag
2023-01-14,0.0,14.9,Vizag
2023-01-15,0.0,16.3,Vizag
2023-01-16,0.0,15.5,Vizag
2023-01-17,0.0,18.7,Vizag
2023-01-18,0.0,17.7,Vizag
2023-01-19,0.0,17.6,Vizag
2023-01-20,0.3,14.8,Vizag
2023-01-21,0.0,17.6,Vizag
2023-01-22,0.0,15.9,Vizag
2023-01-23,0.0,13.6,Vizag
2023-01-24,0.0,11.0,Vizag
2023-01-25,0.0,12.4,Vizag
2023-01-26,0.0,14.2,Vizag
2023-01-27,0.0,12.4,Vizag
2023-01-28,0.0,12.8,Vizag
2023-01-29,0.0,17.5,Vizag
2023-01-30,0.0,19.8,Vizag
2023-01-31,0.0,17.8,Vizag
2023-02-01,0.0,18.4,Vizag
2023-02-02,0.0,20.4,Vizag
2023-02-03,0.0,17.3,Vizag
2023-02-04,0.0,15.0,Vizag
2023-02-05,0.0,15.2,Vizag
2023-02-06,0.0,14.7,Vizag
2023-02-07,0.0,17.6,Vizag
2023-02-08,0.0,18.4,Vizag
2023-02-09,0.0,16.9,Vizag
2023-02-10,0.0,16.7,Vizag
2023-02-11,0.0,16.8,Vizag
2023-02-12,0.0,17.8,Vizag
2023-02-13,0.0,19.6,Vizag
2023-02-14,0.0,14.9,Vizag
2023-02-15,0.0,17.7,Vizag
2023-02-16,0.0,16.8,Vizag
2023-02-17,0.0,19.9,Vizag
2023-02-18,0.1,14.3,Vizag
2023-02-19,0.5,17.8,Vizag
2023-02-20,0.0,18.4,Vizag
2023-02-21,0.0,18.0,Vizag
2023-02-22,0.0,18.4,Vizag
2023-02-23,0.0,21.0,Vizag
2023-02-24,0.0,17.3,Vizag
2023-02-25,0.0,14.4,Vizag
2023-02-26,0.0,18.3,Vizag
2023-02-27,0.0,16.6,Vizag
2023-02-28,0.0,16.9,Vizag
2023-03-01,0.0,13.3,Vizag
2023-03-02,0.0,16.3,Vizag
2023-03-03,0.0,15.2,Vizag
2023-03-04,0.0,16.7,Vizag
2023-03-05,0.0,17.8,Vizag
2023-03-06,0.0,19.1,Vizag
2023-03-07,0.0,17.8,Vizag
2023-03-08,0.0,15.1,Vizag
2023-03-09,0.0,15.3,Vizag
2023-03-10,0.0,14.5,Vizag
2023-03-11,0.0,16.6,Vizag
2023-03-12,0.0,13.6,Vizag
2023-03-13,0.0,14.5,Vizag
2023-03-14,0.0,16.2,Vizag
2023-03-15,0.0,16.6,Vizag
2023-03-16,2.6,15.5,Vizag
2023-03-17,4.0,18.9,Vizag
2023-03-18,16.8,17.7,Vizag
2023-03-19,19.3,13.3,Vizag
2023-03-20,1.7,19.6,Vizag
2023-03-21,5.6,20.7,Vizag
2023-03-22,1.3,18.3,Vizag
2023-03-23,7.4,19.5,Vizag
2023-03-24,0.4,15.2,Vizag
2023-03-25,3.7,13.2,Vizag
2023-03-26,0.0,18.1,Vizag
2023-03-27,2.4,20.0,Vizag
2023-03-28,0.7,18.9,Vizag
2023-03-29,0.0,21.2,Vizag
2023-03-30,0.0,22.0,Vizag
2023-03-31,0.3,21.9,Vizag
2023-04-01,7.5,19.9,Vizag
2023-04-02,4.0,22.0,Vizag
2023-04-03,0.0,20.4,Vizag
2023-04-04,2.2,22.1,Vizag
2023-04-05,0.1,20.2,Vizag
2023-04-06,0.0,19.4,Vizag
2023-04-07,0.0,14.9,Vizag
2023-04-08,0.0,15.1,Vizag
2023-04-09,0.0,17.7,Vizag
2023-04-10,0.0,16.4,Vizag
2023-04-11,0.0,18.8,Vizag
2023-04-12,0.0,18.0,Vizag
2023-04-13,0.0,20.0,Vizag
2023-04-14,0.0,23.7,Vizag
2023-04-15,0.0,18.4,Vizag
2023-04-16,0.0,18.1,Vizag
2023-04-17,0.0,22.3,Vizag
2023-04-18,0.0,23.2,Vizag
2023-04-19,0.0,22.3,Vizag
2023-04-20,0.0,20.2,Vizag
2023-04-21,0.1,15.6,Vizag
2023-04-22,0.0,20.8,Vizag
2023-04-23,13.5,16.7,Vizag
2023-04-24,4.5,13.0,Vizag
2023-04-25,6.2,11.6,Vizag
2023-04-26,0.3,13.3,Vizag
2023-04-27,0.4,12.9,Vizag
2023-04-28,1.0,15.7,Vizag
2023-04-29,0.0,16.1,Vizag
2023-04-30,0.0,18.4,Vizag
2023-05-01,18.5,13.1,Vizag
2023-05-02,11.9,11.1,Vizag
2023-05-03,12.3,12.9,Vizag
2023-05-04,7.3,11.9,Vizag
2023-05-05,3.6,17.4,Vizag
2023-05-06,1.2,12.5,Vizag
2023-05-07,0.3,13.5,Vizag
2023-05-08,0.0,17.2,Vizag
2023-05-09,0.0,13.7,Vizag
2023-05-10,0.0,13.4,Vizag
2023-05-11,0.0,14.6,Vizag
2023-05-12,0.0,18.4,Vizag
2023-05-13,0.0,21.8,Vizag
2023-05-14,0.1,15.0,Vizag
2023-05-15,0.0,17.8,Vizag
2023-05-16,0.0,14.1,Vizag
2023-05-17,0.0,21.7,Vizag
2023-05-18,0.0,23.7,Vizag
2023-05-19,0.0,22.4,Vizag
2023-05-20,0.0,24.1,Vizag
2023-05-21,0.0,23.1,Vizag
2023-05-22,11.4,25.3,Vizag
2023-05-23,0.0,21.9,Vizag
2023-05-24,2.2,28.9,Vizag
2023-05-25,23.3,25.3,Vizag
2023-05-26,0.0,24.2,Vizag
2023-05-27,0.0,16.1,Vizag
2023-05-28,0.0,14.9,Vizag
2023-05-29,0.6,19.1,Vizag
2023-05-30,3.8,23.0,Vizag
2023-05-31,0.0,16.2,Vizag
2023-06-01,0.3,16.4,Vizag
2023-06-02,0.0,19.7,Vizag
2023-06-03,0.0,20.6,Vizag
2023-06-04,0.4,21.0,Vizag
2023-06-05,0.3,16.6,Vizag
2023-06-06,18.5,13.8,Vizag
2023-06-07,0.1,21.4,Vizag
2023-06-08,0.5,21.4,Vizag
2023-06-09,0.0,22.3,Vizag
2023-06-10,0.0,27.2,Vizag
2023-06-11,0.0,24.4,Vizag
2023-06-12,1.4,21.4,Vizag
2023-06-13,0.0,24.9,Vizag
2023-06-14,0.0,23.9,Vizag
2023-06-15,0.0,15.8,Vizag
2023-06-16,0.0,13.7,Vizag
2023-06-17,0.0,18.3,Vizag
2023-06-18,0.6,21.2,Vizag
2023-06-19,33.2,15.1,Vizag
2023-06-20,2.9,19.6,Vizag
2023-06-21,4.4,20.8,Vizag
2023-06-22,16.9,25.8,Vizag
2023-06-23,12.3,23.2,Vizag
2023-06-24,8.9,19.7,Vizag
2023-06-25,4.9,21.4,Vizag
2023-06-26,0.9,28.7,Vizag
2023-06-27,2.4,25.7,Vizag
2023-06-28,0.2,20.7,Vizag
2023-06-29,0.6,18.9,Vizag
2023-06-30,0.0,20.6,Vizag
2023-07-01,0.0,18.7,Vizag
2023-07-02,0.0,16.2,Vizag
2023-07-03,2.0,17.3,Vizag
2023-07-04,5.8,13.3,Vizag
2023-07-05,6.9,14.5,Vizag
2023-07-06,4.7,21.7,Vizag
2023-07-07,1.1,23.9,Vizag
2023-07-08,0.4,22.9,Vizag
2023-07-09,1.6,13.9,Vizag
2023-07-10,17.4,16.4,Vizag
2023-07-11,11.9,15.1,Vizag
2023-07-12,18.7,17.6,Vizag
2023-07-13,5.7,21.0,Vizag
2023-07-14,0.3,20.1,Vizag
2023-07-15,4.2,19.0,Vizag
2023-07-16,2.6,19.1,Vizag
2023-07-17,28.9,19.9,Vizag
2023-07-18,11.7,25.1,Vizag
2023-07-19,23.2,32.4,Vizag
2023-07-20,10.4,28.5,Vizag
2023-07-21,15.8,21.5,Vizag
2023-07-22,17.9,18.4,Vizag
2023-07-23,17.7,18.7,Vizag
2023-07-24,52.6,17.6,Vizag
2023-07-25,66.4,14.3,Vizag
2023-07-26,71.3,19.2,Vizag
2023-07-27,0.7,33.1,Vizag
2023-07-28,0.5,26.3,Vizag
2023-07-29,5.0,17.4,Vizag
2023-07-30,5.6,13.0,Vizag
2023-07-31,6.4,16.3,Vizag
2023-08-01,7.7,17.4,Vizag
2023-08-02,2.4,23.4,Vizag
2023-08-03,0.1,23.5,Vizag
2023-08-04,0.8,22.9,Vizag
2023-08-05,0.4,20.6,Vizag
2023-08-06,4.5,23.3,Vizag
2023-08-07,0.2,19.5,Vizag
2023-08-08,1.1,20.9,Vizag
2023-08-09,0.7,16.9,Vizag
2023-08-10,1.1,16.1,Vizag
2023-08-11,0.6,11.4,Vizag
2023-08-12,1.2,14.6,Vizag
2023-08-13,0.9,15.5,Vizag
2023-08-14,1.1,13.4,Vizag
2023-08-15,1.2,16.8,Vizag
2023-08-16,2.3,18.9,Vizag
2023-08-17,19.1,11.2,Vizag
2023-08-18,12.9,15.1,Vizag
2023-08-19,3.5,21.9,Vizag
2023-08-20,0.9,22.9,Vizag
2023-08-21,3.3,17.6,Vizag
2023-08-22,11.6,18.7,Vizag
2023-08-23,17.2,25.8,Vizag
2023-08-24,0.8,22.2,Vizag
2023-08-25,8.4,19.4,Vizag
2023-08-26,42.8,15.0,Vizag
2023-08-27,1.3,20.8,Vizag
2023-08-28,10.2,14.8,Vizag
2023-08-29,1.0,9.2,Vizag
2023-08-30,0.8,9.9,Vizag
2023-08-31,3.3,9.4,Vizag
2023-09-01,0.3,13.4,Vizag
2023-09-02,27.6,16.0,Vizag
2023-09-03,40.3,13.6,Vizag
2023-09-04,24.1,10.6,Vizag
2023-09-05,8.5,12.5,Vizag
2023-09-06,26.1,10.4,Vizag
2023-09-07,14.5,20.2,Vizag
2023-09-08,3.7,21.2,Vizag
2023-09-09,2.0,18.9,Vizag
2023-09-10,6.6,18.6,Vizag
2023-09-11,5.1,11.6,Vizag
2023-09-12,17.9,13.8,Vizag
2023-09-13,18.2,15.5,Vizag
2023-09-14,1.6,20.4,Vizag
2023-09-15,1.1,22.9,Vizag
2023-09-16,2.0,16.4,Vizag
2023-09-17,4.0,13.4,Vizag
2023-09-18,2.3,8.2,Vizag
2023-09-19,4.4,15.3,Vizag
2023-09-20,3.8,14.1,Vizag
2023-09-21,1.7,22.2,Vizag
2023-09-22,0.6,21.8,Vizag
2023-09-23,2.0,20.3,Vizag
2023-09-24,2.6,16.3,Vizag
2023-09-25,8.0,10.0,Vizag
2023-09-26,6.3,12.0,Vizag
2023-09-27,5.8,10.3,Vizag
2023-09-28,1.9,8.4,Vizag
2023-09-29,2.0,14.8,Vizag
2023-09-30,10.0,14.7,Vizag
2023-10-01,0.7,20.2,Vizag
2023-10-02,0.8,19.7,Vizag
2023-10-03,14.7,20.1,Vizag
2023-10-04,0.0,16.4,Vizag
2023-10-05,0.0,13.4,Vizag
2023-10-06,0.0,12.6,Vizag
2023-10-07,0.2,9.0,Vizag
2023-10-08,1.1,12.4,Vizag
2023-10-09,1.1,14.0,Vizag
2023-10-10,0.3,10.8,Vizag
2023-10-11,0.0,11.5,Vizag
2023-10-12,0.0,12.7,Vizag
2023-10-13,0.0,11.5,Vizag
2023-10-14,0.0,12.6,Vizag
2023-10-15,0.0,12.8,Vizag
2023-10-16,0.0,14.5,Vizag
2023-10-17,0.1,14.6,Vizag
2023-10-18,0.0,12.1,Vizag
2023-10-19,2.4,16.4,Vizag
2023-10-20,0.8,21.4,Vizag
2023-10-21,0.4,22.7,Vizag
2023-10-22,0.0,23.5,Vizag
2023-10-23,0.8,21.3,Vizag
2023-10-24,0.3,16.0,Vizag
2023-10-25,3.9,11.7,Vizag
2023-10-26,1.7,13.2,Vizag
2023-10-27,1.2,14.5,Vizag
2023-10-28,0.0,14.2,Vizag
2023-10-29,0.3,15.6,Vizag
2023-10-30,0.0,17.7,Vizag
2023-10-31,0.0,19.3,Vizag
2023-11-01,3.7,20.8,Vizag
2023-11-02,9.2,17.0,Vizag
2023-11-03,8.4,12.8,Vizag
2023-11-04,9.7,9.2,Vizag
2023-11-05,2.8,11.6,Vizag
2023-11-06,1.3,16.4,Vizag
2023-11-07,3.2,16.9,Vizag
2023-11-08,0.1,12.6,Vizag
2023-11-09,0.0,15.6,Vizag
2023-11-10,0.0,13.6,Vizag
2023-11-11,0.0,15.3,Vizag
2023-11-12,0.0,16.7,Vizag
2023-11-13,0.0,18.9,Vizag
2023-11-14,0.0,21.8,Vizag
2023-11-15,0.0,24.0,Vizag
2023-11-16,0.0,20.3,Vizag
2023-11-17,0.0,16.9,Vizag
2023-11-18,0.3,17.7,Vizag
2023-11-19,0.1,19.5,Vizag
2023-11-20,29.7,21.3,Vizag
2023-11-21,7.0,15.8,Vizag
2023-11-22,0.3,15.8,Vizag
2023-11-23,0.6,16.0,Vizag
2023-11-24,0.0,17.8,Vizag
2023-11-25,0.2,20.4,Vizag
2023-11-26,0.0,19.1,Vizag
2023-11-27,0.0,16.9,Vizag
2023-11-28,0.0,16.2,Vizag
2023-11-29,0.0,17.4,Vizag
2023-11-30,0.0,18.6,Vizag
2023-12-01,0.0,23.7,Vizag
2023-12-02,0.0,26.0,Vizag
2023-12-03,6.9,27.1,Vizag
2023-12-04,28.4,21.4,Vizag
2023-12-05,58.5,19.0,Vizag
2023-12-06,43.5,20.2,Vizag
2023-12-07,4.6,10.8,Vizag
2023-12-08,0.3,10.0,Vizag
2023-12-09,0.0,12.7,Vizag
2023-12-10,0.3,13.9,Vizag
2023-12-11,0.2,12.4,Vizag
2023-12-12,0.0,14.3,Vizag
2023-12-13,0.0,12.7,Vizag
2023-12-14,0.0,15.3,Vizag
2023-12-15,0.0,16.4,Vizag
2023-12-16,0.0,15.7,Vizag
2023-12-17,0.0,16.2,Vizag
2023-12-18,0.0,15.4,Vizag
2023-12-19,0.0,15.3,Vizag
2023-12-20,0.0,14.7,Vizag
2023-12-21,0.0,11.5,Vizag
2023-12-22,0.0,11.5,Vizag
2023-12-23,0.0,13.8,Vizag
2023-12-24,0.0,13.7,Vizag
2023-12-25,0.0,14.4,Vizag
2023-12-26,0.0,12.3,Vizag
2023-12-27,0.0,13.1,Vizag
2023-12-28,0.0,14.6,Vizag
2023-12-29,0.2,15.3,Vizag
2023-12-30,0.0,15.1,Vizag
2023-12-31,0.0,15.0,Vizag
2021-01-01,0.0,21.7,Gangavaram
2021-01-02,0.0,17.9,Gangavaram
2021-01-03,0.0,19.8,Gangavaram
2021-01-04,0.0,19.9,Gangavaram
2021-01-05,0.0,22.0,Gangavaram
2021-01-06,0.0,18.3,Gangavaram
2021-01-07,0.0,12.3,Gangavaram
2021-01-08,0.0,16.3,Gangavaram
2021-01-09,0.0,16.6,Gangavaram
2021-01-10,0.0,13.0,Gangavaram
2021-01-11,0.0,16.3,Gangavaram
2021-01-12,0.0,16.3,Gangavaram
2021-01-13,0.0,16.6,Gangavaram
2021-01-14,0.0,18.9,Gangavaram
2021-01-15,0.6,18.5,Gangavaram
2021-01-16,0.0,19.4,Gangavaram
2021-01-17,1.1,17.0,Gangavaram
2021-01-18,1.6,18.4,Gangavaram
2021-01-19,0.0,15.7,Gangavaram
2021-01-20,0.0,19.5,Gangavaram
2021-01-21,0.0,19.1,Gangavaram
2021-01-22,0.2,17.1,Gangavaram
2021-01-23,0.0,18.9,Gangavaram
2021-01-24,0.0,20.0,Gangavaram
2021-01-25,0.0,19.4,Gangavaram
2021-01-26,0.0,19.6,Gangavaram
2021-01-27,0.1,14.3,Gangavaram
2021-01-28,1.3,17.3,Gangavaram
2021-01-29,1.9,13.3,Gangavaram
2021-01-30,0.0,16.6,Gangavaram
2021-01-31,4.4,16.7,Gangavaram
2021-02-01,1.0,19.2,Gangavaram
2021-02-02,0.0,20.3,Gangavaram
2021-02-03,0.0,21.4,Gangavaram
2021-02-04,0.0,18.1,Gangavaram
2021-02-05,0.0,19.4,Gangavaram
2021-02-06,0.0,21.7,Gangavaram
2021-02-07,0.0,22.7,Gangavaram
2021-02-08,0.0,22.0,Gangavaram
2021-02-09,0.0,19.8,Gangavaram
2021-02-10,0.0,16.5,Gangavaram
2021-02-11,0.0,17.0,Gangavaram
2021-02-12,0.0,17.8,Gangavaram
2021-02-13,0.0,19.1,Gangavaram
2021-02-14,0.0,20.1,Gangavaram
2021-02-15,0.0,22.7,Gangavaram
2021-02-16,0.0,21.4,Gangavaram
2021-02-17,0.0,17.0,Gangavaram
2021-02-18,0.1,17.7,Gangavaram
2021-02-19,0.0,21.4,Gangavaram
2021-02-20,1.9,25.3,Gangavaram
2021-02-21,0.0,20.7,Gangavaram
2021-02-22,0.0,20.9,Gangavaram
2021-02-23,0.0,17.9,Gangavaram
2021-02-24,0.0,22.0,Gangavaram
2021-02-25,0.0,23.5,Gangavaram
2021-02-26,0.0,22.4,Gangavaram
2021-02-27,0.0,20.9,Gangavaram
2021-02-28,0.0,21.0,Gangavaram
2021-03-01,0.0,23.0,Gangavaram
2021-03-02,0.0,24.3,Gangavaram
2021-03-03,0.0,19.1,Gangavaram
2021-03-04,0.0,20.9,Gangavaram
2021-03-05,0.0,24.7,Gangavaram
2021-03-06,0.0,27.1,Gangavaram
2021-03-07,0.0,21.7,Gangavaram
2021-03-08,0.0,19.1,Gangavaram
2021-03-09,0.0,20.4,Gangavaram
2021-03-10,0.0,21.7,Gangavaram
2021-03-11,0.0,25.1,Gangavaram
2021-03-12,0.0,18.2,Gangavaram
2021-03-13,0.0,17.6,Gangavaram
2021-03-14,0.0,16.7,Gangavaram
2021-03-15,0.0,13.3,Gangavaram
2021-03-16,0.0,21.7,Gangavaram
2021-03-17,0.0,21.6,Gangavaram
2021-03-18,0.0,19.1,Gangavaram
2021-03-19,0.0,20.2,Gangavaram
2021-03-20,0.0,20.6,Gangavaram
2021-03-21,0.0,17.2,Gangavaram
2021-03-22,0.0,16.7,Gangavaram
2021-03-23,0.0,19.8,Gangavaram
2021-03-24,0.0,17.7,Gangavaram
2021-03-25,0.0,17.4,Gangavaram
2021-03-26,0.0,19.5,Gangavaram
2021-03-27,0.0,18.8,Gangavaram
2021-03-28,0.0,21.2,Gangavaram
2021-03-29,0.0,30.1,Gangavaram
2021-03-30,0.0,31.4,Gangavaram
2021-03-31,0.0,33.5,Gangavaram
2021-04-01,0.0,30.6,Gangavaram
2021-04-02,0.0,23.3,Gangavaram
2021-04-03,0.9,17.0,Gangavaram
2021-04-04,0.0,18.4,Gangavaram
2021-04-05,0.2,16.9,Gangavaram
2021-04-06,0.0,19.2,Gangavaram
2021-04-07,0.0,22.5,Gangavaram
2021-04-08,0.0,24.4,Gangavaram
2021-04-09,0.2,21.8,Gangavaram
2021-04-10,0.1,18.5,Gangavaram
2021-04-11,0.0,20.3,Gangavaram
2021-04-12,0.0,19.7,Gangavaram
2021-04-13,0.0,17.9,Gangavaram
2021-04-14,0.0,21.3,Gangavaram
2021-04-15,0.0,21.0,Gangavaram
2021-04-16,0.0,19.0,Gangavaram
2021-04-17,0.0,21.7,Gangavaram
2021-04-18,0.0,22.7,Gangavaram
2021-04-19,0.0,25.1,Gangavaram
2021-04-20,0.6,23.0,Gangavaram
2021-04-21,0.0,25.0,Gangavaram
2021-04-22,0.0,24.4,Gangavaram
2021-04-23,0.1,23.8,Gangavaram
2021-04-24,0.0,18.2,Gangavaram
2021-04-25,0.0,22.7,Gangavaram
2021-04-26,0.0,23.4,Gangavaram
2021-04-27,0.0,24.7,Gangavaram
2021-04-28,0.0,23.7,Gangavaram
2021-04-29,0.4,21.3,Gangavaram
2021-04-30,0.9,20.2,Gangavaram
2021-05-01,0.2,21.4,Gangavaram
2021-05-02,0.0,22.3,Gangavaram
2021-05-03,0.4,18.7,Gangavaram
2021-05-04,0.0,22.8,Gangavaram
2021-05-05,0.0,21.4,Gangavaram
2021-05-06,0.0,21.2,Gangavaram
2021-05-07,0.1,20.3,Gangavaram
2021-05-08,0.3,21.3,Gangavaram
2021-05-09,0.2,19.5,Gangavaram
2021-05-10,0.0,23.8,Gangavaram
2021-05-11,0.0,27.7,Gangavaram
2021-05-12,0.0,28.6,Gangavaram
2021-05-13,0.3,27.2,Gangavaram
2021-05-14,0.6,24.3,Gangavaram
2021-05-15,1.3,17.7,Gangavaram
2021-05-16,1.9,14.8,Gangavaram
2021-05-17,2.1,18.4,Gangavaram
2021-05-18,1.6,24.3,Gangavaram
2021-05-19,0.3,27.4,Gangavaram
2021-05-20,0.6,24.4,Gangavaram
2021-05-21,7.8,22.5,Gangavaram
2021-05-22,5.7,18.1,Gangavaram
2021-05-23,0.0,18.1,Gangavaram
2021-05-24,0.0,21.7,Gangavaram
2021-05-25,0.0,22.2,Gangavaram
2021-05-26,0.0,27.8,Gangavaram
2021-05-27,0.0,26.6,Gangavaram
2021-05-28,0.0,20.0,Gangavaram
2021-05-29,0.0,27.2,Gangavaram
2021-05-30,0.0,24.1,Gangavaram
2021-05-31,1.1,25.1,Gangavaram
2021-06-01,0.0,26.1,Gangavaram
2021-06-02,8.2,20.4,Gangavaram
2021-06-03,0.8,22.4,Gangavaram
2021-06-04,0.4,25.0,Gangavaram
2021-06-05,0.0,24.0,Gangavaram
2021-06-06,0.3,24.7,Gangavaram
2021-06-07,0.0,29.1,Gangavaram
2021-06-08,0.1,28.0,Gangavaram
2021-06-09,3.4,27.2,Gangavaram
2021-06-10,3.8,24.6,Gangavaram
2021-06-11,3.5,28.8,Gangavaram
2021-06-12,8.7,29.5,Gangavaram
2021-06-13,1.3,31.5,Gangavaram
2021-06-14,12.6,30.8,Gangavaram
2021-06-15,0.0,27.7,Gangavaram
2021-06-16,0.5,31.5,Gangavaram
2021-06-17,4.8,32.1,Gangavaram
2021-06-18,3.3,28.2,Gangavaram
2021-06-19,0.0,30.9,Gangavaram
2021-06-20,0.0,30.1,Gangavaram
2021-06-21,0.0,23.3,Gangavaram
2021-06-22,0.0,21.5,Gangavaram
2021-06-23,6.3,29.6,Gangavaram
2021-06-24,0.0,32.1,Gangavaram
2021-06-25,0.4,23.9,Gangavaram
2021-06-26,2.5,17.8,Gangavaram
2021-06-27,21.6,21.4,Gangavaram
2021-06-28,1.7,21.6,Gangavaram
2021-06-29,0.1,27.7,Gangavaram
2021-06-30,0.8,29.1,Gangavaram
2021-07-01,3.9,34.9,Gangavaram
2021-07-02,0.6,28.0,Gangavaram
2021-07-03,0.5,24.0,Gangavaram
2021-07-04,4.0,26.8,Gangavaram
2021-07-05,12.9,17.9,Gangavaram
2021-07-06,9.4,21.7,Gangavaram
2021-07-07,6.5,24.5,Gangavaram
2021-07-08,1.2,25.0,Gangavaram
2021-07-09,0.3,23.8,Gangavaram
2021-07-10,0.6,20.8,Gangavaram
2021-07-11,16.4,14.4,Gangavaram
2021-07-12,7.8,25.0,Gangavaram
2021-07-13,10.4,19.1,Gangavaram
2021-07-14,5.5,22.3,Gangavaram
2021-07-15,9.5,23.4,Gangavaram
2021-07-16,3.0,16.7,Gangavaram
2021-07-17,1.3,13.4,Gangavaram
2021-07-18,5.2,20.8,Gangavaram
2021-07-19,2.9,22.1,Gangavaram
2021-07-20,4.6,21.3,Gangavaram
2021-07-21,10.1,30.0,Gangavaram
2021-07-22,1.6,31.0,Gangavaram
2021-07-23,5.4,35.3,Gangavaram
2021-07-24,0.1,32.6,Gangavaram
2021-07-25,0.1,29.0,Gangavaram
2021-07-26,0.0,29.7,Gangavaram
2021-07-27,0.0,25.9,Gangavaram
2021-07-28,0.0,25.4,Gangavaram
2021-07-29,0.9,24.8,Gangavaram
2021-07-30,1.4,27.1,Gangavaram
2021-07-31,0.0,26.9,Gangavaram
2021-08-01,0.6,29.2,Gangavaram
2021-08-02,0.3,29.6,Gangavaram
2021-08-03,0.0,23.5,Gangavaram
2021-08-04,0.0,28.0,Gangavaram
2021-08-05,0.0,25.3,Gangavaram
2021-08-06,1.1,23.3,Gangavaram
2021-08-07,2.3,23.9,Gangavaram
2021-08-08,0.1,25.1,Gangavaram
2021-08-09,0.1,23.0,Gangavaram
2021-08-10,3.6,25.9,Gangavaram
2021-08-11,1.1,17.9,Gangavaram
2021-08-12,0.9,16.1,Gangavaram
2021-08-13,9.9,12.1,Gangavaram
2021-08-14,4.3,13.8,Gangavaram
2021-08-15,20.7,14.0,Gangavaram
2021-08-16,7.1,14.6,Gangavaram
2021-08-17,13.6,31.3,Gangavaram
2021-08-18,2.6,29.9,Gangavaram
2021-08-19,8.4,24.9,Gangavaram
2021-08-20,11.3,26.5,Gangavaram
2021-08-21,4.2,23.1,Gangavaram
2021-08-22,0.1,22.0,Gangavaram
2021-08-23,0.1,24.6,Gangavaram
2021-08-24,0.0,26.1,Gangavaram
2021-08-25,0.7,24.6,Gangavaram
2021-08-26,0.7,24.7,Gangavaram
2021-08-27,14.9,10.6,Gangavaram
2021-08-28,11.8,20.7,Gangavaram
2021-08-29,9.9,22.3,Gangavaram
2021-08-30,7.4,13.0,Gangavaram
2021-08-31,14.3,14.9,Gangavaram
2021-09-01,2.7,16.5,Gangavaram
2021-09-02,1.3,13.1,Gangavaram
2021-09-03,0.9,14.1,Gangavaram
2021-09-04,1.7,17.4,Gangavaram
2021-09-05,10.5,11.4,Gangavaram
2021-09-06,33.6,27.8,Gangavaram
2021-09-07,4.6,29.6,Gangavaram
2021-09-08,15.0,27.1,Gangavaram
2021-09-09,4.7,20.2,Gangavaram
2021-09-10,12.9,14.7,Gangavaram
2021-09-11,11.5,20.7,Gangavaram
2021-09-12,3.7,24.8,Gangavaram
2021-09-13,3.3,32.9,Gangavaram
2021-09-14,0.7,35.7,Gangavaram
2021-09-15,2.3,28.8,Gangavaram
2021-09-16,0.3,25.9,Gangavaram
2021-09-17,0.0,24.2,Gangavaram
2021-09-18,1.2,20.1,Gangavaram
2021-09-19,3.2,18.4,Gangavaram
2021-09-20,4.1,17.1,Gangavaram
2021-09-21,0.5,26.3,Gangavaram
2021-09-22,0.6,22.9,Gangavaram
2021-09-23,15.1,19.1,Gangavaram
2021-09-24,1.8,13.0,Gangavaram
2021-09-25,5.7,13.9,Gangavaram
2021-09-26,36.0,41.0,Gangavaram
2021-09-27,97.9,45.4,Gangavaram
2021-09-28,13.6,15.7,Gangavaram
2021-09-29,1.8,14.1,Gangavaram
2021-09-30,3.4,10.8,Gangavaram
2021-10-01,1.4,14.8,Gangavaram
2021-10-02,1.2,12.2,Gangavaram
2021-10-03,1.1,12.3,Gangavaram
2021-10-04,1.6,12.0,Gangavaram
2021-10-05,1.8,18.3,Gangavaram
2021-10-06,1.7,14.5,Gangavaram
2021-10-07,1.5,11.9,Gangavaram
2021-10-08,0.2,16.1,Gangavaram
2021-10-09,2.7,12.3,Gangavaram
2021-10-10,1.4,11.8,Gangavaram
2021-10-11,0.4,11.8,Gangavaram
2021-10-12,4.8,9.8,Gangavaram
2021-10-13,12.6,10.1,Gangavaram
2021-10-14,9.9,13.7,Gangavaram
2021-10-15,91.0,13.8,Gangavaram
2021-10-16,15.5,16.9,Gangavaram
2021-10-17,1.9,10.2,Gangavaram
2021-10-18,4.0,17.5,Gangavaram
2021-10-19,6.3,17.4,Gangavaram
2021-10-20,16.8,9.1,Gangavaram
2021-10-21,1.0,16.2,Gangavaram
2021-10-22,7.4,9.8,Gangavaram
2021-10-23,0.4,12.8,Gangavaram
2021-10-24,0.0,13.8,Gangavaram
2021-10-25,0.2,13.7,Gangavaram
2021-10-26,0.0,18.1,Gangavaram
2021-10-27,1.3,21.9,Gangavaram
2021-10-28,2.9,28.9,Gangavaram
2021-10-29,14.0,25.8,Gangavaram
2021-10-30,1.2,19.8,Gangavaram
2021-10-31,3.9,18.2,Gangavaram
2021-11-01,12.9,20.3,Gangavaram
2021-11-02,27.3,19.4,Gangavaram
2021-11-03,7.9,23.4,Gangavaram
2021-11-04,7.5,23.7,Gangavaram
2021-11-05,0.4,22.8,Gangavaram
2021-11-06,0.0,21.5,Gangavaram
2021-11-07,0.0,18.7,Gangavaram
2021-11-08,0.0,21.9,Gangavaram
2021-11-09,0.0,24.3,Gangavaram
2021-11-10,0.0,28.2,Gangavaram
2021-11-11,32.7,30.1,Gangavaram
2021-11-12,40.3,19.1,Gangavaram
2021-11-13,7.1,13.1,Gangavaram
2021-11-14,5.2,16.2,Gangavaram
2021-11-15,1.5,14.1,Gangavaram
2021-11-16,8.8,19.8,Gangavaram
2021-11-17,0.9,30.6,Gangavaram
2021-11-18,0.5,33.4,Gangavaram
2021-11-19,16.3,24.3,Gangavaram
2021-11-20,7.0,18.0,Gangavaram
2021-11-21,0.6,18.1,Gangavaram
2021-11-22,2.0,12.9,Gangavaram
2021-11-23,2.3,11.5,Gangavaram
2021-11-24,0.0,18.4,Gangavaram
2021-11-25,0.2,21.5,Gangavaram
2021-11-26,0.0,20.7,Gangavaram
2021-11-27,0.0,23.3,Gangavaram
2021-11-28,0.0,25.4,Gangavaram
2021-11-29,0.0,21.1,Gangavaram
2021-11-30,0.0,21.9,Gangavaram
2021-12-01,0.0,22.9,Gangavaram
2021-12-02,0.0,18.9,Gangavaram
2021-12-03,16.2,27.6,Gangavaram
2021-12-04,88.5,31.5,Gangavaram
2021-12-05,1.9,11.9,Gangavaram
2021-12-06,4.1,19.2,Gangavaram
2021-12-07,0.0,23.0,Gangavaram
2021-12-08,0.3,24.9,Gangavaram
2021-12-09,2.8,22.0,Gangavaram
2021-12-10,0.0,21.4,Gangavaram
2021-12-11,0.1,18.9,Gangavaram
2021-12-12,0.1,24.2,Gangavaram
2021-12-13,0.0,25.1,Gangavaram
2021-12-14,0.0,18.8,Gangavaram
2021-12-15,0.0,16.9,Gangavaram
2021-12-16,0.0,18.0,Gangavaram
2021-12-17,0.0,18.8,Gangavaram
2021-12-18,0.0,20.8,Gangavaram
2021-12-19,0.0,15.9,Gangavaram
2021-12-20,0.0,19.6,Gangavaram
2021-12-21,0.0,15.6,Gangavaram
2021-12-22,0.0,13.6,Gangavaram
2021-12-23,0.1,14.6,Gangavaram
2021-12-24,0.1,13.2,Gangavaram
2021-12-25,0.0,14.0,Gangavaram
2021-12-26,0.3,14.4,Gangavaram
2021-12-27,0.7,8.2,Gangavaram
2021-12-28,0.6,14.0,Gangavaram
2021-12-29,0.5,19.5,Gangavaram
2021-12-30,0.6,28.3,Gangavaram
2021-12-31,0.0,23.7,Gangavaram
2022-01-01,0.0,22.5,Gangavaram
2022-01-02,0.0,20.5,Gangavaram
2022-01-03,0.0,20.9,Gangavaram
2022-01-04,0.0,17.2,Gangavaram
2022-01-05,0.0,14.5,Gangavaram
2022-01-06,0.0,13.3,Gangavaram
2022-01-07,0.0,14.7,Gangavaram
2022-01-08,0.0,16.6,Gangavaram
2022-01-09,0.0,12.4,Gangavaram
2022-01-10,0.0,18.6,Gangavaram
2022-01-11,0.0,14.8,Gangavaram
2022-01-12,1.5,18.3,Gangavaram
2022-01-13,12.0,18.2,Gangavaram
2022-01-14,10.7,19.4,Gangavaram
2022-01-15,1.5,20.5,Gangavaram
2022-01-16,0.1,25.4,Gangavaram
2022-01-17,0.0,21.0,Gangavaram
2022-01-18,0.0,17.8,Gangavaram
2022-01-19,0.1,13.0,Gangavaram
2022-01-20,0.5,17.7,Gangavaram
2022-01-21,0.0,25.0,Gangavaram
2022-01-22,0.0,18.5,Gangavaram
2022-01-23,3.3,23.9,Gangavaram
2022-01-24,1.1,16.8,Gangavaram
2022-01-25,0.4,20.4,Gangavaram
2022-01-26,0.8,16.6,Gangavaram
2022-01-27,0.9,21.4,Gangavaram
2022-01-28,0.0,20.8,Gangavaram
2022-01-29,0.0,20.7,Gangavaram
2022-01-30,0.0,16.2,Gangavaram
2022-01-31,0.0,17.7,Gangavaram
2022-02-01,0.0,22.1,Gangavaram
2022-02-02,0.0,20.9,Gangavaram
2022-02-03,0.0,22.4,Gangavaram
2022-02-04,2.3,26.5,Gangavaram
2022-02-05,0.0,21.4,Gangavaram
2022-02-06,0.0,17.3,Gangavaram
2022-02-07,0.0,19.3,Gangavaram
2022-02-08,0.0,21.6,Gangavaram
2022-02-09,0.0,12.9,Gangavaram
2022-02-10,0.0,14.2,Gangavaram
2022-02-11,0.0,23.9,Gangavaram
2022-02-12,0.1,25.2,Gangavaram
2022-02-13,0.0,21.9,Gangavaram
2022-02-14,0.0,20.8,Gangavaram
2022-02-15,0.0,20.0,Gangavaram
2022-02-16,0.0,18.6,Gangavaram
2022-02-17,0.0,16.9,Gangavaram
2022-02-18,0.0,18.1,Gangavaram
2022-02-19,0.0,17.3,Gangavaram
2022-02-20,0.0,31.2,Gangavaram
2022-02-21,0.0,24.3,Gangavaram
2022-02-22,0.3,17.7,Gangavaram
2022-02-23,0.5,13.8,Gangavaram
2022-02-24,0.0,16.5,Gangavaram
2022-02-25,0.0,15.5,Gangavaram
2022-02-26,0.0,16.6,Gangavaram
2022-02-27,0.0,13.8,Gangavaram
2022-02-28,0.0,12.3,Gangavaram
2022-03-01,0.0,16.9,Gangavaram
2022-03-02,0.0,16.7,Gangavaram
2022-03-03,0.0,19.0,Gangavaram
2022-03-04,0.0,18.0,Gangavaram
2022-03-05,0.0,19.9,Gangavaram
2022-03-06,0.0,18.5,Gangavaram
2022-03-07,0.0,18.7,Gangavaram
2022-03-08,0.0,21.4,Gangavaram
2022-03-09,0.0,18.4,Gangavaram
2022-03-10,0.0,19.5,Gangavaram
2022-03-11,0.0,19.5,Gangavaram
2022-03-12,0.0,21.7,Gangavaram
2022-03-13,0.0,18.6,Gangavaram
2022-03-14,0.0,18.7,Gangavaram
2022-03-15,0.0,20.2,Gangavaram
2022-03-16,0.0,23.9,Gangavaram
2022-03-17,0.0,24.9,Gangavaram
2022-03-18,0.0,16.5,Gangavaram
2022-03-19,0.0,19.8,Gangavaram
2022-03-20,0.2,22.4,Gangavaram
2022-03-21,0.0,20.9,Gangavaram
2022-03-22,0.0,21.5,Gangavaram
2022-03-23,0.0,20.3,Gangavaram
2022-03-24,0.4,28.0,Gangavaram
2022-03-25,0.0,28.3,Gangavaram
2022-03-26,0.0,29.5,Gangavaram
2022-03-27,0.0,27.9,Gangavaram
2022-03-28,0.0,27.3,Gangavaram
2022-03-29,0.0,30.6,Gangavaram
2022-03-30,0.0,27.9,Gangavaram
2022-03-31,1.7,27.3,Gangavaram
2022-04-01,0.4,27.5,Gangavaram
2022-04-02,0.0,29.4,Gangavaram
2022-04-03,0.0,27.6,Gangavaram
2022-04-04,0.0,26.1,Gangavaram
2022-04-05,0.0,22.4,Gangavaram
2022-04-06,0.0,22.6,Gangavaram
2022-04-07,0.0,18.4,Gangavaram
2022-04-08,0.0,20.5,Gangavaram
2022-04-09,0.0,22.0,Gangavaram
2022-04-10,0.0,23.0,Gangavaram
2022-04-11,0.0,24.1,Gangavaram
2022-04-12,0.0,24.0,Gangavaram
2022-04-13,0.0,24.6,Gangavaram
2022-04-14,0.0,27.9,Gangavaram
2022-04-15,0.0,27.2,Gangavaram
2022-04-16,0.0,26.8,Gangavaram
2022-04-17,0.0,25.1,Gangavaram
2022-04-18,0.0,25.9,Gangavaram
2022-04-19,0.0,25.6,Gangavaram
2022-04-20,0.0,29.6,Gangavaram
2022-04-21,0.3,27.1,Gangavaram
2022-04-22,0.0,23.9,Gangavaram
2022-04-23,0.0,24.6,Gangavaram
2022-04-24,0.0,25.3,Gangavaram
2022-04-25,0.0,25.5,Gangavaram
2022-04-26,0.0,26.8,Gangavaram
2022-04-27,0.0,25.5,Gangavaram
2022-04-28,0.0,27.9,Gangavaram
2022-04-29,0.0,28.9,Gangavaram
2022-04-30,0.0,30.4,Gangavaram
2022-05-01,0.0,27.4,Gangavaram
2022-05-02,0.0,25.6,Gangavaram
2022-05-03,0.0,25.7,Gangavaram
2022-05-04,0.1,25.5,Gangavaram
2022-05-05,0.0,25.0,Gangavaram
2022-05-06,0.3,18.4,Gangavaram
2022-05-07,0.3,18.4,Gangavaram
2022-05-08,0.2,23.5,Gangavaram
2022-05-09,7.1,38.6,Gangavaram
2022-05-10,36.5,37.3,Gangavaram
2022-05-11,33.3,29.3,Gangavaram
2022-05-12,7.9,17.1,Gangavaram
2022-05-13,0.0,16.6,Gangavaram
2022-05-14,0.7,17.7,Gangavaram
2022-05-15,0.4,19.3,Gangavaram
2022-05-16,0.2,19.6,Gangavaram
2022-05-17,0.3,19.5,Gangavaram
2022-05-18,1.3,23.6,Gangavaram
2022-05-19,1.4,24.5,Gangavaram
2022-05-20,0.7,24.6,Gangavaram
2022-05-21,0.0,28.0,Gangavaram
2022-05-22,0.0,26.6,Gangavaram
2022-05-23,0.0,24.8,Gangavaram
2022-05-24,0.0,20.6,Gangavaram
2022-05-25,0.0,27.4,Gangavaram
2022-05-26,0.1,28.2,Gangavaram
2022-05-27,0.0,28.3,Gangavaram
2022-05-28,0.0,25.0,Gangavaram
2022-05-29,0.0,24.2,Gangavaram
2022-05-30,0.0,25.9,Gangavaram
2022-05-31,0.0,20.4,Gangavaram
2022-06-01,0.0,20.2,Gangavaram
2022-06-02,0.0,25.3,Gangavaram
2022-06-03,0.0,20.4,Gangavaram
2022-06-04,0.0,24.1,Gangavaram
2022-06-05,0.0,25.6,Gangavaram
2022-06-06,0.0,22.1,Gangavaram
2022-06-07,0.0,31.7,Gangavaram
2022-06-08,0.0,22.9,Gangavaram
2022-06-09,0.0,24.9,Gangavaram
2022-06-10,0.0,26.4,Gangavaram
2022-06-11,0.2,31.5,Gangavaram
2022-06-12,0.0,24.7,Gangavaram
2022-06-13,0.8,32.1,Gangavaram
2022-06-14,0.0,22.0,Gangavaram
2022-06-15,2.2,22.3,Gangavaram
2022-06-16,1.2,23.7,Gangavaram
2022-06-17,0.7,21.7,Gangavaram
2022-06-18,1.0,23.4,Gangavaram
2022-06-19,0.2,28.0,Gangavaram
2022-06-20,17.1,26.4,Gangavaram
2022-06-21,20.3,20.6,Gangavaram
2022-06-22,0.2,21.9,Gangavaram
2022-06-23,3.4,23.2,Gangavaram
2022-06-24,0.2,30.5,Gangavaram
2022-06-25,12.7,22.5,Gangavaram
2022-06-26,14.6,24.0,Gangavaram
2022-06-27,5.1,26.3,Gangavaram
2022-06-28,5.1,27.2,Gangavaram
2022-06-29,0.1,27.8,Gangavaram
2022-06-30,2.0,26.0,Gangavaram
2022-07-01,12.3,29.0,Gangavaram
2022-07-02,6.2,14.3,Gangavaram
2022-07-03,4.3,21.9,Gangavaram
2022-07-04,6.7,27.1,Gangavaram
2022-07-05,3.3,28.3,Gangavaram
2022-07-06,5.9,28.5,Gangavaram
2022-07-07,6.2,22.1,Gangavaram
2022-07-08,11.6,27.7,Gangavaram
2022-07-09,6.4,30.5,Gangavaram
2022-07-10,14.1,32.3,Gangavaram
2022-07-11,50.7,35.3,Gangavaram
2022-07-12,30.6,37.2,Gangavaram
2022-07-13,23.8,38.2,Gangavaram
2022-07-14,2.2,35.3,Gangavaram
2022-07-15,16.5,31.0,Gangavaram
2022-07-16,5.0,27.5,Gangavaram
2022-07-17,5.1,31.8,Gangavaram
2022-07-18,7.5,30.9,Gangavaram
2022-07-19,0.0,28.5,Gangavaram
2022-07-20,0.9,28.7,Gangavaram
2022-07-21,3.0,26.1,Gangavaram
2022-07-22,6.0,20.0,Gangavaram
2022-07-23,5.5,27.1,Gangavaram
2022-07-24,6.0,27.3,Gangavaram
2022-07-25,3.1,17.3,Gangavaram
2022-07-26,8.9,15.6,Gangavaram
2022-07-27,1.6,14.5,Gangavaram
2022-07-28,0.0,14.0,Gangavaram
2022-07-29,2.6,19.2,Gangavaram
2022-07-30,0.0,22.8,Gangavaram
2022-07-31,1.5,19.5,Gangavaram
2022-08-01,2.5,21.6,Gangavaram
2022-08-02,8.1,16.1,Gangavaram
2022-08-03,0.5,15.8,Gangavaram
2022-08-04,1.8,18.1,Gangavaram
2022-08-05,0.6,20.6,Gangavaram
2022-08-06,11.5,20.9,Gangavaram
2022-08-07,16.0,30.8,Gangavaram
2022-08-08,32.6,36.6,Gangavaram
2022-08-09,7.1,43.0,Gangavaram
2022-08-10,0.2,37.9,Gangavaram
2022-08-11,0.0,34.2,Gangavaram
2022-08-12,0.0,29.7,Gangavaram
2022-08-13,0.1,23.9,Gangavaram
2022-08-14,13.6,36.6,Gangavaram
2022-08-15,0.0,35.9,Gangavaram
2022-08-16,1.7,25.8,Gangavaram
2022-08-17,0.4,25.6,Gangavaram
2022-08-18,0.8,19.1,Gangavaram
2022-08-19,8.1,21.1,Gangavaram
2022-08-20,0.9,23.0,Gangavaram
2022-08-21,0.2,29.2,Gangavaram
2022-08-22,0.2,22.4,Gangavaram
2022-08-23,2.9,20.1,Gangavaram
2022-08-24,6.9,18.6,Gangavaram
2022-08-25,0.7,15.6,Gangavaram
2022-08-26,0.0,14.8,Gangavaram
2022-08-27,4.0,13.3,Gangavaram
2022-08-28,22.5,14.7,Gangavaram
2022-08-29,2.0,12.5,Gangavaram
2022-08-30,1.2,13.2,Gangavaram
2022-08-31,3.6,16.9,Gangavaram
2022-09-01,0.8,14.8,Gangavaram
2022-09-02,1.8,14.0,Gangavaram
2022-09-03,0.8,17.6,Gangavaram
2022-09-04,0.2,21.1,Gangavaram
2022-09-05,9.0,22.9,Gangavaram
2022-09-06,3.7,15.9,Gangavaram
2022-09-07,14.4,19.1,Gangavaram
2022-09-08,18.9,27.5,Gangavaram
2022-09-09,23.7,25.2,Gangavaram
2022-09-10,38.6,18.2,Gangavaram
2022-09-11,3.2,37.0,Gangavaram
2022-09-12,2.8,34.2,Gangavaram
2022-09-13,18.9,29.3,Gangavaram
2022-09-14,1.3,26.3,Gangavaram
2022-09-15,1.1,31.0,Gangavaram
2022-09-16,0.0,26.3,Gangavaram
2022-09-17,0.4,26.2,Gangavaram
2022-09-18,8.9,15.3,Gangavaram
2022-09-19,15.9,18.2,Gangavaram
2022-09-20,13.0,23.2,Gangavaram
2022-09-21,0.8,23.2,Gangavaram
2022-09-22,5.4,21.8,Gangavaram
2022-09-23,9.6,13.8,Gangavaram
2022-09-24,8.1,12.1,Gangavaram
2022-09-25,19.8,12.3,Gangavaram
2022-09-26,3.5,11.6,Gangavaram
2022-09-27,7.7,10.3,Gangavaram
2022-09-28,11.3,14.1,Gangavaram
2022-09-29,13.4,14.4,Gangavaram
2022-09-30,14.9,22.2,Gangavaram
2022-10-01,5.2,24.0,Gangavaram
2022-10-02,2.4,10.0,Gangavaram
2022-10-03,4.9,13.4,Gangavaram
2022-10-04,11.4,16.2,Gangavaram
2022-10-05,43.9,21.7,Gangavaram
2022-10-06,38.2,20.9,Gangavaram
2022-10-07,13.5,15.3,Gangavaram
2022-10-08,17.6,22.7,Gangavaram
2022-10-09,26.7,20.9,Gangavaram
2022-10-10,11.5,13.5,Gangavaram
2022-10-11,0.4,12.8,Gangavaram
2022-10-12,3.5,12.0,Gangavaram
2022-10-13,5.0,11.0,Gangavaram
2022-10-14,14.5,19.9,Gangavaram
2022-10-15,47.3,18.1,Gangavaram
2022-10-16,2.3,15.1,Gangavaram
2022-10-17,0.0,15.7,Gangavaram
2022-10-18,0.0,17.5,Gangavaram
2022-10-19,0.4,17.1,Gangavaram
2022-10-20,1.3,20.8,Gangavaram
2022-10-21,0.2,24.5,Gangavaram
2022-10-22,0.0,21.7,Gangavaram
2022-10-23,0.0,22.4,Gangavaram
2022-10-24,0.0,18.2,Gangavaram
2022-10-25,0.0,13.0,Gangavaram
2022-10-26,0.3,12.1,Gangavaram
2022-10-27,0.0,19.4,Gangavaram
2022-10-28,0.0,22.4,Gangavaram
2022-10-29,0.0,17.7,Gangavaram
2022-10-30,0.0,16.9,Gangavaram
2022-10-31,0.0,19.6,Gangavaram
2022-11-01,0.0,18.3,Gangavaram
2022-11-02,0.0,19.2,Gangavaram
2022-11-03,1.3,16.5,Gangavaram
2022-11-04,3.5,16.7,Gangavaram
2022-11-05,0.0,17.0,Gangavaram
2022-11-06,0.0,17.8,Gangavaram
2022-11-07,0.0,17.6,Gangavaram
2022-11-08,0.0,18.8,Gangavaram
2022-11-09,0.0,22.3,Gangavaram
2022-11-10,0.0,27.6,Gangavaram
2022-11-11,0.0,26.9,Gangavaram
2022-11-12,0.0,25.3,Gangavaram
2022-11-13,0.0,21.1,Gangavaram
2022-11-14,0.0,20.6,Gangavaram
2022-11-15,0.0,17.7,Gangavaram
2022-11-16,0.0,17.6,Gangavaram
2022-11-17,0.0,22.7,Gangavaram
2022-11-18,0.0,30.9,Gangavaram
2022-11-19,0.0,21.7,Gangavaram
2022-11-20,0.0,26.9,Gangavaram
2022-11-21,1.6,28.0,Gangavaram
2022-11-22,2.8,27.6,Gangavaram
2022-11-23,0.7,17.3,Gangavaram
2022-11-24,2.2,12.5,Gangavaram
2022-11-25,23.2,18.1,Gangavaram
2022-11-26,0.0,18.6,Gangavaram
2022-11-27,0.0,16.0,Gangavaram
2022-11-28,0.0,16.3,Gangavaram
2022-11-29,0.0,17.7,Gangavaram
2022-11-30,0.0,18.4,Gangavaram
2022-12-01,0.7,24.1,Gangavaram
2022-12-02,0.1,18.7,Gangavaram
2022-12-03,0.6,17.2,Gangavaram
2022-12-04,0.0,19.6,Gangavaram
2022-12-05,0.0,19.5,Gangavaram
2022-12-06,0.0,21.6,Gangavaram
2022-12-07,0.0,28.0,Gangavaram
2022-12-08,0.0,32.9,Gangavaram
2022-12-09,4.9,31.3,Gangavaram
2022-12-10,19.2,33.1,Gangavaram
2022-12-11,37.7,25.6,Gangavaram
2022-12-12,1.8,16.8,Gangavaram
2022-12-13,0.1,14.4,Gangavaram
2022-12-14,0.0,10.5,Gangavaram
2022-12-15,0.0,10.0,Gangavaram
2022-12-16,0.2,13.5,Gangavaram
2022-12-17,0.8,16.2,Gangavaram
2022-12-18,0.0,20.8,Gangavaram
2022-12-19,0.0,18.5,Gangavaram
2022-12-20,0.0,17.3,Gangavaram
2022-12-21,0.0,19.5,Gangavaram
2022-12-22,0.0,18.6,Gangavaram
2022-12-23,0.0,27.2,Gangavaram
2022-12-24,0.0,21.0,Gangavaram
2022-12-25,0.0,15.9,Gangavaram
2022-12-26,0.4,12.8,Gangavaram
2022-12-27,0.4,13.6,Gangavaram
2022-12-28,0.0,14.8,Gangavaram
2022-12-29,0.5,18.7,Gangavaram
2022-12-30,0.4,14.8,Gangavaram
2022-12-31,1.4,14.8,Gangavaram
2023-01-01,1.8,12.9,Gangavaram
2023-01-02,1.4,12.4,Gangavaram
2023-01-03,1.1,16.4,Gangavaram
2023-01-04,2.8,17.5,Gangavaram
2023-01-05,1.2,25.0,Gangavaram
2023-01-06,0.0,21.8,Gangavaram
2023-01-07,0.0,19.6,Gangavaram
2023-01-08,0.0,17.9,Gangavaram
2023-01-09,0.0,16.0,Gangavaram
2023-01-10,0.0,17.0,Gangavaram
2023-01-11,0.0,14.0,Gangavaram
2023-01-12,0.0,17.7,Gangavaram
2023-01-13,0.0,17.1,Gangavaram
2023-01-14,0.0,17.0,Gangavaram
2023-01-15,0.0,19.1,Gangavaram
2023-01-16,0.0,19.8,Gangavaram
2023-01-17,0.0,22.3,Gangavaram
2023-01-18,0.0,21.3,Gangavaram
2023-01-19,0.0,18.7,Gangavaram
2023-01-20,0.7,16.9,Gangavaram
2023-01-21,0.0,20.2,Gangavaram
2023-01-22,0.0,18.8,Gangavaram
2023-01-23,0.0,16.5,Gangavaram
2023-01-24,0.0,13.0,Gangavaram
2023-01-25,0.0,14.4,Gangavaram
2023-01-26,0.0,17.1,Gangavaram
2023-01-27,0.0,13.8,Gangavaram
2023-01-28,0.0,15.3,Gangavaram
2023-01-29,0.0,20.5,Gangavaram
2023-01-30,0.0,23.5,Gangavaram
2023-01-31,0.0,20.2,Gangavaram
2023-02-01,0.0,21.2,Gangavaram
2023-02-02,0.0,24.4,Gangavaram
2023-02-03,0.0,20.6,Gangavaram
2023-02-04,0.0,17.4,Gangavaram
2023-02-05,0.0,17.3,Gangavaram
2023-02-06,0.0,16.0,Gangavaram
2023-02-07,0.0,19.7,Gangavaram
2023-02-08,0.0,20.0,Gangavaram
2023-02-09,0.0,20.6,Gangavaram
2023-02-10,0.0,19.2,Gangavaram
2023-02-11,0.0,18.6,Gangavaram
2023-02-12,0.0,18.7,Gangavaram
2023-02-13,0.0,23.6,Gangavaram
2023-02-14,0.0,18.4,Gangavaram
2023-02-15,0.0,20.5,Gangavaram
2023-02-16,0.0,20.9,Gangavaram
2023-02-17,0.0,22.0,Gangavaram
2023-02-18,0.4,15.7,Gangavaram
2023-02-19,0.5,21.8,Gangavaram
2023-02-20,0.0,20.6,Gangavaram
2023-02-21,0.0,20.3,Gangavaram
2023-02-22,0.0,20.9,Gangavaram
2023-02-23,0.0,24.1,Gangavaram
2023-02-24,0.0,19.9,Gangavaram
2023-02-25,0.0,14.7,Gangavaram
2023-02-26,0.0,20.6,Gangavaram
2023-02-27,0.0,18.7,Gangavaram
2023-02-28,0.0,18.2,Gangavaram
2023-03-01,0.0,15.2,Gangavaram
2023-03-02,0.0,17.6,Gangavaram
2023-03-03,0.0,16.6,Gangavaram
2023-03-04,0.0,18.6,Gangavaram
2023-03-05,0.0,18.5,Gangavaram
2023-03-06,0.0,20.9,Gangavaram
2023-03-07,0.0,19.5,Gangavaram
2023-03-08,0.0,16.8,Gangavaram
2023-03-09,0.0,18.3,Gangavaram
2023-03-10,0.0,16.8,Gangavaram
2023-03-11,0.0,17.7,Gangavaram
2023-03-12,0.0,15.3,Gangavaram
2023-03-13,0.0,16.8,Gangavaram
2023-03-14,0.0,18.9,Gangavaram
2023-03-15,0.0,18.0,Gangavaram
2023-03-16,1.0,16.4,Gangavaram
2023-03-17,5.5,27.8,Gangavaram
2023-03-18,12.6,22.9,Gangavaram
2023-03-19,15.9,18.8,Gangavaram
2023-03-20,10.5,17.4,Gangavaram
2023-03-21,3.0,24.4,Gangavaram
2023-03-22,1.7,19.5,Gangavaram
2023-03-23,10.2,16.3,Gangavaram
2023-03-24,0.3,19.1,Gangavaram
2023-03-25,4.8,15.1,Gangavaram
2023-03-26,0.0,21.5,Gangavaram
2023-03-27,5.6,18.8,Gangavaram
2023-03-28,1.2,20.4,Gangavaram
2023-03-29,0.0,25.7,Gangavaram
2023-03-30,0.2,23.7,Gangavaram
2023-03-31,0.0,24.6,Gangavaram
2023-04-01,5.5,23.3,Gangavaram
2023-04-02,1.5,26.6,Gangavaram
2023-04-03,0.0,24.2,Gangavaram
2023-04-04,0.8,24.8,Gangavaram
2023-04-05,0.0,24.1,Gangavaram
2023-04-06,0.0,20.4,Gangavaram
2023-04-07,0.0,15.4,Gangavaram
2023-04-08,0.0,18.0,Gangavaram
2023-04-09,0.0,20.7,Gangavaram
2023-04-10,0.0,22.0,Gangavaram
2023-04-11,0.0,21.3,Gangavaram
2023-04-12,0.0,22.0,Gangavaram
2023-04-13,0.0,23.6,Gangavaram
2023-04-14,0.0,26.0,Gangavaram
2023-04-15,0.0,24.8,Gangavaram
2023-04-16,0.0,21.4,Gangavaram
2023-04-17,0.0,26.3,Gangavaram
2023-04-18,0.0,28.4,Gangavaram
2023-04-19,0.0,27.6,Gangavaram
2023-04-20,0.0,27.2,Gangavaram
2023-04-21,0.0,20.1,Gangavaram
2023-04-22,0.0,23.8,Gangavaram
2023-04-23,10.8,15.3,Gangavaram
2023-04-24,3.4,13.4,Gangavaram
2023-04-25,2.7,11.9,Gangavaram
2023-04-26,0.3,15.4,Gangavaram
2023-04-27,0.5,13.0,Gangavaram
2023-04-28,0.0,19.8,Gangavaram
2023-04-29,0.0,19.7,Gangavaram
2023-04-30,0.0,18.9,Gangavaram
2023-05-01,27.9,21.9,Gangavaram
2023-05-02,6.2,16.0,Gangavaram
2023-05-03,8.2,12.6,Gangavaram
2023-05-04,6.3,12.1,Gangavaram
2023-05-05,0.5,18.8,Gangavaram
2023-05-06,1.3,14.4,Gangavaram
2023-05-07,0.0,17.0,Gangavaram
2023-05-08,0.0,18.4,Gangavaram
2023-05-09,0.0,14.8,Gangavaram
2023-05-10,0.0,14.8,Gangavaram
2023-05-11,0.0,16.8,Gangavaram
2023-05-12,0.0,20.4,Gangavaram
2023-05-13,0.0,22.0,Gangavaram
2023-05-14,0.3,15.5,Gangavaram
2023-05-15,0.0,20.4,Gangavaram
2023-05-16,0.0,19.4,Gangavaram
2023-05-17,0.0,26.3,Gangavaram
2023-05-18,0.1,27.9,Gangavaram
2023-05-19,0.1,26.9,Gangavaram
2023-05-20,0.0,28.6,Gangavaram
2023-05-21,0.0,26.3,Gangavaram
2023-05-22,2.5,29.3,Gangavaram
2023-05-23,0.0,25.4,Gangavaram
2023-05-24,0.1,41.2,Gangavaram
2023-05-25,23.9,29.3,Gangavaram
2023-05-26,0.0,25.2,Gangavaram
2023-05-27,0.0,22.0,Gangavaram
2023-05-28,0.0,15.9,Gangavaram
2023-05-29,0.5,19.4,Gangavaram
2023-05-30,2.5,28.9,Gangavaram
2023-05-31,0.0,25.2,Gangavaram
2023-06-01,3.1,22.6,Gangavaram
2023-06-02,0.0,24.9,Gangavaram
2023-06-03,0.0,21.8,Gangavaram
2023-06-04,0.7,22.0,Gangavaram
2023-06-05,0.1,17.7,Gangavaram
2023-06-06,0.8,19.7,Gangavaram
2023-06-07,1.2,25.5,Gangavaram
2023-06-08,0.3,28.9,Gangavaram
2023-06-09,0.3,31.1,Gangavaram
2023-06-10,0.0,29.8,Gangavaram
2023-06-11,0.0,25.5,Gangavaram
2023-06-12,0.9,26.1,Gangavaram
2023-06-13,0.0,28.8,Gangavaram
2023-06-14,0.1,21.2,Gangavaram
2023-06-15,0.0,21.2,Gangavaram
2023-06-16,0.0,19.1,Gangavaram
2023-06-17,0.0,30.7,Gangavaram
2023-06-18,1.4,20.6,Gangavaram
2023-06-19,3.6,16.9,Gangavaram
2023-06-20,0.7,23.4,Gangavaram
2023-06-21,4.5,23.7,Gangavaram
2023-06-22,8.5,31.7,Gangavaram
2023-06-23,11.3,34.1,Gangavaram
2023-06-24,1.5,28.1,Gangavaram
2023-06-25,4.4,29.6,Gangavaram
2023-06-26,0.5,37.4,Gangavaram
2023-06-27,1.3,31.6,Gangavaram
2023-06-28,0.0,28.8,Gangavaram
2023-06-29,3.2,25.2,Gangavaram
2023-06-30,0.1,27.4,Gangavaram
2023-07-01,0.0,24.4,Gangavaram
2023-07-02,0.6,21.6,Gangavaram
2023-07-03,4.3,21.9,Gangavaram
2023-07-04,7.4,17.8,Gangavaram
2023-07-05,7.5,22.2,Gangavaram
2023-07-06,4.6,25.2,Gangavaram
2023-07-07,0.7,30.5,Gangavaram
2023-07-08,0.7,27.8,Gangavaram
2023-07-09,1.6,18.6,Gangavaram
2023-07-10,12.3,24.5,Gangavaram
2023-07-11,11.6,18.9,Gangavaram
2023-07-12,16.9,18.9,Gangavaram
2023-07-13,1.9,25.4,Gangavaram
2023-07-14,1.6,24.8,Gangavaram
2023-07-15,5.6,29.7,Gangavaram
2023-07-16,4.3,25.6,Gangavaram
2023-07-17,20.3,27.0,Gangavaram
2023-07-18,11.6,32.5,Gangavaram
2023-07-19,18.9,38.2,Gangavaram
2023-07-20,8.0,34.2,Gangavaram
2023-07-21,1.8,27.4,Gangavaram
2023-07-22,11.4,26.0,Gangavaram
2023-07-23,13.7,22.1,Gangavaram
2023-07-24,57.6,19.8,Gangavaram
2023-07-25,58.4,16.8,Gangavaram
2023-07-26,48.4,28.9,Gangavaram
2023-07-27,0.6,39.0,Gangavaram
2023-07-28,0.5,31.6,Gangavaram
2023-07-29,2.2,24.6,Gangavaram
2023-07-30,1.2,18.4,Gangavaram
2023-07-31,6.9,23.2,Gangavaram
2023-08-01,5.6,24.6,Gangavaram
2023-08-02,1.0,30.3,Gangavaram
2023-08-03,0.0,28.6,Gangavaram
2023-08-04,0.1,28.2,Gangavaram
2023-08-05,0.0,27.5,Gangavaram
2023-08-06,0.4,30.1,Gangavaram
2023-08-07,0.4,26.9,Gangavaram
2023-08-08,0.6,26.0,Gangavaram
2023-08-09,0.1,22.5,Gangavaram
2023-08-10,1.5,19.9,Gangavaram
2023-08-11,0.0,18.2,Gangavaram
2023-08-12,0.2,22.0,Gangavaram
2023-08-13,0.1,21.7,Gangavaram
2023-08-14,0.1,17.6,Gangavaram
2023-08-15,0.4,22.6,Gangavaram
2023-08-16,0.3,25.9,Gangavaram
2023-08-17,9.4,19.2,Gangavaram
2023-08-18,15.5,23.4,Gangavaram
2023-08-19,0.3,27.8,Gangavaram
2023-08-20,0.4,30.2,Gangavaram
2023-08-21,3.6,24.5,Gangavaram
2023-08-22,6.3,26.6,Gangavaram
2023-08-23,14.8,29.7,Gangavaram
2023-08-24,3.0,29.3,Gangavaram
2023-08-25,3.5,30.0,Gangavaram
2023-08-26,25.4,21.4,Gangavaram
2023-08-27,0.1,26.1,Gangavaram
2023-08-28,2.2,18.3,Gangavaram
2023-08-29,3.9,11.9,Gangavaram
2023-08-30,2.6,11.4,Gangavaram
2023-08-31,1.6,12.0,Gangavaram
2023-09-01,0.7,16.1,Gangavaram
2023-09-02,31.3,22.7,Gangavaram
2023-09-03,35.8,17.3,Gangavaram
2023-09-04,15.3,13.7,Gangavaram
2023-09-05,11.3,12.2,Gangavaram
2023-09-06,27.7,15.5,Gangavaram
2023-09-07,15.3,25.1,Gangavaram
2023-09-08,1.6,25.7,Gangavaram
2023-09-09,4.0,22.1,Gangavaram
2023-09-10,4.1,22.5,Gangavaram
2023-09-11,1.6,17.4,Gangavaram
2023-09-12,7.3,20.4,Gangavaram
2023-09-13,17.8,24.5,Gangavaram
2023-09-14,1.2,28.0,Gangavaram
2023-09-15,1.2,28.2,Gangavaram
2023-09-16,1.0,21.7,Gangavaram
2023-09-17,0.2,18.7,Gangavaram
2023-09-18,0.3,10.0,Gangavaram
2023-09-19,9.1,15.6,Gangavaram
2023-09-20,1.5,21.8,Gangavaram
2023-09-21,0.2,27.6,Gangavaram
2023-09-22,0.3,27.4,Gangavaram
2023-09-23,3.7,24.6,Gangavaram
2023-09-24,3.2,21.4,Gangavaram
2023-09-25,11.1,17.6,Gangavaram
2023-09-26,3.9,12.3,Gangavaram
2023-09-27,3.4,15.1,Gangavaram
2023-09-28,5.2,9.8,Gangavaram
2023-09-29,2.1,16.6,Gangavaram
2023-09-30,11.0,20.2,Gangavaram
2023-10-01,0.5,26.2,Gangavaram
2023-10-02,0.7,25.3,Gangavaram
2023-10-03,18.8,26.0,Gangavaram
2023-10-04,0.0,23.2,Gangavaram
2023-10-05,0.0,13.0,Gangavaram
2023-10-06,0.0,15.5,Gangavaram
2023-10-07,0.0,11.3,Gangavaram
2023-10-08,0.5,16.6,Gangavaram
2023-10-09,0.0,18.2,Gangavaram
2023-10-10,1.1,11.5,Gangavaram
2023-10-11,0.0,15.1,Gangavaram
2023-10-12,0.0,15.3,Gangavaram
2023-10-13,0.0,13.7,Gangavaram
2023-10-14,0.0,15.7,Gangavaram
2023-10-15,0.0,14.2,Gangavaram
2023-10-16,0.0,16.6,Gangavaram
2023-10-17,0.3,17.8,Gangavaram
2023-10-18,0.0,14.5,Gangavaram
2023-10-19,1.6,18.1,Gangavaram
2023-10-20,0.0,25.2,Gangavaram
2023-10-21,0.0,27.4,Gangavaram
2023-10-22,0.0,28.1,Gangavaram
2023-10-23,2.3,19.1,Gangavaram
2023-10-24,0.3,18.4,Gangavaram
2023-10-25,2.8,13.0,Gangavaram
2023-10-26,0.8,15.5,Gangavaram
2023-10-27,2.0,16.5,Gangavaram
2023-10-28,0.0,15.9,Gangavaram
2023-10-29,0.4,17.7,Gangavaram
2023-10-30,0.0,21.2,Gangavaram
2023-10-31,0.0,23.3,Gangavaram
2023-11-01,1.5,23.5,Gangavaram
2023-11-02,3.4,20.2,Gangavaram
2023-11-03,8.6,15.0,Gangavaram
2023-11-04,4.3,12.0,Gangavaram
2023-11-05,3.6,12.3,Gangavaram
2023-11-06,4.6,17.1,Gangavaram
2023-11-07,0.9,18.4,Gangavaram
2023-11-08,0.0,15.0,Gangavaram
2023-11-09,0.0,18.7,Gangavaram
2023-11-10,0.0,15.9,Gangavaram
2023-11-11,0.0,18.9,Gangavaram
2023-11-12,0.0,19.9,Gangavaram
2023-11-13,0.0,22.6,Gangavaram
2023-11-14,0.0,25.2,Gangavaram
2023-11-15,0.0,28.2,Gangavaram
2023-11-16,0.0,21.0,Gangavaram
2023-11-17,0.0,20.3,Gangavaram
2023-11-18,0.1,21.6,Gangavaram
2023-11-19,0.0,22.6,Gangavaram
2023-11-20,28.9,23.0,Gangavaram
2023-11-21,21.9,19.0,Gangavaram
2023-11-22,0.0,19.4,Gangavaram
2023-11-23,0.4,17.6,Gangavaram
2023-11-24,0.0,20.4,Gangavaram
2023-11-25,0.0,23.8,Gangavaram
2023-11-26,0.0,22.2,Gangavaram
2023-11-27,0.0,19.6,Gangavaram
2023-11-28,0.0,18.7,Gangavaram
2023-11-29,0.0,20.0,Gangavaram
2023-11-30,0.0,21.6,Gangavaram
2023-12-01,0.0,27.6,Gangavaram
2023-12-02,0.3,30.4,Gangavaram
2023-12-03,6.8,31.6,Gangavaram
2023-12-04,31.4,25.8,Gangavaram
2023-12-05,45.9,24.0,Gangavaram
2023-12-06,59.2,26.6,Gangavaram
2023-12-07,1.0,12.8,Gangavaram
2023-12-08,0.3,13.4,Gangavaram
2023-12-09,0.4,16.2,Gangavaram
2023-12-10,0.2,16.8,Gangavaram
2023-12-11,0.3,16.1,Gangavaram
2023-12-12,0.0,16.5,Gangavaram
2023-12-13,0.0,17.2,Gangavaram
2023-12-14,0.0,18.6,Gangavaram
2023-12-15,0.0,20.1,Gangavaram
2023-12-16,0.0,19.0,Gangavaram
2023-12-17,0.0,20.6,Gangavaram
2023-12-18,0.0,19.9,Gangavaram
2023-12-19,0.0,19.2,Gangavaram
2023-12-20,0.0,17.0,Gangavaram
2023-12-21,0.0,16.5,Gangavaram
2023-12-22,0.0,14.1,Gangavaram
2023-12-23,0.0,17.3,Gangavaram
2023-12-24,0.0,16.8,Gangavaram
2023-12-25,0.0,17.7,Gangavaram
2023-12-26,0.0,16.4,Gangavaram
2023-12-27,0.0,17.3,Gangavaram
2023-12-28,0.0,17.6,Gangavaram
2023-12-29,0.0,17.0,Gangavaram
2023-12-30,0.0,19.0,Gangavaram
2023-12-31,0.0,18.2,Gangavaram
2021-01-01,0.0,15.9,Gopalpur
2021-01-02,0.0,12.6,Gopalpur
2021-01-03,0.0,14.8,Gopalpur
2021-01-04,0.0,14.9,Gopalpur
2021-01-05,0.0,14.4,Gopalpur
2021-01-06,0.0,11.0,Gopalpur
2021-01-07,0.0,11.7,Gopalpur
2021-01-08,0.0,12.4,Gopalpur
2021-01-09,0.0,12.7,Gopalpur
2021-01-10,0.0,12.7,Gopalpur
2021-01-11,0.0,11.5,Gopalpur
2021-01-12,0.0,13.8,Gopalpur
2021-01-13,0.0,16.2,Gopalpur
2021-01-14,0.0,22.2,Gopalpur
2021-01-15,0.1,16.8,Gopalpur
2021-01-16,0.0,17.3,Gopalpur
2021-01-17,0.0,18.7,Gopalpur
2021-01-18,0.0,17.6,Gopalpur
2021-01-19,0.0,17.1,Gopalpur
2021-01-20,0.0,22.7,Gopalpur
2021-01-21,0.0,21.6,Gopalpur
2021-01-22,0.0,16.2,Gopalpur
2021-01-23,0.0,16.2,Gopalpur
2021-01-24,0.0,17.3,Gopalpur
2021-01-25,0.0,18.8,Gopalpur
2021-01-26,0.0,16.9,Gopalpur
2021-01-27,1.2,14.9,Gopalpur
2021-01-28,1.6,16.7,Gopalpur
2021-01-29,0.0,15.6,Gopalpur
2021-01-30,0.2,13.7,Gopalpur
2021-01-31,0.6,18.1,Gopalpur
2021-02-01,0.0,19.5,Gopalpur
2021-02-02,0.0,17.2,Gopalpur
2021-02-03,0.0,16.9,Gopalpur
2021-02-04,0.0,15.1,Gopalpur
2021-02-05,0.0,14.1,Gopalpur
2021-02-06,0.0,18.8,Gopalpur
2021-02-07,0.0,19.1,Gopalpur
2021-02-08,0.0,19.7,Gopalpur
2021-02-09,0.0,15.7,Gopalpur
2021-02-10,0.0,18.5,Gopalpur
2021-02-11,0.0,20.3,Gopalpur
2021-02-12,0.0,16.5,Gopalpur
2021-02-13,0.0,21.2,Gopalpur
2021-02-14,0.0,24.1,Gopalpur
2021-02-15,0.0,19.2,Gopalpur
2021-02-16,0.0,19.5,Gopalpur
2021-02-17,0.0,19.3,Gopalpur
2021-02-18,0.0,15.6,Gopalpur
2021-02-19,0.0,17.1,Gopalpur
2021-02-20,0.2,17.7,Gopalpur
2021-02-21,0.0,15.5,Gopalpur
2021-02-22,0.0,17.9,Gopalpur
2021-02-23,0.0,19.9,Gopalpur
2021-02-24,0.0,20.4,Gopalpur
2021-02-25,0.0,20.2,Gopalpur
2021-02-26,0.0,22.8,Gopalpur
2021-02-27,0.0,22.4,Gopalpur
2021-02-28,0.0,21.0,Gopalpur
2021-03-01,0.0,22.0,Gopalpur
2021-03-02,0.0,22.3,Gopalpur
2021-03-03,0.0,22.1,Gopalpur
2021-03-04,0.0,18.9,Gopalpur
2021-03-05,0.0,28.8,Gopalpur
2021-03-06,0.0,24.1,Gopalpur
2021-03-07,0.0,21.3,Gopalpur
2021-03-08,0.0,20.5,Gopalpur
2021-03-09,0.0,25.6,Gopalpur
2021-03-10,0.0,23.9,Gopalpur
2021-03-11,0.0,22.0,Gopalpur
2021-03-12,0.0,21.3,Gopalpur
2021-03-13,0.0,18.0,Gopalpur
2021-03-14,0.0,17.1,Gopalpur
2021-03-15,0.0,18.2,Gopalpur
2021-03-16,0.0,21.0,Gopalpur
2021-03-17,0.0,20.9,Gopalpur
2021-03-18,0.0,21.0,Gopalpur
2021-03-19,0.0,23.8,Gopalpur
2021-03-20,0.0,21.1,Gopalpur
2021-03-21,0.0,19.1,Gopalpur
2021-03-22,0.0,17.7,Gopalpur
2021-03-23,0.0,16.5,Gopalpur
2021-03-24,0.0,20.4,Gopalpur
2021-03-25,0.0,17.4,Gopalpur
2021-03-26,0.0,17.7,Gopalpur
2021-03-27,0.0,16.3,Gopalpur
2021-03-28,0.0,22.0,Gopalpur
2021-03-29,0.0,32.0,Gopalpur
2021-03-30,0.0,34.4,Gopalpur
2021-03-31,0.0,30.3,Gopalpur
2021-04-01,0.0,27.8,Gopalpur
2021-04-02,0.1,22.2,Gopalpur
2021-04-03,1.1,20.6,Gopalpur
2021-04-04,0.0,19.2,Gopalpur
2021-04-05,0.0,17.2,Gopalpur
2021-04-06,0.0,25.3,Gopalpur
2021-04-07,0.0,29.3,Gopalpur
2021-04-08,0.0,33.7,Gopalpur
2021-04-09,0.0,23.5,Gopalpur
2021-04-10,0.0,20.2,Gopalpur
2021-04-11,0.0,20.9,Gopalpur
2021-04-12,0.0,19.6,Gopalpur
2021-04-13,0.0,19.4,Gopalpur
2021-04-14,0.0,20.9,Gopalpur
2021-04-15,0.0,21.6,Gopalpur
2021-04-16,0.0,20.9,Gopalpur
2021-04-17,0.0,23.8,Gopalpur
2021-04-18,0.0,25.7,Gopalpur
2021-04-19,0.0,23.2,Gopalpur
2021-04-20,0.0,30.6,Gopalpur
2021-04-21,0.0,29.2,Gopalpur
2021-04-22,0.0,22.6,Gopalpur
2021-04-23,0.0,14.5,Gopalpur
2021-04-24,0.0,18.2,Gopalpur
2021-04-25,0.0,24.8,Gopalpur
2021-04-26,0.0,26.9,Gopalpur
2021-04-27,0.0,26.5,Gopalpur
2021-04-28,0.0,24.8,Gopalpur
2021-04-29,0.0,25.5,Gopalpur
2021-04-30,0.0,26.0,Gopalpur
2021-05-01,0.0,27.6,Gopalpur
2021-05-02,0.5,24.1,Gopalpur
2021-05-03,0.0,20.2,Gopalpur
2021-05-04,5.3,19.6,Gopalpur
2021-05-05,0.4,25.9,Gopalpur
2021-05-06,0.0,22.7,Gopalpur
2021-05-07,0.0,27.0,Gopalpur
2021-05-08,0.0,20.3,Gopalpur
2021-05-09,0.0,26.5,Gopalpur
2021-05-10,0.0,23.1,Gopalpur
2021-05-11,8.6,27.1,Gopalpur
2021-05-12,0.0,27.0,Gopalpur
2021-05-13,0.0,34.1,Gopalpur
2021-05-14,0.0,32.8,Gopalpur
2021-05-15,0.0,30.2,Gopalpur
2021-05-16,0.0,23.4,Gopalpur
2021-05-17,0.0,26.2,Gopalpur
2021-05-18,0.0,35.0,Gopalpur
2021-05-19,0.0,36.1,Gopalpur
2021-05-20,0.0,34.1,Gopalpur
2021-05-21,0.7,24.5,Gopalpur
2021-05-22,7.9,16.1,Gopalpur
2021-05-23,0.0,15.5,Gopalpur
2021-05-24,1.3,25.6,Gopalpur
2021-05-25,24.6,32.3,Gopalpur
2021-05-26,4.0,28.0,Gopalpur
2021-05-27,0.0,20.6,Gopalpur
2021-05-28,0.0,20.9,Gopalpur
2021-05-29,0.0,24.9,Gopalpur
2021-05-30,0.0,27.0,Gopalpur
2021-05-31,0.0,26.9,Gopalpur
2021-06-01,0.0,22.9,Gopalpur
2021-06-02,0.6,23.5,Gopalpur
2021-06-03,1.6,24.7,Gopalpur
2021-06-04,0.1,26.2,Gopalpur
2021-06-05,0.0,26.6,Gopalpur
2021-06-06,0.0,26.3,Gopalpur
2021-06-07,0.0,26.9,Gopalpur
2021-06-08,1.4,24.6,Gopalpur
2021-06-09,12.1,17.4,Gopalpur
2021-06-10,7.7,17.3,Gopalpur
2021-06-11,3.2,19.7,Gopalpur
2021-06-12,1.4,16.2,Gopalpur
2021-06-13,8.6,18.5,Gopalpur
2021-06-14,0.9,22.7,Gopalpur
2021-06-15,0.1,22.8,Gopalpur
2021-06-16,1.4,21.1,Gopalpur
2021-06-17,1.3,23.2,Gopalpur
2021-06-18,9.0,21.6,Gopalpur
2021-06-19,0.3,25.3,Gopalpur
2021-06-20,0.2,22.3,Gopalpur
2021-06-21,0.4,20.0,Gopalpur
2021-06-22,0.7,20.0,Gopalpur
2021-06-23,14.1,22.5,Gopalpur
2021-06-24,2.9,26.9,Gopalpur
2021-06-25,0.3,20.6,Gopalpur
2021-06-26,0.8,16.9,Gopalpur
2021-06-27,6.7,23.0,Gopalpur
2021-06-28,0.3,26.5,Gopalpur
2021-06-29,0.2,29.8,Gopalpur
2021-06-30,0.1,31.9,Gopalpur
2021-07-01,0.0,30.8,Gopalpur
2021-07-02,11.0,24.2,Gopalpur
2021-07-03,0.1,15.5,Gopalpur
2021-07-04,4.8,18.6,Gopalpur
2021-07-05,2.7,13.4,Gopalpur
2021-07-06,3.0,24.6,Gopalpur
2021-07-07,0.2,24.6,Gopalpur
2021-07-08,6.4,15.8,Gopalpur
2021-07-09,2.3,19.3,Gopalpur
2021-07-10,7.8,17.9,Gopalpur
2021-07-11,6.5,19.6,Gopalpur
2021-07-12,4.4,20.1,Gopalpur
2021-07-13,22.6,17.0,Gopalpur
2021-07-14,6.7,21.7,Gopalpur
2021-07-15,5.9,20.2,Gopalpur
2021-07-16,3.0,20.9,Gopalpur
2021-07-17,0.0,21.5,Gopalpur
2021-07-18,0.0,28.8,Gopalpur
2021-07-19,0.1,25.6,Gopalpur
2021-07-20,18.3,11.2,Gopalpur
2021-07-21,5.2,20.6,Gopalpur
2021-07-22,19.0,16.2,Gopalpur
2021-07-23,6.2,26.0,Gopalpur
2021-07-24,1.9,25.5,Gopalpur
2021-07-25,1.1,25.3,Gopalpur
2021-07-26,0.0,22.6,Gopalpur
2021-07-27,1.8,15.2,Gopalpur
2021-07-28,4.5,18.0,Gopalpur
2021-07-29,35.7,17.5,Gopalpur
2021-07-30,3.0,20.4,Gopalpur
2021-07-31,0.5,24.0,Gopalpur
2021-08-01,0.6,21.4,Gopalpur
2021-08-02,1.2,23.4,Gopalpur
2021-08-03,0.1,18.9,Gopalpur
2021-08-04,0.2,17.3,Gopalpur
2021-08-05,3.3,15.5,Gopalpur
2021-08-06,6.2,18.8,Gopalpur
2021-08-07,0.6,25.9,Gopalpur
2021-08-08,0.5,26.1,Gopalpur
2021-08-09,0.1,25.7,Gopalpur
2021-08-10,0.1,22.9,Gopalpur
2021-08-11,0.8,18.4,Gopalpur
2021-08-12,3.7,17.3,Gopalpur
2021-08-13,5.4,13.0,Gopalpur
2021-08-14,14.7,14.5,Gopalpur
2021-08-15,35.2,11.5,Gopalpur
2021-08-16,8.2,16.6,Gopalpur
2021-08-17,7.5,24.2,Gopalpur
2021-08-18,1.5,29.2,Gopalpur
2021-08-19,1.0,28.8,Gopalpur
2021-08-20,2.8,29.6,Gopalpur
2021-08-21,1.7,24.6,Gopalpur
2021-08-22,0.2,24.5,Gopalpur
2021-08-23,0.1,24.9,Gopalpur
2021-08-24,0.8,24.3,Gopalpur
2021-08-25,4.0,19.0,Gopalpur
2021-08-26,1.7,17.6,Gopalpur
2021-08-27,68.4,14.3,Gopalpur
2021-08-28,34.2,23.5,Gopalpur
2021-08-29,9.8,25.4,Gopalpur
2021-08-30,12.5,17.3,Gopalpur
2021-08-31,8.6,21.3,Gopalpur
2021-09-01,1.9,14.7,Gopalpur
2021-09-02,1.6,16.6,Gopalpur
2021-09-03,3.8,14.7,Gopalpur
2021-09-04,0.7,13.1,Gopalpur
2021-09-05,34.2,16.1,Gopalpur
2021-09-06,25.1,23.2,Gopalpur
2021-09-07,17.1,29.6,Gopalpur
2021-09-08,1.4,25.2,Gopalpur
2021-09-09,9.5,9.7,Gopalpur
2021-09-10,12.6,12.6,Gopalpur
2021-09-11,10.6,14.2,Gopalpur
2021-09-12,57.2,16.6,Gopalpur
2021-09-13,44.2,28.5,Gopalpur
2021-09-14,2.3,36.0,Gopalpur
2021-09-15,2.5,29.5,Gopalpur
2021-09-16,0.8,15.6,Gopalpur
2021-09-17,0.1,12.8,Gopalpur
2021-09-18,1.5,11.4,Gopalpur
2021-09-19,10.0,9.5,Gopalpur
2021-09-20,4.1,12.7,Gopalpur
2021-09-21,2.7,13.9,Gopalpur
2021-09-22,4.7,12.6,Gopalpur
2021-09-23,1.8,20.9,Gopalpur
2021-09-24,3.0,14.0,Gopalpur
2021-09-25,0.5,12.9,Gopalpur
2021-09-26,44.5,42.7,Gopalpur
2021-09-27,23.7,26.8,Gopalpur
2021-09-28,17.6,15.5,Gopalpur
2021-09-29,1.5,19.7,Gopalpur
2021-09-30,1.0,16.7,Gopalpur
2021-10-01,1.0,15.4,Gopalpur
2021-10-02,0.4,18.4,Gopalpur
2021-10-03,0.0,21.8,Gopalpur
2021-10-04,1.1,19.4,Gopalpur
2021-10-05,0.1,12.4,Gopalpur
2021-10-06,0.6,11.2,Gopalpur
2021-10-07,0.0,13.7,Gopalpur
2021-10-08,0.6,12.9,Gopalpur
2021-10-09,1.1,9.1,Gopalpur
2021-10-10,6.7,8.1,Gopalpur
2021-10-11,3.4,9.8,Gopalpur
2021-10-12,5.6,8.9,Gopalpur
2021-10-13,4.5,10.1,Gopalpur
2021-10-14,23.5,15.7,Gopalpur
2021-10-15,33.1,19.4,Gopalpur
2021-10-16,15.5,14.1,Gopalpur
2021-10-17,9.1,10.4,Gopalpur
2021-10-18,9.4,20.8,Gopalpur
2021-10-19,4.4,17.4,Gopalpur
2021-10-20,2.6,15.1,Gopalpur
2021-10-21,2.3,14.0,Gopalpur
2021-10-22,0.9,12.5,Gopalpur
2021-10-23,0.0,12.3,Gopalpur
2021-10-24,0.0,11.4,Gopalpur
2021-10-25,0.0,16.8,Gopalpur
2021-10-26,0.0,14.8,Gopalpur
2021-10-27,0.2,20.2,Gopalpur
2021-10-28,2.2,22.4,Gopalpur
2021-10-29,24.6,19.2,Gopalpur
2021-10-30,0.0,15.7,Gopalpur
2021-10-31,0.0,14.3,Gopalpur
2021-11-01,3.3,14.0,Gopalpur
2021-11-02,15.1,13.0,Gopalpur
2021-11-03,1.3,13.8,Gopalpur
2021-11-04,0.1,15.0,Gopalpur
2021-11-05,0.0,14.5,Gopalpur
2021-11-06,0.0,17.4,Gopalpur
2021-11-07,0.0,14.5,Gopalpur
2021-11-08,0.0,16.1,Gopalpur
2021-11-09,0.0,14.7,Gopalpur
2021-11-10,0.0,17.6,Gopalpur
2021-11-11,14.2,18.7,Gopalpur
2021-11-12,36.9,17.1,Gopalpur
2021-11-13,14.9,14.5,Gopalpur
2021-11-14,4.3,10.6,Gopalpur
2021-11-15,3.3,10.5,Gopalpur
2021-11-16,2.8,13.7,Gopalpur
2021-11-17,0.0,19.3,Gopalpur
2021-11-18,0.0,16.4,Gopalpur
2021-11-19,2.4,15.7,Gopalpur
2021-11-20,2.8,13.7,Gopalpur
2021-11-21,0.3,12.4,Gopalpur
2021-11-22,1.0,8.0,Gopalpur
2021-11-23,9.3,13.0,Gopalpur
2021-11-24,2.0,13.4,Gopalpur
2021-11-25,0.4,12.1,Gopalpur
2021-11-26,2.0,11.4,Gopalpur
2021-11-27,0.2,14.3,Gopalpur
2021-11-28,0.0,14.3,Gopalpur
2021-11-29,0.0,11.3,Gopalpur
2021-11-30,0.0,13.7,Gopalpur
2021-12-01,0.0,16.2,Gopalpur
2021-12-02,0.0,14.3,Gopalpur
2021-12-03,18.1,23.0,Gopalpur
2021-12-04,98.8,33.2,Gopalpur
2021-12-05,7.8,25.7,Gopalpur
2021-12-06,0.1,10.7,Gopalpur
2021-12-07,0.0,14.6,Gopalpur
2021-12-08,0.2,19.0,Gopalpur
2021-12-09,43.5,16.8,Gopalpur
2021-12-10,0.0,13.9,Gopalpur
2021-12-11,0.0,13.9,Gopalpur
2021-12-12,0.0,16.3,Gopalpur
2021-12-13,0.0,13.4,Gopalpur
2021-12-14,0.0,13.2,Gopalpur
2021-12-15,0.0,10.7,Gopalpur
2021-12-16,0.0,13.0,Gopalpur
2021-12-17,0.0,13.7,Gopalpur
2021-12-18,0.0,14.8,Gopalpur
2021-12-19,0.0,15.3,Gopalpur
2021-12-20,0.0,15.0,Gopalpur
2021-12-21,0.0,13.6,Gopalpur
2021-12-22,0.0,14.7,Gopalpur
2021-12-23,0.0,11.3,Gopalpur
2021-12-24,0.0,11.4,Gopalpur
2021-12-25,0.0,12.3,Gopalpur
2021-12-26,0.3,13.7,Gopalpur
2021-12-27,0.3,8.3,Gopalpur
2021-12-28,0.3,10.7,Gopalpur
2021-12-29,3.7,11.8,Gopalpur
2021-12-30,0.0,16.3,Gopalpur
2021-12-31,0.0,16.4,Gopalpur
2022-01-01,0.0,16.0,Gopalpur
2022-01-02,0.0,14.3,Gopalpur
2022-01-03,0.0,14.4,Gopalpur
2022-01-04,0.0,11.2,Gopalpur
2022-01-05,0.0,11.3,Gopalpur
2022-01-06,0.0,11.7,Gopalpur
2022-01-07,0.0,11.9,Gopalpur
2022-01-08,0.0,11.7,Gopalpur
2022-01-09,0.0,11.8,Gopalpur
2022-01-10,0.0,13.2,Gopalpur
2022-01-11,1.4,20.1,Gopalpur
2022-01-12,2.1,14.0,Gopalpur
2022-01-13,12.3,15.5,Gopalpur
2022-01-14,40.1,13.6,Gopalpur
2022-01-15,1.0,15.8,Gopalpur
2022-01-16,0.0,14.8,Gopalpur
2022-01-17,0.0,15.1,Gopalpur
2022-01-18,0.0,12.2,Gopalpur
2022-01-19,0.0,10.6,Gopalpur
2022-01-20,0.0,12.7,Gopalpur
2022-01-21,0.0,19.9,Gopalpur
2022-01-22,0.0,14.1,Gopalpur
2022-01-23,0.0,23.2,Gopalpur
2022-01-24,1.3,12.8,Gopalpur
2022-01-25,0.7,13.3,Gopalpur
2022-01-26,0.6,12.9,Gopalpur
2022-01-27,0.0,18.7,Gopalpur
2022-01-28,0.0,15.0,Gopalpur
2022-01-29,0.0,13.0,Gopalpur
2022-01-30,0.0,12.8,Gopalpur
2022-01-31,0.0,15.3,Gopalpur
2022-02-01,0.0,21.2,Gopalpur
2022-02-02,0.0,16.4,Gopalpur
2022-02-03,0.0,28.5,Gopalpur
2022-02-04,0.7,33.0,Gopalpur
2022-02-05,0.0,16.5,Gopalpur
2022-02-06,0.0,13.2,Gopalpur
2022-02-07,0.0,16.7,Gopalpur
2022-02-08,0.0,16.1,Gopalpur
2022-02-09,0.0,16.0,Gopalpur
2022-02-10,0.0,15.5,Gopalpur
2022-02-11,0.0,22.7,Gopalpur
2022-02-12,0.3,15.9,Gopalpur
2022-02-13,0.0,15.5,Gopalpur
2022-02-14,0.0,16.2,Gopalpur
2022-02-15,0.0,17.3,Gopalpur
2022-02-16,0.0,18.1,Gopalpur
2022-02-17,0.1,16.4,Gopalpur
2022-02-18,0.2,16.9,Gopalpur
2022-02-19,0.2,16.3,Gopalpur
2022-02-20,1.2,29.9,Gopalpur
2022-02-21,0.0,19.2,Gopalpur
2022-02-22,0.0,15.0,Gopalpur
2022-02-23,0.1,14.7,Gopalpur
2022-02-24,0.0,19.4,Gopalpur
2022-02-25,0.0,18.3,Gopalpur
2022-02-26,0.0,13.4,Gopalpur
2022-02-27,0.0,16.5,Gopalpur
2022-02-28,0.0,15.4,Gopalpur
2022-03-01,0.0,16.1,Gopalpur
2022-03-02,0.0,18.4,Gopalpur
2022-03-03,0.0,16.3,Gopalpur
2022-03-04,0.0,17.2,Gopalpur
2022-03-05,0.0,18.1,Gopalpur
2022-03-06,0.0,18.1,Gopalpur
2022-03-07,0.0,17.9,Gopalpur
2022-03-08,0.0,17.1,Gopalpur
2022-03-09,0.0,20.2,Gopalpur
2022-03-10,0.0,19.5,Gopalpur
2022-03-11,0.0,18.6,Gopalpur
2022-03-12,0.0,17.9,Gopalpur
2022-03-13,0.0,19.2,Gopalpur
2022-03-14,0.0,19.1,Gopalpur
2022-03-15,0.0,18.6,Gopalpur
2022-03-16,0.0,24.1,Gopalpur
2022-03-17,0.0,26.6,Gopalpur
2022-03-18,0.0,21.8,Gopalpur
2022-03-19,0.0,19.5,Gopalpur
2022-03-20,0.0,24.5,Gopalpur
2022-03-21,0.0,21.1,Gopalpur
2022-03-22,0.0,23.2,Gopalpur
2022-03-23,0.0,24.7,Gopalpur
2022-03-24,0.0,28.1,Gopalpur
2022-03-25,0.0,34.1,Gopalpur
2022-03-26,0.0,27.7,Gopalpur
2022-03-27,0.0,28.9,Gopalpur
2022-03-28,0.0,25.7,Gopalpur
2022-03-29,0.0,29.0,Gopalpur
2022-03-30,0.0,32.8,Gopalpur
2022-03-31,0.0,31.4,Gopalpur
2022-04-01,0.0,34.2,Gopalpur
2022-04-02,0.0,33.9,Gopalpur
2022-04-03,0.0,30.2,Gopalpur
2022-04-04,0.0,31.3,Gopalpur
2022-04-05,0.0,30.2,Gopalpur
2022-04-06,0.0,26.9,Gopalpur
2022-04-07,0.0,24.1,Gopalpur
2022-04-08,0.0,29.6,Gopalpur
2022-04-09,0.0,33.4,Gopalpur
2022-04-10,0.0,31.6,Gopalpur
2022-04-11,0.0,30.7,Gopalpur
2022-04-12,0.0,29.7,Gopalpur
2022-04-13,0.0,31.5,Gopalpur
2022-04-14,0.0,31.8,Gopalpur
2022-04-15,0.0,27.7,Gopalpur
2022-04-16,0.0,29.6,Gopalpur
2022-04-17,0.0,31.5,Gopalpur
2022-04-18,0.0,26.7,Gopalpur
2022-04-19,0.0,30.2,Gopalpur
2022-04-20,0.0,32.4,Gopalpur
2022-04-21,0.0,33.8,Gopalpur
2022-04-22,0.0,31.1,Gopalpur
2022-04-23,0.0,25.8,Gopalpur
2022-04-24,0.0,23.6,Gopalpur
2022-04-25,0.0,27.2,Gopalpur
2022-04-26,0.0,26.0,Gopalpur
2022-04-27,0.0,28.1,Gopalpur
2022-04-28,0.0,28.3,Gopalpur
2022-04-29,0.0,26.1,Gopalpur
2022-04-30,0.0,32.6,Gopalpur
2022-05-01,0.0,32.2,Gopalpur
2022-05-02,0.2,31.9,Gopalpur
2022-05-03,0.2,34.8,Gopalpur
2022-05-04,0.0,27.7,Gopalpur
2022-05-05,0.0,25.7,Gopalpur
2022-05-06,0.1,23.2,Gopalpur
2022-05-07,0.0,18.7,Gopalpur
2022-05-08,0.0,18.8,Gopalpur
2022-05-09,3.0,29.5,Gopalpur
2022-05-10,22.2,23.8,Gopalpur
2022-05-11,9.5,26.2,Gopalpur
2022-05-12,0.5,24.3,Gopalpur
2022-05-13,0.0,35.7,Gopalpur
2022-05-14,0.0,32.6,Gopalpur
2022-05-15,0.0,30.0,Gopalpur
2022-05-16,0.0,31.6,Gopalpur
2022-05-17,0.0,30.2,Gopalpur
2022-05-18,0.0,30.9,Gopalpur
2022-05-19,0.0,32.0,Gopalpur
2022-05-20,0.0,32.3,Gopalpur
2022-05-21,0.0,31.8,Gopalpur
2022-05-22,0.2,29.2,Gopalpur
2022-05-23,0.0,19.3,Gopalpur
2022-05-24,0.0,21.4,Gopalpur
2022-05-25,0.0,24.8,Gopalpur
2022-05-26,0.0,24.4,Gopalpur
2022-05-27,0.0,25.6,Gopalpur
2022-05-28,0.0,18.8,Gopalpur
2022-05-29,0.0,20.9,Gopalpur
2022-05-30,0.0,18.8,Gopalpur
2022-05-31,0.0,20.9,Gopalpur
2022-06-01,0.0,23.6,Gopalpur
2022-06-02,0.0,27.6,Gopalpur
2022-06-03,0.0,26.3,Gopalpur
2022-06-04,0.0,34.3,Gopalpur
2022-06-05,0.0,33.0,Gopalpur
2022-06-06,0.0,28.5,Gopalpur
2022-06-07,0.0,29.4,Gopalpur
2022-06-08,0.0,30.6,Gopalpur
2022-06-09,0.0,24.6,Gopalpur
2022-06-10,0.0,23.8,Gopalpur
2022-06-11,0.3,32.9,Gopalpur
2022-06-12,0.0,30.7,Gopalpur
2022-06-13,0.0,25.1,Gopalpur
2022-06-14,0.1,25.5,Gopalpur
2022-06-15,0.0,28.2,Gopalpur
2022-06-16,0.1,31.1,Gopalpur
2022-06-17,0.6,31.6,Gopalpur
2022-06-18,0.0,30.5,Gopalpur
2022-06-19,1.9,32.7,Gopalpur
2022-06-20,1.7,30.3,Gopalpur
2022-06-21,3.8,19.7,Gopalpur
2022-06-22,1.4,21.8,Gopalpur
2022-06-23,5.9,20.5,Gopalpur
2022-06-24,4.9,21.3,Gopalpur
2022-06-25,8.3,20.3,Gopalpur
2022-06-26,0.0,25.3,Gopalpur
2022-06-27,1.7,21.6,Gopalpur
2022-06-28,1.4,17.9,Gopalpur
2022-06-29,0.2,23.1,Gopalpur
2022-06-30,6.6,24.4,Gopalpur
2022-07-01,10.1,17.0,Gopalpur
2022-07-02,2.0,16.1,Gopalpur
2022-07-03,7.3,12.8,Gopalpur
2022-07-04,6.4,12.8,Gopalpur
2022-07-05,25.6,14.4,Gopalpur
2022-07-06,1.3,22.0,Gopalpur
2022-07-07,23.3,16.7,Gopalpur
2022-07-08,20.3,13.6,Gopalpur
2022-07-09,25.5,20.6,Gopalpur
2022-07-10,1.0,13.2,Gopalpur
2022-07-11,47.4,16.7,Gopalpur
2022-07-12,29.0,12.9,Gopalpur
2022-07-13,31.3,15.1,Gopalpur
2022-07-14,1.0,22.0,Gopalpur
2022-07-15,3.5,13.8,Gopalpur
2022-07-16,16.5,18.6,Gopalpur
2022-07-17,39.8,27.3,Gopalpur
2022-07-18,0.8,30.8,Gopalpur
2022-07-19,2.5,26.8,Gopalpur
2022-07-20,4.1,20.5,Gopalpur
2022-07-21,13.9,19.5,Gopalpur
2022-07-22,10.4,10.2,Gopalpur
2022-07-23,17.1,25.0,Gopalpur
2022-07-24,0.9,20.3,Gopalpur
2022-07-25,8.6,20.2,Gopalpur
2022-07-26,1.1,20.6,Gopalpur
2022-07-27,0.1,19.1,Gopalpur
2022-07-28,0.0,20.0,Gopalpur
2022-07-29,0.0,20.4,Gopalpur
2022-07-30,0.0,23.7,Gopalpur
2022-07-31,0.0,23.0,Gopalpur
2022-08-01,2.2,20.8,Gopalpur
2022-08-02,8.1,17.1,Gopalpur
2022-08-03,0.1,13.8,Gopalpur
2022-08-04,2.3,14.3,Gopalpur
2022-08-05,17.1,8.8,Gopalpur
2022-08-06,47.0,13.1,Gopalpur
2022-08-07,43.7,20.1,Gopalpur
2022-08-08,17.1,17.1,Gopalpur
2022-08-09,29.2,31.7,Gopalpur
2022-08-10,22.3,30.1,Gopalpur
2022-08-11,4.3,24.5,Gopalpur
2022-08-12,8.1,18.7,Gopalpur
2022-08-13,64.2,14.8,Gopalpur
2022-08-14,74.2,30.6,Gopalpur
2022-08-15,0.0,32.0,Gopalpur
2022-08-16,1.6,21.9,Gopalpur
2022-08-17,1.4,16.2,Gopalpur
2022-08-18,15.3,25.1,Gopalpur
2022-08-19,11.7,16.3,Gopalpur
2022-08-20,6.2,24.7,Gopalpur
2022-08-21,0.4,20.4,Gopalpur
2022-08-22,0.0,16.8,Gopalpur
2022-08-23,9.0,11.3,Gopalpur
2022-08-24,14.8,26.5,Gopalpur
2022-08-25,0.9,12.4,Gopalpur
2022-08-26,0.3,16.1,Gopalpur
2022-08-27,0.3,19.4,Gopalpur
2022-08-28,1.2,23.0,Gopalpur
2022-08-29,1.6,17.3,Gopalpur
2022-08-30,0.8,14.9,Gopalpur
2022-08-31,3.1,24.9,Gopalpur
2022-09-01,0.0,21.0,Gopalpur
2022-09-02,0.1,19.4,Gopalpur
2022-09-03,0.3,24.7,Gopalpur
2022-09-04,1.8,15.9,Gopalpur
2022-09-05,2.6,21.3,Gopalpur
2022-09-06,2.3,20.5,Gopalpur
2022-09-07,17.2,19.3,Gopalpur
2022-09-08,19.1,23.5,Gopalpur
2022-09-09,30.5,27.1,Gopalpur
2022-09-10,27.7,20.9,Gopalpur
2022-09-11,5.9,34.6,Gopalpur
2022-09-12,0.2,37.9,Gopalpur
2022-09-13,7.7,35.6,Gopalpur
2022-09-14,0.1,28.9,Gopalpur
2022-09-15,0.0,28.0,Gopalpur
2022-09-16,0.3,20.4,Gopalpur
2022-09-17,1.3,18.9,Gopalpur
2022-09-18,11.7,12.0,Gopalpur
2022-09-19,25.5,16.4,Gopalpur
2022-09-20,16.0,18.1,Gopalpur
2022-09-21,0.2,19.4,Gopalpur
2022-09-22,5.8,19.4,Gopalpur
2022-09-23,6.7,8.5,Gopalpur
2022-09-24,7.7,12.0,Gopalpur
2022-09-25,5.3,11.5,Gopalpur
2022-09-26,0.8,10.5,Gopalpur
2022-09-27,4.2,10.2,Gopalpur
2022-09-28,5.1,10.0,Gopalpur
2022-09-29,9.9,15.4,Gopalpur
2022-09-30,3.7,16.7,Gopalpur
2022-10-01,12.5,14.8,Gopalpur
2022-10-02,18.3,14.3,Gopalpur
2022-10-03,12.9,14.6,Gopalpur
2022-10-04,27.2,24.7,Gopalpur
2022-10-05,15.7,19.0,Gopalpur
2022-10-06,38.6,19.8,Gopalpur
2022-10-07,18.1,12.3,Gopalpur
2022-10-08,22.8,15.9,Gopalpur
2022-10-09,19.4,17.1,Gopalpur
2022-10-10,14.9,16.8,Gopalpur
2022-10-11,0.3,20.2,Gopalpur
2022-10-12,0.3,18.4,Gopalpur
2022-10-13,1.1,10.0,Gopalpur
2022-10-14,7.9,14.4,Gopalpur
2022-10-15,5.7,16.6,Gopalpur
2022-10-16,2.8,14.7,Gopalpur
2022-10-17,7.4,13.2,Gopalpur
2022-10-18,0.5,14.8,Gopalpur
2022-10-19,0.0,15.6,Gopalpur
2022-10-20,0.0,16.4,Gopalpur
2022-10-21,0.0,20.0,Gopalpur
2022-10-22,0.0,19.0,Gopalpur
2022-10-23,0.0,23.2,Gopalpur
2022-10-24,0.0,20.1,Gopalpur
2022-10-25,0.0,14.1,Gopalpur
2022-10-26,0.0,9.7,Gopalpur
2022-10-27,0.0,16.0,Gopalpur
2022-10-28,0.3,10.4,Gopalpur
2022-10-29,0.0,12.9,Gopalpur
2022-10-30,0.0,12.7,Gopalpur
2022-10-31,0.0,14.4,Gopalpur
2022-11-01,0.0,14.6,Gopalpur
2022-11-02,0.0,13.0,Gopalpur
2022-11-03,4.7,14.3,Gopalpur
2022-11-04,0.0,13.0,Gopalpur
2022-11-05,0.0,13.0,Gopalpur
2022-11-06,0.0,14.9,Gopalpur
2022-11-07,0.0,12.3,Gopalpur
2022-11-08,0.0,10.7,Gopalpur
2022-11-09,0.0,13.0,Gopalpur
2022-11-10,0.0,18.7,Gopalpur
2022-11-11,0.0,16.3,Gopalpur
2022-11-12,0.0,15.2,Gopalpur
2022-11-13,0.0,15.9,Gopalpur
2022-11-14,0.0,12.4,Gopalpur
2022-11-15,0.0,11.6,Gopalpur
2022-11-16,0.0,13.7,Gopalpur
2022-11-17,0.0,15.8,Gopalpur
2022-11-18,0.0,20.9,Gopalpur
2022-11-19,0.0,21.4,Gopalpur
2022-11-20,0.0,15.6,Gopalpur
2022-11-21,0.0,14.8,Gopalpur
2022-11-22,0.0,13.4,Gopalpur
2022-11-23,0.6,12.6,Gopalpur
2022-11-24,0.7,14.5,Gopalpur
2022-11-25,0.0,14.1,Gopalpur
2022-11-26,0.0,15.7,Gopalpur
2022-11-27,0.0,11.4,Gopalpur
2022-11-28,0.0,13.0,Gopalpur
2022-11-29,0.0,14.2,Gopalpur
2022-11-30,0.0,16.6,Gopalpur
2022-12-01,0.0,15.3,Gopalpur
2022-12-02,0.0,17.3,Gopalpur
2022-12-03,0.6,15.5,Gopalpur
2022-12-04,0.0,17.8,Gopalpur
2022-12-05,0.0,14.8,Gopalpur
2022-12-06,0.0,15.6,Gopalpur
2022-12-07,0.0,16.9,Gopalpur
2022-12-08,0.0,21.7,Gopalpur
2022-12-09,0.2,16.8,Gopalpur
2022-12-10,0.5,16.7,Gopalpur
2022-12-11,0.0,15.2,Gopalpur
2022-12-12,0.0,14.0,Gopalpur
2022-12-13,0.0,14.1,Gopalpur
2022-12-14,0.0,13.2,Gopalpur
2022-12-15,0.0,17.7,Gopalpur
2022-12-16,0.0,18.9,Gopalpur
2022-12-17,0.0,16.7,Gopalpur
2022-12-18,0.0,13.2,Gopalpur
2022-12-19,0.0,13.4,Gopalpur
2022-12-20,0.0,16.6,Gopalpur
2022-12-21,0.0,17.3,Gopalpur
2022-12-22,0.0,14.0,Gopalpur
2022-12-23,0.0,16.4,Gopalpur
2022-12-24,0.0,12.1,Gopalpur
2022-12-25,0.0,12.9,Gopalpur
2022-12-26,0.0,11.2,Gopalpur
2022-12-27,0.0,17.7,Gopalpur
2022-12-28,0.0,18.0,Gopalpur
2022-12-29,0.0,21.0,Gopalpur
2022-12-30,0.0,13.6,Gopalpur
2022-12-31,0.0,17.9,Gopalpur
2023-01-01,3.2,15.0,Gopalpur
2023-01-02,1.9,12.1,Gopalpur
2023-01-03,1.9,17.8,Gopalpur
2023-01-04,0.6,14.9,Gopalpur
2023-01-05,0.0,16.2,Gopalpur
2023-01-06,0.0,17.7,Gopalpur
2023-01-07,0.0,15.5,Gopalpur
2023-01-08,0.0,17.1,Gopalpur
2023-01-09,0.0,14.2,Gopalpur
2023-01-10,0.0,14.0,Gopalpur
2023-01-11,0.0,14.7,Gopalpur
2023-01-12,0.0,19.5,Gopalpur
2023-01-13,0.0,17.8,Gopalpur
2023-01-14,0.0,20.0,Gopalpur
2023-01-15,0.0,19.9,Gopalpur
2023-01-16,0.0,17.3,Gopalpur
2023-01-17,0.0,19.0,Gopalpur
2023-01-18,0.0,19.9,Gopalpur
2023-01-19,1.7,18.2,Gopalpur
2023-01-20,1.9,12.8,Gopalpur
2023-01-21,0.0,16.9,Gopalpur
2023-01-22,0.0,13.5,Gopalpur
2023-01-23,0.0,10.2,Gopalpur
2023-01-24,0.0,10.5,Gopalpur
2023-01-25,0.0,10.5,Gopalpur
2023-01-26,0.0,14.5,Gopalpur
2023-01-27,0.0,14.3,Gopalpur
2023-01-28,0.0,16.5,Gopalpur
2023-01-29,0.0,15.6,Gopalpur
2023-01-30,0.0,16.1,Gopalpur
2023-01-31,0.0,17.3,Gopalpur
2023-02-01,0.0,19.2,Gopalpur
2023-02-02,0.0,20.8,Gopalpur
2023-02-03,0.0,16.6,Gopalpur
2023-02-04,0.0,18.4,Gopalpur
2023-02-05,0.0,18.3,Gopalpur
2023-02-06,0.0,17.2,Gopalpur
2023-02-07,0.0,20.9,Gopalpur
2023-02-08,0.0,23.3,Gopalpur
2023-02-09,0.0,19.6,Gopalpur
2023-02-10,0.0,17.1,Gopalpur
2023-02-11,0.0,18.9,Gopalpur
2023-02-12,0.0,17.9,Gopalpur
2023-02-13,0.0,20.3,Gopalpur
2023-02-14,0.0,18.9,Gopalpur
2023-02-15,0.0,19.2,Gopalpur
2023-02-16,0.0,20.0,Gopalpur
2023-02-17,0.2,22.0,Gopalpur
2023-02-18,1.8,18.4,Gopalpur
2023-02-19,0.0,19.9,Gopalpur
2023-02-20,0.0,24.0,Gopalpur
2023-02-21,0.0,19.7,Gopalpur
2023-02-22,0.0,22.8,Gopalpur
2023-02-23,0.0,25.2,Gopalpur
2023-02-24,0.0,24.5,Gopalpur
2023-02-25,0.0,17.4,Gopalpur
2023-02-26,0.0,15.5,Gopalpur
2023-02-27,0.0,19.2,Gopalpur
2023-02-28,0.0,19.1,Gopalpur
2023-03-01,0.0,19.7,Gopalpur
2023-03-02,0.0,18.2,Gopalpur
2023-03-03,0.0,19.9,Gopalpur
2023-03-04,0.0,20.4,Gopalpur
2023-03-05,0.0,19.1,Gopalpur
2023-03-06,0.0,17.3,Gopalpur
2023-03-07,0.0,20.4,Gopalpur
2023-03-08,0.0,15.3,Gopalpur
2023-03-09,0.0,15.6,Gopalpur
2023-03-10,0.0,14.4,Gopalpur
2023-03-11,0.0,16.0,Gopalpur
2023-03-12,0.0,16.1,Gopalpur
2023-03-13,0.0,15.1,Gopalpur
2023-03-14,0.0,23.2,Gopalpur
2023-03-15,0.0,18.4,Gopalpur
2023-03-16,0.0,22.1,Gopalpur
2023-03-17,0.0,21.3,Gopalpur
2023-03-18,1.6,18.0,Gopalpur
2023-03-19,3.3,21.1,Gopalpur
2023-03-20,0.7,26.8,Gopalpur
2023-03-21,14.2,18.5,Gopalpur
2023-03-22,3.8,16.6,Gopalpur
2023-03-23,0.0,16.0,Gopalpur
2023-03-24,0.0,18.7,Gopalpur
2023-03-25,0.0,20.4,Gopalpur
2023-03-26,0.0,22.1,Gopalpur
2023-03-27,1.9,19.0,Gopalpur
2023-03-28,0.0,20.7,Gopalpur
2023-03-29,0.5,26.1,Gopalpur
2023-03-30,0.0,26.6,Gopalpur
2023-03-31,2.5,25.7,Gopalpur
2023-04-01,8.8,19.1,Gopalpur
2023-04-02,0.0,24.8,Gopalpur
2023-04-03,0.1,25.2,Gopalpur
2023-04-04,0.1,26.2,Gopalpur
2023-04-05,0.0,19.5,Gopalpur
2023-04-06,0.0,17.1,Gopalpur
2023-04-07,0.0,14.1,Gopalpur
2023-04-08,0.0,15.3,Gopalpur
2023-04-09,0.0,15.1,Gopalpur
2023-04-10,0.0,13.9,Gopalpur
2023-04-11,0.0,19.8,Gopalpur
2023-04-12,0.0,19.3,Gopalpur
2023-04-13,0.0,18.4,Gopalpur
2023-04-14,0.0,18.5,Gopalpur
2023-04-15,0.0,16.9,Gopalpur
2023-04-16,0.0,15.4,Gopalpur
2023-04-17,0.0,22.1,Gopalpur
2023-04-18,0.0,19.8,Gopalpur
2023-04-19,0.0,22.1,Gopalpur
2023-04-20,0.0,22.2,Gopalpur
2023-04-21,0.0,19.7,Gopalpur
2023-04-22,0.0,20.3,Gopalpur
2023-04-23,2.1,12.6,Gopalpur
2023-04-24,5.8,18.4,Gopalpur
2023-04-25,0.1,14.3,Gopalpur
2023-04-26,0.0,15.5,Gopalpur
2023-04-27,0.0,18.8,Gopalpur
2023-04-28,0.4,17.3,Gopalpur
2023-04-29,0.3,15.9,Gopalpur
2023-04-30,0.0,18.2,Gopalpur
2023-05-01,3.5,18.2,Gopalpur
2023-05-02,1.4,14.5,Gopalpur
2023-05-03,15.7,11.7,Gopalpur
2023-05-04,10.5,15.1,Gopalpur
2023-05-05,0.4,22.6,Gopalpur
2023-05-06,0.2,15.5,Gopalpur
2023-05-07,0.0,14.9,Gopalpur
2023-05-08,0.0,15.6,Gopalpur
2023-05-09,0.0,15.6,Gopalpur
2023-05-10,0.0,16.4,Gopalpur
2023-05-11,0.0,14.3,Gopalpur
2023-05-12,0.0,20.7,Gopalpur
2023-05-13,0.0,24.6,Gopalpur
2023-05-14,0.0,25.5,Gopalpur
2023-05-15,0.0,25.5,Gopalpur
2023-05-16,0.1,22.4,Gopalpur
2023-05-17,0.0,30.6,Gopalpur
2023-05-18,0.0,31.4,Gopalpur
2023-05-19,0.0,32.9,Gopalpur
2023-05-20,0.0,27.0,Gopalpur
2023-05-21,0.0,29.5,Gopalpur
2023-05-22,0.0,28.5,Gopalpur
2023-05-23,0.0,24.5,Gopalpur
2023-05-24,0.0,29.8,Gopalpur
2023-05-25,0.0,23.8,Gopalpur
2023-05-26,0.0,26.1,Gopalpur
2023-05-27,0.0,15.9,Gopalpur
2023-05-28,0.0,18.4,Gopalpur
2023-05-29,0.0,19.6,Gopalpur
2023-05-30,0.0,24.4,Gopalpur
2023-05-31,0.0,20.2,Gopalpur
2023-06-01,0.1,14.5,Gopalpur
2023-06-02,0.0,22.0,Gopalpur
2023-06-03,0.1,23.5,Gopalpur
2023-06-04,0.2,24.1,Gopalpur
2023-06-05,0.0,16.1,Gopalpur
2023-06-06,0.0,16.3,Gopalpur
2023-06-07,1.0,31.2,Gopalpur
2023-06-08,0.0,17.6,Gopalpur
2023-06-09,0.0,19.3,Gopalpur
2023-06-10,0.0,17.2,Gopalpur
2023-06-11,0.0,19.8,Gopalpur
2023-06-12,0.0,22.7,Gopalpur
2023-06-13,1.8,24.1,Gopalpur
2023-06-14,4.5,22.3,Gopalpur
2023-06-15,2.1,26.0,Gopalpur
2023-06-16,0.5,19.7,Gopalpur
2023-06-17,0.0,23.8,Gopalpur
2023-06-18,0.9,24.9,Gopalpur
2023-06-19,0.0,25.5,Gopalpur
2023-06-20,0.0,31.4,Gopalpur
2023-06-21,2.7,32.5,Gopalpur
2023-06-22,22.4,26.5,Gopalpur
2023-06-23,61.7,18.3,Gopalpur
2023-06-24,11.2,17.6,Gopalpur
2023-06-25,21.8,22.1,Gopalpur
2023-06-26,1.9,24.4,Gopalpur
2023-06-27,0.6,28.1,Gopalpur
2023-06-28,0.2,30.9,Gopalpur
2023-06-29,0.0,27.7,Gopalpur
2023-06-30,2.5,20.7,Gopalpur
2023-07-01,10.3,22.0,Gopalpur
2023-07-02,1.0,12.9,Gopalpur
2023-07-03,10.7,21.7,Gopalpur
2023-07-04,0.5,19.9,Gopalpur
2023-07-05,18.6,15.1,Gopalpur
2023-07-06,7.0,26.1,Gopalpur
2023-07-07,3.3,21.1,Gopalpur
2023-07-08,0.6,20.8,Gopalpur
2023-07-09,3.7,17.4,Gopalpur
2023-07-10,2.2,19.2,Gopalpur
2023-07-11,2.9,21.1,Gopalpur
2023-07-12,23.1,19.6,Gopalpur
2023-07-13,1.0,22.2,Gopalpur
2023-07-14,6.0,20.5,Gopalpur
2023-07-15,26.0,20.4,Gopalpur
2023-07-16,6.6,18.2,Gopalpur
2023-07-17,30.8,17.8,Gopalpur
2023-07-18,35.3,19.8,Gopalpur
2023-07-19,6.2,18.2,Gopalpur
2023-07-20,21.4,12.2,Gopalpur
2023-07-21,0.6,13.3,Gopalpur
2023-07-22,6.0,13.4,Gopalpur
2023-07-23,4.3,19.2,Gopalpur
2023-07-24,6.5,22.0,Gopalpur
2023-07-25,7.8,27.6,Gopalpur
2023-07-26,8.2,26.4,Gopalpur
2023-07-27,3.0,34.2,Gopalpur
2023-07-28,7.3,19.5,Gopalpur
2023-07-29,11.1,12.0,Gopalpur
2023-07-30,8.6,18.7,Gopalpur
2023-07-31,3.9,16.8,Gopalpur
2023-08-01,15.7,13.0,Gopalpur
2023-08-02,29.5,25.7,Gopalpur
2023-08-03,0.0,29.9,Gopalpur
2023-08-04,6.1,29.8,Gopalpur
2023-08-05,2.2,20.9,Gopalpur
2023-08-06,1.2,26.3,Gopalpur
2023-08-07,1.9,18.4,Gopalpur
2023-08-08,0.8,23.1,Gopalpur
2023-08-09,1.6,21.1,Gopalpur
2023-08-10,0.2,19.8,Gopalpur
2023-08-11,0.5,19.2,Gopalpur
2023-08-12,8.4,16.3,Gopalpur
2023-08-13,2.2,8.6,Gopalpur
2023-08-14,8.7,16.6,Gopalpur
2023-08-15,6.5,14.5,Gopalpur
2023-08-16,10.6,18.5,Gopalpur
2023-08-17,22.3,13.0,Gopalpur
2023-08-18,26.6,15.9,Gopalpur
2023-08-19,0.1,26.3,Gopalpur
2023-08-20,0.3,26.5,Gopalpur
2023-08-21,3.3,22.1,Gopalpur
2023-08-22,3.8,21.3,Gopalpur
2023-08-23,12.5,25.1,Gopalpur
2023-08-24,15.0,19.2,Gopalpur
2023-08-25,15.1,20.3,Gopalpur
2023-08-26,19.5,23.4,Gopalpur
2023-08-27,2.1,18.3,Gopalpur
2023-08-28,0.2,19.1,Gopalpur
2023-08-29,0.0,15.6,Gopalpur
2023-08-30,0.0,15.1,Gopalpur
2023-08-31,0.1,12.0,Gopalpur
2023-09-01,4.8,11.3,Gopalpur
2023-09-02,9.6,12.5,Gopalpur
2023-09-03,16.8,14.4,Gopalpur
2023-09-04,2.2,11.1,Gopalpur
2023-09-05,15.7,15.8,Gopalpur
2023-09-06,10.6,16.2,Gopalpur
2023-09-07,5.2,21.8,Gopalpur
2023-09-08,1.0,26.8,Gopalpur
2023-09-09,0.2,23.4,Gopalpur
2023-09-10,2.6,21.8,Gopalpur
2023-09-11,2.8,17.8,Gopalpur
2023-09-12,32.1,11.5,Gopalpur
2023-09-13,22.1,15.7,Gopalpur
2023-09-14,38.4,20.1,Gopalpur
2023-09-15,1.5,28.7,Gopalpur
2023-09-16,6.3,14.3,Gopalpur
2023-09-17,13.9,10.8,Gopalpur
2023-09-18,15.6,15.0,Gopalpur
2023-09-19,19.6,13.3,Gopalpur
2023-09-20,43.9,15.7,Gopalpur
2023-09-21,8.1,24.2,Gopalpur
2023-09-22,0.3,26.4,Gopalpur
2023-09-23,2.7,24.7,Gopalpur
2023-09-24,0.4,26.3,Gopalpur
2023-09-25,2.0,23.9,Gopalpur
2023-09-26,1.1,16.7,Gopalpur
2023-09-27,0.2,14.5,Gopalpur
2023-09-28,0.0,11.6,Gopalpur
2023-09-29,2.4,12.8,Gopalpur
2023-09-30,1.6,11.1,Gopalpur
2023-10-01,3.7,23.6,Gopalpur
2023-10-02,3.7,24.0,Gopalpur
2023-10-03,5.6,22.8,Gopalpur
2023-10-04,0.5,19.1,Gopalpur
2023-10-05,0.0,15.9,Gopalpur
2023-10-06,0.0,17.3,Gopalpur
2023-10-07,0.0,13.9,Gopalpur
2023-10-08,0.0,18.4,Gopalpur
2023-10-09,0.0,15.5,Gopalpur
2023-10-10,0.0,14.8,Gopalpur
2023-10-11,0.0,14.3,Gopalpur
2023-10-12,0.0,14.2,Gopalpur
2023-10-13,0.0,10.1,Gopalpur
2023-10-14,0.2,11.3,Gopalpur
2023-10-15,0.0,13.8,Gopalpur
2023-10-16,0.0,14.3,Gopalpur
2023-10-17,1.0,13.4,Gopalpur
2023-10-18,0.7,11.4,Gopalpur
2023-10-19,2.2,14.1,Gopalpur
2023-10-20,0.1,16.4,Gopalpur
2023-10-21,0.0,18.9,Gopalpur
2023-10-22,0.0,26.0,Gopalpur
2023-10-23,2.4,25.9,Gopalpur
2023-10-24,1.4,14.5,Gopalpur
2023-10-25,0.3,11.2,Gopalpur
2023-10-26,0.6,9.8,Gopalpur
2023-10-27,0.9,15.9,Gopalpur
2023-10-28,0.0,14.8,Gopalpur
2023-10-29,0.0,15.7,Gopalpur
2023-10-30,0.0,15.8,Gopalpur
2023-10-31,0.1,15.6,Gopalpur
2023-11-01,0.9,13.8,Gopalpur
2023-11-02,6.0,14.2,Gopalpur
2023-11-03,1.4,12.7,Gopalpur
2023-11-04,8.7,14.8,Gopalpur
2023-11-05,2.4,13.8,Gopalpur
2023-11-06,9.3,13.9,Gopalpur
2023-11-07,0.1,15.5,Gopalpur
2023-11-08,0.0,15.1,Gopalpur
2023-11-09,0.0,13.7,Gopalpur
2023-11-10,0.0,14.6,Gopalpur
2023-11-11,0.0,15.3,Gopalpur
2023-11-12,0.0,15.0,Gopalpur
2023-11-13,0.0,16.8,Gopalpur
2023-11-14,0.0,18.8,Gopalpur
2023-11-15,0.0,21.9,Gopalpur
2023-11-16,0.0,28.9,Gopalpur
2023-11-17,0.3,18.4,Gopalpur
2023-11-18,1.5,13.7,Gopalpur
2023-11-19,0.4,17.6,Gopalpur
2023-11-20,11.1,21.3,Gopalpur
2023-11-21,11.4,12.2,Gopalpur
2023-11-22,0.0,14.6,Gopalpur
2023-11-23,0.0,13.2,Gopalpur
2023-11-24,0.1,17.4,Gopalpur
2023-11-25,0.0,16.5,Gopalpur
2023-11-26,0.0,16.7,Gopalpur
2023-11-27,0.0,11.9,Gopalpur
2023-11-28,0.0,13.9,Gopalpur
2023-11-29,0.0,13.0,Gopalpur
2023-11-30,0.0,14.8,Gopalpur
2023-12-01,0.0,16.8,Gopalpur
2023-12-02,0.0,24.2,Gopalpur
2023-12-03,0.0,22.2,Gopalpur
2023-12-04,5.8,17.4,Gopalpur
2023-12-05,20.0,18.7,Gopalpur
2023-12-06,40.4,18.4,Gopalpur
2023-12-07,11.6,13.0,Gopalpur
2023-12-08,1.0,13.8,Gopalpur
2023-12-09,0.1,14.5,Gopalpur
2023-12-10,1.2,10.7,Gopalpur
2023-12-11,0.0,19.4,Gopalpur
2023-12-12,0.0,15.7,Gopalpur
2023-12-13,0.0,15.5,Gopalpur
2023-12-14,0.0,14.8,Gopalpur
2023-12-15,0.0,13.8,Gopalpur
2023-12-16,0.0,14.8,Gopalpur
2023-12-17,0.0,14.8,Gopalpur
2023-12-18,0.0,14.5,Gopalpur
2023-12-19,0.0,15.3,Gopalpur
2023-12-20,0.0,12.0,Gopalpur
2023-12-21,0.0,17.1,Gopalpur
2023-12-22,0.0,14.5,Gopalpur
2023-12-23,0.0,14.5,Gopalpur
2023-12-24,0.0,12.6,Gopalpur
2023-12-25,0.0,15.1,Gopalpur
2023-12-26,0.0,14.4,Gopalpur
2023-12-27,0.0,14.2,Gopalpur
2023-12-28,0.3,12.6,Gopalpur
2023-12-29,0.0,15.5,Gopalpur
2023-12-30,0.0,16.9,Gopalpur
2023-12-31,0.0,18.2,Gopalpur
2021-01-01,0.0,19.2,Dhamra
2021-01-02,0.0,19.3,Dhamra
2021-01-03,0.0,17.1,Dhamra
2021-01-04,0.0,14.8,Dhamra
2021-01-05,0.0,13.9,Dhamra
2021-01-06,0.0,13.0,Dhamra
2021-01-07,0.0,13.8,Dhamra
2021-01-08,0.0,15.4,Dhamra
2021-01-09,0.0,11.8,Dhamra
2021-01-10,0.0,15.4,Dhamra
2021-01-11,0.0,13.4,Dhamra
2021-01-12,0.0,19.5,Dhamra
2021-01-13,2.2,21.1,Dhamra
2021-01-14,0.7,18.9,Dhamra
2021-01-15,0.0,16.6,Dhamra
2021-01-16,0.0,14.9,Dhamra
2021-01-17,0.0,21.1,Dhamra
2021-01-18,0.0,14.6,Dhamra
2021-01-19,0.0,22.0,Dhamra
2021-01-20,0.6,17.0,Dhamra
2021-01-21,0.0,20.0,Dhamra
2021-01-22,0.0,13.4,Dhamra
2021-01-23,0.0,15.9,Dhamra
2021-01-24,0.0,15.6,Dhamra
2021-01-25,0.7,16.0,Dhamra
2021-01-26,1.7,18.8,Dhamra
2021-01-27,0.0,19.0,Dhamra
2021-01-28,0.0,19.5,Dhamra
2021-01-29,0.0,14.5,Dhamra
2021-01-30,0.0,18.5,Dhamra
2021-01-31,0.0,23.2,Dhamra
2021-02-01,0.0,17.5,Dhamra
2021-02-02,0.0,15.6,Dhamra
2021-02-03,0.0,15.0,Dhamra
2021-02-04,0.0,13.8,Dhamra
2021-02-05,0.0,11.5,Dhamra
2021-02-06,0.0,14.6,Dhamra
2021-02-07,0.0,19.9,Dhamra
2021-02-08,0.0,16.3,Dhamra
2021-02-09,0.0,11.6,Dhamra
2021-02-10,0.0,19.9,Dhamra
2021-02-11,0.0,13.8,Dhamra
2021-02-12,0.0,17.0,Dhamra
2021-02-13,0.0,19.1,Dhamra
2021-02-14,0.0,22.5,Dhamra
2021-02-15,0.0,16.9,Dhamra
2021-02-16,0.0,18.6,Dhamra
2021-02-17,0.0,20.2,Dhamra
2021-02-18,0.0,15.3,Dhamra
2021-02-19,0.0,18.6,Dhamra
2021-02-20,0.0,20.1,Dhamra
2021-02-21,0.0,14.5,Dhamra
2021-02-22,0.0,17.1,Dhamra
2021-02-23,0.0,19.9,Dhamra
2021-02-24,0.0,14.3,Dhamra
2021-02-25,0.0,19.2,Dhamra
2021-02-26,0.0,20.8,Dhamra
2021-02-27,0.0,17.7,Dhamra
2021-02-28,0.0,24.5,Dhamra
2021-03-01,0.0,15.6,Dhamra
2021-03-02,0.0,22.6,Dhamra
2021-03-03,0.0,19.3,Dhamra
2021-03-04,0.0,17.9,Dhamra
2021-03-05,0.0,26.0,Dhamra
2021-03-06,0.0,21.1,Dhamra
2021-03-07,0.0,17.9,Dhamra
2021-03-08,0.0,22.6,Dhamra
2021-03-09,0.0,22.7,Dhamra
2021-03-10,0.0,25.6,Dhamra
2021-03-11,0.0,22.1,Dhamra
2021-03-12,0.0,18.9,Dhamra
2021-03-13,0.5,25.7,Dhamra
2021-03-14,0.0,19.1,Dhamra
2021-03-15,0.2,23.6,Dhamra
2021-03-16,0.0,17.9,Dhamra
2021-03-17,0.0,20.1,Dhamra
2021-03-18,0.0,21.3,Dhamra
2021-03-19,0.0,17.8,Dhamra
2021-03-20,0.0,17.1,Dhamra
2021-03-21,0.0,16.2,Dhamra
2021-03-22,0.0,16.8,Dhamra
2021-03-23,0.0,16.7,Dhamra
2021-03-24,0.0,14.8,Dhamra
2021-03-25,0.0,20.2,Dhamra
2021-03-26,0.0,16.5,Dhamra
2021-03-27,0.0,15.2,Dhamra
2021-03-28,0.4,22.9,Dhamra
2021-03-29,0.0,22.4,Dhamra
2021-03-30,0.0,27.4,Dhamra
2021-03-31,0.0,23.7,Dhamra
2021-04-01,0.0,26.9,Dhamra
2021-04-02,0.0,24.2,Dhamra
2021-04-03,0.0,21.3,Dhamra
2021-04-04,0.0,16.8,Dhamra
2021-04-05,0.0,20.2,Dhamra
2021-04-06,0.0,26.0,Dhamra
2021-04-07,0.0,28.4,Dhamra
2021-04-08,0.0,31.1,Dhamra
2021-04-09,2.2,21.8,Dhamra
2021-04-10,0.1,16.3,Dhamra
2021-04-11,0.0,22.3,Dhamra
2021-04-12,0.0,17.2,Dhamra
2021-04-13,0.0,18.0,Dhamra
2021-04-14,0.0,23.8,Dhamra
2021-04-15,0.0,23.8,Dhamra
2021-04-16,0.0,17.2,Dhamra
2021-04-17,0.2,26.8,Dhamra
2021-04-18,0.8,25.6,Dhamra
2021-04-19,2.0,20.5,Dhamra
2021-04-20,0.0,23.1,Dhamra
2021-04-21,0.0,27.0,Dhamra
2021-04-22,0.1,16.6,Dhamra
2021-04-23,1.2,14.1,Dhamra
2021-04-24,0.0,18.7,Dhamra
2021-04-25,0.0,22.1,Dhamra
2021-04-26,0.0,24.2,Dhamra
2021-04-27,0.0,26.9,Dhamra
2021-04-28,0.0,25.8,Dhamra
2021-04-29,0.0,23.9,Dhamra
2021-04-30,0.0,23.8,Dhamra
2021-05-01,0.0,27.8,Dhamra
2021-05-02,0.7,24.5,Dhamra
2021-05-03,2.3,16.8,Dhamra
2021-05-04,3.2,20.8,Dhamra
2021-05-05,7.2,21.1,Dhamra
2021-05-06,0.0,23.2,Dhamra
2021-05-07,2.6,26.7,Dhamra
2021-05-08,0.9,20.9,Dhamra
2021-05-09,0.3,24.3,Dhamra
2021-05-10,4.1,21.8,Dhamra
2021-05-11,7.2,18.3,Dhamra
2021-05-12,0.5,21.3,Dhamra
2021-05-13,5.9,21.3,Dhamra
2021-05-14,0.3,21.7,Dhamra
2021-05-15,1.6,21.7,Dhamra
2021-05-16,0.2,25.3,Dhamra
2021-05-17,0.0,28.5,Dhamra
2021-05-18,0.0,27.8,Dhamra
2021-05-19,0.0,31.3,Dhamra
2021-05-20,0.0,27.6,Dhamra
2021-05-21,1.6,28.9,Dhamra
2021-05-22,1.5,17.2,Dhamra
2021-05-23,0.4,16.0,Dhamra
2021-05-24,27.0,32.4,Dhamra
2021-05-25,69.4,63.7,Dhamra
2021-05-26,161.1,64.0,Dhamra
2021-05-27,5.6,34.7,Dhamra
2021-05-28,0.0,27.0,Dhamra
2021-05-29,0.2,21.6,Dhamra
2021-05-30,0.4,23.4,Dhamra
2021-05-31,0.1,25.6,Dhamra
2021-06-01,0.1,22.7,Dhamra
2021-06-02,16.1,17.7,Dhamra
2021-06-03,2.1,17.6,Dhamra
2021-06-04,0.4,19.5,Dhamra
2021-06-05,0.3,19.6,Dhamra
2021-06-06,0.0,20.4,Dhamra
2021-06-07,0.0,20.5,Dhamra
2021-06-08,1.0,26.6,Dhamra
2021-06-09,11.6,16.1,Dhamra
2021-06-10,10.5,14.2,Dhamra
2021-06-11,3.5,13.3,Dhamra
2021-06-12,20.1,14.3,Dhamra
2021-06-13,21.7,15.5,Dhamra
2021-06-14,16.8,16.1,Dhamra
2021-06-15,1.3,21.4,Dhamra
2021-06-16,11.0,23.0,Dhamra
2021-06-17,8.4,16.8,Dhamra
2021-06-18,11.5,19.1,Dhamra
2021-06-19,9.3,19.3,Dhamra
2021-06-20,0.4,15.8,Dhamra
2021-06-21,0.2,12.2,Dhamra
2021-06-22,27.4,16.7,Dhamra
2021-06-23,14.8,23.7,Dhamra
2021-06-24,3.5,16.9,Dhamra
2021-06-25,3.0,18.1,Dhamra
2021-06-26,1.5,22.0,Dhamra
2021-06-27,1.9,24.5,Dhamra
2021-06-28,0.7,25.7,Dhamra
2021-06-29,1.1,23.2,Dhamra
2021-06-30,3.1,21.9,Dhamra
2021-07-01,0.9,27.7,Dhamra
2021-07-02,8.3,20.2,Dhamra
2021-07-03,0.3,19.9,Dhamra
2021-07-04,8.2,16.3,Dhamra
2021-07-05,1.3,16.0,Dhamra
2021-07-06,10.1,16.1,Dhamra
2021-07-07,10.2,16.8,Dhamra
2021-07-08,21.0,22.0,Dhamra
2021-07-09,0.5,18.0,Dhamra
2021-07-10,4.8,15.9,Dhamra
2021-07-11,4.6,23.2,Dhamra
2021-07-12,3.0,21.2,Dhamra
2021-07-13,8.7,26.1,Dhamra
2021-07-14,2.8,24.9,Dhamra
2021-07-15,1.9,19.5,Dhamra
2021-07-16,2.0,18.8,Dhamra
2021-07-17,0.3,21.6,Dhamra
2021-07-18,0.9,23.7,Dhamra
2021-07-19,1.5,19.9,Dhamra
2021-07-20,11.6,13.5,Dhamra
2021-07-21,4.9,17.3,Dhamra
2021-07-22,22.0,20.2,Dhamra
2021-07-23,15.0,24.4,Dhamra
2021-07-24,1.5,18.5,Dhamra
2021-07-25,1.5,16.3,Dhamra
2021-07-26,1.2,24.5,Dhamra
2021-07-27,12.8,25.4,Dhamra
2021-07-28,9.4,29.7,Dhamra
2021-07-29,18.9,34.7,Dhamra
2021-07-30,27.6,28.4,Dhamra
2021-07-31,2.4,22.8,Dhamra
2021-08-01,1.6,18.3,Dhamra
2021-08-02,0.6,18.4,Dhamra
2021-08-03,3.9,19.5,Dhamra
2021-08-04,13.3,21.6,Dhamra
2021-08-05,11.8,13.4,Dhamra
2021-08-06,4.7,16.8,Dhamra
2021-08-07,5.2,17.1,Dhamra
2021-08-08,12.3,19.2,Dhamra
2021-08-09,11.6,18.6,Dhamra
2021-08-10,6.4,18.0,Dhamra
2021-08-11,1.3,18.8,Dhamra
2021-08-12,5.7,17.1,Dhamra
2021-08-13,9.8,14.6,Dhamra
2021-08-14,2.1,17.3,Dhamra
2021-08-15,5.5,16.5,Dhamra
2021-08-16,6.1,17.6,Dhamra
2021-08-17,6.3,23.3,Dhamra
2021-08-18,5.2,26.9,Dhamra
2021-08-19,6.1,20.8,Dhamra
2021-08-20,3.8,23.9,Dhamra
2021-08-21,1.7,19.6,Dhamra
2021-08-22,1.7,20.9,Dhamra
2021-08-23,5.1,21.1,Dhamra
2021-08-24,4.4,16.6,Dhamra
2021-08-25,3.5,17.3,Dhamra
2021-08-26,12.3,18.7,Dhamra
2021-08-27,35.4,14.5,Dhamra
2021-08-28,5.7,18.4,Dhamra
2021-08-29,5.1,22.9,Dhamra
2021-08-30,7.8,19.5,Dhamra
2021-08-31,4.1,17.9,Dhamra
2021-09-01,0.4,17.2,Dhamra
2021-09-02,0.2,15.3,Dhamra
2021-09-03,0.3,15.4,Dhamra
2021-09-04,0.4,14.7,Dhamra
2021-09-05,9.8,20.8,Dhamra
2021-09-06,10.8,24.6,Dhamra
2021-09-07,17.2,26.8,Dhamra
2021-09-08,12.2,17.1,Dhamra
2021-09-09,17.7,12.3,Dhamra
2021-09-10,4.2,18.4,Dhamra
2021-09-11,50.3,19.5,Dhamra
2021-09-12,26.2,39.6,Dhamra
2021-09-13,32.9,37.8,Dhamra
2021-09-14,29.4,33.2,Dhamra
2021-09-15,16.6,21.2,Dhamra
2021-09-16,6.1,14.9,Dhamra
2021-09-17,9.0,12.1,Dhamra
2021-09-18,14.1,14.6,Dhamra
2021-09-19,13.5,10.5,Dhamra
2021-09-20,17.7,12.7,Dhamra
2021-09-21,22.0,18.0,Dhamra
2021-09-22,2.8,19.5,Dhamra
2021-09-23,4.2,21.1,Dhamra
2021-09-24,0.4,14.7,Dhamra
2021-09-25,1.2,17.0,Dhamra
2021-09-26,12.7,31.1,Dhamra
2021-09-27,4.8,20.4,Dhamra
2021-09-28,13.2,12.0,Dhamra
2021-09-29,5.0,20.6,Dhamra
2021-09-30,1.2,18.5,Dhamra
2021-10-01,2.9,16.3,Dhamra
2021-10-02,0.6,18.1,Dhamra
2021-10-03,1.6,19.1,Dhamra
2021-10-04,6.2,13.5,Dhamra
2021-10-05,1.2,15.0,Dhamra
2021-10-06,1.4,12.0,Dhamra
2021-10-07,1.0,12.6,Dhamra
2021-10-08,1.1,9.7,Dhamra
2021-10-09,0.3,8.7,Dhamra
2021-10-10,0.1,9.9,Dhamra
2021-10-11,1.6,11.7,Dhamra
2021-10-12,0.3,9.4,Dhamra
2021-10-13,1.2,18.1,Dhamra
2021-10-14,25.0,20.6,Dhamra
2021-10-15,1.0,20.6,Dhamra
2021-10-16,5.2,16.8,Dhamra
2021-10-17,12.8,15.5,Dhamra
2021-10-18,5.4,21.7,Dhamra
2021-10-19,27.0,19.8,Dhamra
2021-10-20,11.8,16.6,Dhamra
2021-10-21,0.3,10.9,Dhamra
2021-10-22,0.0,12.6,Dhamra
2021-10-23,0.0,13.2,Dhamra
2021-10-24,0.0,12.8,Dhamra
2021-10-25,0.0,12.6,Dhamra
2021-10-26,0.4,18.9,Dhamra
2021-10-27,2.7,25.1,Dhamra
2021-10-28,3.0,28.6,Dhamra
2021-10-29,1.4,19.2,Dhamra
2021-10-30,0.0,20.5,Dhamra
2021-10-31,0.0,18.7,Dhamra
2021-11-01,3.3,16.7,Dhamra
2021-11-02,0.3,17.9,Dhamra
2021-11-03,0.9,16.7,Dhamra
2021-11-04,0.0,14.3,Dhamra
2021-11-05,0.1,17.4,Dhamra
2021-11-06,0.0,17.1,Dhamra
2021-11-07,0.0,16.6,Dhamra
2021-11-08,0.0,18.2,Dhamra
2021-11-09,0.0,18.0,Dhamra
2021-11-10,0.0,17.0,Dhamra
2021-11-11,0.0,20.5,Dhamra
2021-11-12,6.0,12.4,Dhamra
2021-11-13,8.6,15.4,Dhamra
2021-11-14,14.8,11.8,Dhamra
2021-11-15,14.4,17.4,Dhamra
2021-11-16,0.0,21.6,Dhamra
2021-11-17,0.0,22.4,Dhamra
2021-11-18,0.0,19.2,Dhamra
2021-11-19,0.0,18.2,Dhamra
2021-11-20,0.0,13.3,Dhamra
2021-11-21,0.0,12.7,Dhamra
2021-11-22,4.9,10.2,Dhamra
2021-11-23,2.2,11.4,Dhamra
2021-11-24,0.0,18.8,Dhamra
2021-11-25,0.0,16.3,Dhamra
2021-11-26,2.0,16.6,Dhamra
2021-11-27,0.0,19.0,Dhamra
2021-11-28,0.0,17.9,Dhamra
2021-11-29,0.0,18.5,Dhamra
2021-11-30,0.0,19.5,Dhamra
2021-12-01,0.0,18.9,Dhamra
2021-12-02,0.0,16.3,Dhamra
2021-12-03,2.1,19.5,Dhamra
2021-12-04,83.7,30.8,Dhamra
2021-12-05,140.1,24.8,Dhamra
2021-12-06,7.2,23.8,Dhamra
2021-12-07,0.0,18.1,Dhamra
2021-12-08,0.0,20.8,Dhamra
2021-12-09,13.5,20.8,Dhamra
2021-12-10,0.0,13.0,Dhamra
2021-12-11,0.0,15.3,Dhamra
2021-12-12,0.0,20.9,Dhamra
2021-12-13,0.0,17.4,Dhamra
2021-12-14,0.0,17.0,Dhamra
2021-12-15,0.0,13.3,Dhamra
2021-12-16,0.0,20.2,Dhamra
2021-12-17,0.0,16.7,Dhamra
2021-12-18,0.0,17.3,Dhamra
2021-12-19,0.0,23.1,Dhamra
2021-12-20,0.0,21.1,Dhamra
2021-12-21,0.0,14.1,Dhamra
2021-12-22,0.0,10.7,Dhamra
2021-12-23,0.0,12.4,Dhamra
2021-12-24,0.0,9.7,Dhamra
2021-12-25,0.0,10.4,Dhamra
2021-12-26,1.7,9.4,Dhamra
2021-12-27,1.9,9.9,Dhamra
2021-12-28,0.2,13.4,Dhamra
2021-12-29,0.5,14.2,Dhamra
2021-12-30,0.0,19.0,Dhamra
2021-12-31,0.0,21.5,Dhamra
2022-01-01,0.0,20.7,Dhamra
2022-01-02,0.0,19.8,Dhamra
2022-01-03,0.0,20.7,Dhamra
2022-01-04,0.0,17.4,Dhamra
2022-01-05,0.0,13.7,Dhamra
2022-01-06,0.0,10.6,Dhamra
2022-01-07,0.0,14.7,Dhamra
2022-01-08,0.0,12.6,Dhamra
2022-01-09,0.0,9.4,Dhamra
2022-01-10,0.0,10.6,Dhamra
2022-01-11,0.0,17.1,Dhamra
2022-01-12,0.8,12.9,Dhamra
2022-01-13,0.5,14.7,Dhamra
2022-01-14,11.8,21.9,Dhamra
2022-01-15,0.0,22.5,Dhamra
2022-01-16,0.0,21.9,Dhamra
2022-01-17,0.0,19.1,Dhamra
2022-01-18,0.0,16.2,Dhamra
2022-01-19,0.0,14.8,Dhamra
2022-01-20,0.0,14.5,Dhamra
2022-01-21,4.2,12.6,Dhamra
2022-01-22,0.0,13.0,Dhamra
2022-01-23,2.3,13.2,Dhamra
2022-01-24,3.5,16.7,Dhamra
2022-01-25,0.0,13.1,Dhamra
2022-01-26,0.4,16.5,Dhamra
2022-01-27,0.0,20.3,Dhamra
2022-01-28,0.0,22.6,Dhamra
2022-01-29,0.0,16.6,Dhamra
2022-01-30,0.0,13.0,Dhamra
2022-01-31,0.0,16.9,Dhamra
2022-02-01,0.0,15.6,Dhamra
2022-02-02,0.1,21.6,Dhamra
2022-02-03,0.7,20.9,Dhamra
2022-02-04,5.5,30.0,Dhamra
2022-02-05,0.0,17.0,Dhamra
2022-02-06,0.0,16.9,Dhamra
2022-02-07,0.0,17.8,Dhamra
2022-02-08,0.1,16.6,Dhamra
2022-02-09,0.0,18.6,Dhamra
2022-02-10,1.2,19.3,Dhamra
2022-02-11,0.0,22.9,Dhamra
2022-02-12,0.0,16.6,Dhamra
2022-02-13,0.0,16.8,Dhamra
2022-02-14,0.0,16.3,Dhamra
2022-02-15,0.0,14.5,Dhamra
2022-02-16,0.0,13.4,Dhamra
2022-02-17,0.0,16.3,Dhamra
2022-02-18,0.0,15.9,Dhamra
2022-02-19,0.2,17.4,Dhamra
2022-02-20,0.5,23.5,Dhamra
2022-02-21,0.0,21.6,Dhamra
2022-02-22,0.0,18.4,Dhamra
2022-02-23,0.1,15.7,Dhamra
2022-02-24,0.0,21.3,Dhamra
2022-02-25,0.0,20.6,Dhamra
2022-02-26,0.0,13.4,Dhamra
2022-02-27,0.0,20.0,Dhamra
2022-02-28,0.0,16.5,Dhamra
2022-03-01,0.0,16.2,Dhamra
2022-03-02,0.0,13.3,Dhamra
2022-03-03,0.0,13.7,Dhamra
2022-03-04,0.0,13.9,Dhamra
2022-03-05,0.0,18.7,Dhamra
2022-03-06,0.0,16.5,Dhamra
2022-03-07,0.0,15.0,Dhamra
2022-03-08,0.0,18.2,Dhamra
2022-03-09,0.0,14.8,Dhamra
2022-03-10,0.0,16.7,Dhamra
2022-03-11,0.0,14.3,Dhamra
2022-03-12,0.0,17.6,Dhamra
2022-03-13,0.0,16.1,Dhamra
2022-03-14,0.0,15.8,Dhamra
2022-03-15,0.0,20.7,Dhamra
2022-03-16,0.0,24.4,Dhamra
2022-03-17,0.0,23.8,Dhamra
2022-03-18,0.0,20.5,Dhamra
2022-03-19,0.0,22.1,Dhamra
2022-03-20,0.0,25.2,Dhamra
2022-03-21,0.0,24.2,Dhamra
2022-03-22,0.0,24.2,Dhamra
2022-03-23,0.0,24.9,Dhamra
2022-03-24,0.0,29.2,Dhamra
2022-03-25,0.0,25.9,Dhamra
2022-03-26,2.7,25.4,Dhamra
2022-03-27,0.0,23.3,Dhamra
2022-03-28,0.0,28.1,Dhamra
2022-03-29,0.1,28.7,Dhamra
2022-03-30,0.0,28.1,Dhamra
2022-03-31,0.0,28.1,Dhamra
2022-04-01,0.0,28.9,Dhamra
2022-04-02,0.0,28.4,Dhamra
2022-04-03,0.0,30.9,Dhamra
2022-04-04,0.0,32.1,Dhamra
2022-04-05,0.0,29.4,Dhamra
2022-04-06,0.0,29.4,Dhamra
2022-04-07,0.0,27.0,Dhamra
2022-04-08,0.0,24.9,Dhamra
2022-04-09,0.0,26.5,Dhamra
2022-04-10,0.0,29.0,Dhamra
2022-04-11,0.0,28.8,Dhamra
2022-04-12,0.0,29.1,Dhamra
2022-04-13,0.0,26.8,Dhamra
2022-04-14,0.8,24.0,Dhamra
2022-04-15,0.0,24.5,Dhamra
2022-04-16,0.0,24.7,Dhamra
2022-04-17,0.0,29.3,Dhamra
2022-04-18,0.0,23.8,Dhamra
2022-04-19,0.0,27.4,Dhamra
2022-04-20,0.0,28.4,Dhamra
2022-04-21,0.0,32.4,Dhamra
2022-04-22,0.1,24.8,Dhamra
2022-04-23,0.0,19.9,Dhamra
2022-04-24,0.0,19.9,Dhamra
2022-04-25,0.0,27.3,Dhamra
2022-04-26,0.0,27.1,Dhamra
2022-04-27,1.4,24.5,Dhamra
2022-04-28,0.0,31.7,Dhamra
2022-04-29,0.0,28.6,Dhamra
2022-04-30,1.0,29.5,Dhamra
2022-05-01,2.4,29.5,Dhamra
2022-05-02,2.3,26.6,Dhamra
2022-05-03,21.6,37.6,Dhamra
2022-05-04,0.0,21.6,Dhamra
2022-05-05,28.5,26.8,Dhamra
2022-05-06,0.0,21.9,Dhamra
2022-05-07,0.0,18.4,Dhamra
2022-05-08,0.0,17.3,Dhamra
2022-05-09,4.5,21.2,Dhamra
2022-05-10,4.3,26.0,Dhamra
2022-05-11,5.2,26.3,Dhamra
2022-05-12,3.8,26.4,Dhamra
2022-05-13,0.0,30.7,Dhamra
2022-05-14,0.0,32.5,Dhamra
2022-05-15,0.0,31.7,Dhamra
2022-05-16,0.0,34.9,Dhamra
2022-05-17,0.0,32.4,Dhamra
2022-05-18,0.0,30.3,Dhamra
2022-05-19,0.0,30.6,Dhamra
2022-05-20,0.0,33.9,Dhamra
2022-05-21,5.8,30.1,Dhamra
2022-05-22,1.0,23.1,Dhamra
2022-05-23,0.0,22.4,Dhamra
2022-05-24,0.1,19.6,Dhamra
2022-05-25,3.6,18.1,Dhamra
2022-05-26,0.0,18.2,Dhamra
2022-05-27,0.9,30.6,Dhamra
2022-05-28,0.5,23.9,Dhamra
2022-05-29,0.0,21.3,Dhamra
2022-05-30,0.1,19.8,Dhamra
2022-05-31,1.3,21.0,Dhamra
2022-06-01,0.0,22.6,Dhamra
2022-06-02,7.6,25.6,Dhamra
2022-06-03,0.0,25.9,Dhamra
2022-06-04,0.1,31.6,Dhamra
2022-06-05,0.0,31.5,Dhamra
2022-06-06,0.0,33.6,Dhamra
2022-06-07,0.0,33.1,Dhamra
2022-06-08,0.0,31.1,Dhamra
2022-06-09,0.0,31.8,Dhamra
2022-06-10,0.5,26.6,Dhamra
2022-06-11,31.9,28.0,Dhamra
2022-06-12,0.0,24.9,Dhamra
2022-06-13,0.0,25.3,Dhamra
2022-06-14,4.9,30.6,Dhamra
2022-06-15,17.4,20.9,Dhamra
2022-06-16,1.7,24.2,Dhamra
2022-06-17,2.6,26.6,Dhamra
2022-06-18,3.4,25.2,Dhamra
2022-06-19,12.8,22.3,Dhamra
2022-06-20,4.7,19.2,Dhamra
2022-06-21,9.8,17.6,Dhamra
2022-06-22,21.4,14.0,Dhamra
2022-06-23,8.7,21.6,Dhamra
2022-06-24,15.2,16.7,Dhamra
2022-06-25,7.5,23.8,Dhamra
2022-06-26,2.0,23.3,Dhamra
2022-06-27,0.5,18.6,Dhamra
2022-06-28,0.3,21.0,Dhamra
2022-06-29,3.4,20.9,Dhamra
2022-06-30,4.6,14.8,Dhamra
2022-07-01,15.7,14.2,Dhamra
2022-07-02,14.0,18.0,Dhamra
2022-07-03,1.3,15.7,Dhamra
2022-07-04,1.0,15.3,Dhamra
2022-07-05,13.3,16.4,Dhamra
2022-07-06,7.8,20.3,Dhamra
2022-07-07,2.9,21.2,Dhamra
2022-07-08,7.2,23.3,Dhamra
2022-07-09,9.9,25.8,Dhamra
2022-07-10,5.2,23.9,Dhamra
2022-07-11,4.3,28.4,Dhamra
2022-07-12,4.2,26.3,Dhamra
2022-07-13,8.1,26.8,Dhamra
2022-07-14,14.8,16.9,Dhamra
2022-07-15,11.4,20.5,Dhamra
2022-07-16,17.6,15.0,Dhamra
2022-07-17,8.4,27.4,Dhamra
2022-07-18,2.7,30.1,Dhamra
2022-07-19,1.7,19.4,Dhamra
2022-07-20,1.4,19.5,Dhamra
2022-07-21,9.5,19.8,Dhamra
2022-07-22,6.4,15.1,Dhamra
2022-07-23,11.6,23.1,Dhamra
2022-07-24,5.6,26.7,Dhamra
2022-07-25,4.7,22.6,Dhamra
2022-07-26,0.6,18.2,Dhamra
2022-07-27,2.9,20.2,Dhamra
2022-07-28,1.1,16.2,Dhamra
2022-07-29,1.1,17.9,Dhamra
2022-07-30,4.4,21.0,Dhamra
2022-07-31,2.9,18.6,Dhamra
2022-08-01,10.2,17.3,Dhamra
2022-08-02,8.6,15.7,Dhamra
2022-08-03,0.6,17.3,Dhamra
2022-08-04,2.0,17.1,Dhamra
2022-08-05,13.1,14.0,Dhamra
2022-08-06,18.8,19.4,Dhamra
2022-08-07,19.3,22.4,Dhamra
2022-08-08,6.4,25.9,Dhamra
2022-08-09,19.9,19.4,Dhamra
2022-08-10,25.0,19.6,Dhamra
2022-08-11,25.8,17.1,Dhamra
2022-08-12,18.1,16.0,Dhamra
2022-08-13,81.6,26.9,Dhamra
2022-08-14,35.1,26.8,Dhamra
2022-08-15,1.5,32.6,Dhamra
2022-08-16,0.4,16.5,Dhamra
2022-08-17,4.4,17.5,Dhamra
2022-08-18,6.2,16.6,Dhamra
2022-08-19,39.6,30.3,Dhamra
2022-08-20,14.9,26.9,Dhamra
2022-08-21,4.4,19.6,Dhamra
2022-08-22,7.6,10.9,Dhamra
2022-08-23,13.7,12.1,Dhamra
2022-08-24,20.5,16.2,Dhamra
2022-08-25,0.8,19.5,Dhamra
2022-08-26,3.4,16.5,Dhamra
2022-08-27,5.9,17.1,Dhamra
2022-08-28,2.5,19.3,Dhamra
2022-08-29,0.5,18.3,Dhamra
2022-08-30,2.0,15.8,Dhamra
2022-08-31,0.8,19.6,Dhamra
2022-09-01,0.9,20.4,Dhamra
2022-09-02,0.9,17.8,Dhamra
2022-09-03,12.2,19.6,Dhamra
2022-09-04,7.1,21.3,Dhamra
2022-09-05,1.9,18.0,Dhamra
2022-09-06,7.1,17.7,Dhamra
2022-09-07,7.0,15.5,Dhamra
2022-09-08,12.0,26.2,Dhamra
2022-09-09,12.6,31.4,Dhamra
2022-09-10,36.6,27.0,Dhamra
2022-09-11,25.6,30.2,Dhamra
2022-09-12,2.8,29.3,Dhamra
2022-09-13,16.2,28.9,Dhamra
2022-09-14,2.8,24.3,Dhamra
2022-09-15,1.6,18.9,Dhamra
2022-09-16,5.5,16.7,Dhamra
2022-09-17,8.2,11.0,Dhamra
2022-09-18,11.4,10.1,Dhamra
2022-09-19,8.9,24.0,Dhamra
2022-09-20,6.8,20.2,Dhamra
2022-09-21,1.9,21.3,Dhamra
2022-09-22,6.4,20.2,Dhamra
2022-09-23,4.4,17.3,Dhamra
2022-09-24,7.9,14.0,Dhamra
2022-09-25,8.3,12.0,Dhamra
2022-09-26,0.3,13.9,Dhamra
2022-09-27,0.9,12.8,Dhamra
2022-09-28,1.8,15.1,Dhamra
2022-09-29,3.3,15.7,Dhamra
2022-09-30,0.7,15.6,Dhamra
2022-10-01,3.9,21.0,Dhamra
2022-10-02,3.4,13.5,Dhamra
2022-10-03,29.1,16.5,Dhamra
2022-10-04,15.4,25.1,Dhamra
2022-10-05,9.2,22.2,Dhamra
2022-10-06,15.8,21.2,Dhamra
2022-10-07,4.3,14.7,Dhamra
2022-10-08,0.6,15.6,Dhamra
2022-10-09,2.9,17.6,Dhamra
2022-10-10,9.0,18.0,Dhamra
2022-10-11,6.1,15.2,Dhamra
2022-10-12,2.0,15.7,Dhamra
2022-10-13,0.7,8.9,Dhamra
2022-10-14,2.5,11.3,Dhamra
2022-10-15,1.4,14.5,Dhamra
2022-10-16,0.4,18.8,Dhamra
2022-10-17,0.0,19.9,Dhamra
2022-10-18,0.0,19.5,Dhamra
2022-10-19,0.2,20.6,Dhamra
2022-10-20,0.2,22.7,Dhamra
2022-10-21,0.0,23.6,Dhamra
2022-10-22,0.0,26.4,Dhamra
2022-10-23,1.9,27.1,Dhamra
2022-10-24,1.6,34.9,Dhamra
2022-10-25,0.0,13.0,Dhamra
2022-10-26,0.6,9.7,Dhamra
2022-10-27,0.0,11.1,Dhamra
2022-10-28,0.0,17.7,Dhamra
2022-10-29,0.0,14.8,Dhamra
2022-10-30,0.0,16.6,Dhamra
2022-10-31,0.0,18.4,Dhamra
2022-11-01,0.0,16.1,Dhamra
2022-11-02,0.0,17.7,Dhamra
2022-11-03,0.0,13.0,Dhamra
2022-11-04,0.0,14.1,Dhamra
2022-11-05,0.0,15.6,Dhamra
2022-11-06,0.0,17.8,Dhamra
2022-11-07,0.1,12.6,Dhamra
2022-11-08,0.0,15.9,Dhamra
2022-11-09,0.0,15.9,Dhamra
2022-11-10,0.0,17.9,Dhamra
2022-11-11,0.0,15.8,Dhamra
2022-11-12,0.0,16.9,Dhamra
2022-11-13,0.0,18.1,Dhamra
2022-11-14,0.0,18.2,Dhamra
2022-11-15,0.0,18.2,Dhamra
2022-11-16,0.0,18.4,Dhamra
2022-11-17,0.0,18.5,Dhamra
2022-11-18,0.0,22.1,Dhamra
2022-11-19,0.0,25.1,Dhamra
2022-11-20,0.0,22.0,Dhamra
2022-11-21,0.0,19.4,Dhamra
2022-11-22,0.0,18.1,Dhamra
2022-11-23,0.0,15.8,Dhamra
2022-11-24,0.0,16.6,Dhamra
2022-11-25,0.0,20.8,Dhamra
2022-11-26,0.0,17.7,Dhamra
2022-11-27,0.0,12.1,Dhamra
2022-11-28,0.0,18.3,Dhamra
2022-11-29,0.0,20.9,Dhamra
2022-11-30,0.0,17.1,Dhamra
2022-12-01,0.0,20.7,Dhamra
2022-12-02,0.0,16.9,Dhamra
2022-12-03,0.0,17.3,Dhamra
2022-12-04,0.0,16.8,Dhamra
2022-12-05,0.0,19.1,Dhamra
2022-12-06,0.0,20.7,Dhamra
2022-12-07,0.0,23.1,Dhamra
2022-12-08,0.0,21.3,Dhamra
2022-12-09,0.0,21.2,Dhamra
2022-12-10,0.0,16.8,Dhamra
2022-12-11,0.0,16.9,Dhamra
2022-12-12,0.0,11.2,Dhamra
2022-12-13,0.0,14.0,Dhamra
2022-12-14,0.0,19.1,Dhamra
2022-12-15,0.0,20.5,Dhamra
2022-12-16,0.0,19.5,Dhamra
2022-12-17,0.0,18.8,Dhamra
2022-12-18,0.0,19.0,Dhamra
2022-12-19,0.0,16.3,Dhamra
2022-12-20,0.0,14.5,Dhamra
2022-12-21,0.0,15.4,Dhamra
2022-12-22,0.0,15.3,Dhamra
2022-12-23,0.0,16.9,Dhamra
2022-12-24,0.0,10.4,Dhamra
2022-12-25,0.0,17.2,Dhamra
2022-12-26,0.0,15.3,Dhamra
2022-12-27,0.0,17.4,Dhamra
2022-12-28,0.0,17.7,Dhamra
2022-12-29,1.2,17.2,Dhamra
2022-12-30,0.0,14.6,Dhamra
2022-12-31,0.0,17.6,Dhamra
2023-01-01,0.4,13.6,Dhamra
2023-01-02,1.8,13.6,Dhamra
2023-01-03,0.0,19.0,Dhamra
2023-01-04,0.0,21.5,Dhamra
2023-01-05,0.0,24.6,Dhamra
2023-01-06,0.0,23.2,Dhamra
2023-01-07,0.0,19.5,Dhamra
2023-01-08,0.0,20.3,Dhamra
2023-01-09,0.0,18.9,Dhamra
2023-01-10,0.0,17.7,Dhamra
2023-01-11,0.0,17.1,Dhamra
2023-01-12,0.0,14.8,Dhamra
2023-01-13,0.0,17.6,Dhamra
2023-01-14,0.0,16.3,Dhamra
2023-01-15,0.0,14.5,Dhamra
2023-01-16,0.1,19.3,Dhamra
2023-01-17,1.1,16.2,Dhamra
2023-01-18,5.7,14.8,Dhamra
2023-01-19,0.2,19.6,Dhamra
2023-01-20,0.0,15.5,Dhamra
2023-01-21,0.0,16.2,Dhamra
2023-01-22,0.0,14.2,Dhamra
2023-01-23,0.0,14.6,Dhamra
2023-01-24,0.0,13.2,Dhamra
2023-01-25,0.0,12.7,Dhamra
2023-01-26,0.0,16.4,Dhamra
2023-01-27,0.0,16.6,Dhamra
2023-01-28,0.0,21.8,Dhamra
2023-01-29,0.0,19.3,Dhamra
2023-01-30,0.0,16.6,Dhamra
2023-01-31,0.0,15.3,Dhamra
2023-02-01,0.0,21.1,Dhamra
2023-02-02,0.0,23.2,Dhamra
2023-02-03,0.0,19.3,Dhamra
2023-02-04,0.0,14.8,Dhamra
2023-02-05,0.0,17.5,Dhamra
2023-02-06,0.0,21.3,Dhamra
2023-02-07,0.0,21.4,Dhamra
2023-02-08,0.0,19.5,Dhamra
2023-02-09,0.0,19.1,Dhamra
2023-02-10,0.0,17.3,Dhamra
2023-02-11,0.0,20.5,Dhamra
2023-02-12,0.0,15.3,Dhamra
2023-02-13,0.0,17.4,Dhamra
2023-02-14,0.0,16.4,Dhamra
2023-02-15,0.0,17.9,Dhamra
2023-02-16,3.7,16.7,Dhamra
2023-02-17,4.7,11.5,Dhamra
2023-02-18,0.7,14.5,Dhamra
2023-02-19,0.0,19.6,Dhamra
2023-02-20,0.0,23.5,Dhamra
2023-02-21,0.0,18.8,Dhamra
2023-02-22,0.0,25.7,Dhamra
2023-02-23,0.0,23.2,Dhamra
2023-02-24,0.0,19.1,Dhamra
2023-02-25,0.0,15.2,Dhamra
2023-02-26,0.0,13.9,Dhamra
2023-02-27,0.0,21.4,Dhamra
2023-02-28,0.0,16.6,Dhamra
2023-03-01,0.0,17.4,Dhamra
2023-03-02,0.0,17.3,Dhamra
2023-03-03,0.0,15.5,Dhamra
2023-03-04,0.0,18.2,Dhamra
2023-03-05,0.0,15.5,Dhamra
2023-03-06,0.0,17.1,Dhamra
2023-03-07,0.0,18.4,Dhamra
2023-03-08,0.0,18.4,Dhamra
2023-03-09,0.0,17.8,Dhamra
2023-03-10,0.0,14.8,Dhamra
2023-03-11,0.0,15.5,Dhamra
2023-03-12,0.0,16.0,Dhamra
2023-03-13,0.0,19.0,Dhamra
2023-03-14,0.5,20.6,Dhamra
2023-03-15,1.8,18.8,Dhamra
2023-03-16,0.7,17.2,Dhamra
2023-03-17,5.7,15.3,Dhamra
2023-03-18,2.2,17.6,Dhamra
2023-03-19,8.9,21.1,Dhamra
2023-03-20,3.5,26.0,Dhamra
2023-03-21,0.1,21.3,Dhamra
2023-03-22,0.8,15.5,Dhamra
2023-03-23,0.4,14.3,Dhamra
2023-03-24,0.6,11.2,Dhamra
2023-03-25,0.6,17.9,Dhamra
2023-03-26,1.8,16.2,Dhamra
2023-03-27,4.3,19.1,Dhamra
2023-03-28,0.9,16.6,Dhamra
2023-03-29,1.6,22.8,Dhamra
2023-03-30,0.5,18.7,Dhamra
2023-03-31,0.4,19.2,Dhamra
2023-04-01,4.3,17.1,Dhamra
2023-04-02,8.1,13.5,Dhamra
2023-04-03,0.0,15.1,Dhamra
2023-04-04,7.2,18.6,Dhamra
2023-04-05,0.0,19.7,Dhamra
2023-04-06,0.1,13.2,Dhamra
2023-04-07,0.0,13.3,Dhamra
2023-04-08,0.0,17.1,Dhamra
2023-04-09,0.0,15.5,Dhamra
2023-04-10,0.0,15.5,Dhamra
2023-04-11,0.0,15.4,Dhamra
2023-04-12,0.0,16.1,Dhamra
2023-04-13,0.0,18.4,Dhamra
2023-04-14,0.0,20.8,Dhamra
2023-04-15,0.0,13.2,Dhamra
2023-04-16,0.0,14.5,Dhamra
2023-04-17,0.0,21.6,Dhamra
2023-04-18,0.0,16.5,Dhamra
2023-04-19,0.2,16.2,Dhamra
2023-04-20,0.1,22.1,Dhamra
2023-04-21,0.0,30.5,Dhamra
2023-04-22,3.1,13.8,Dhamra
2023-04-23,4.4,17.6,Dhamra
2023-04-24,14.6,17.7,Dhamra
2023-04-25,0.3,10.7,Dhamra
2023-04-26,0.1,15.9,Dhamra
2023-04-27,0.0,17.3,Dhamra
2023-04-28,2.5,28.0,Dhamra
2023-04-29,0.8,16.5,Dhamra
2023-04-30,0.7,20.3,Dhamra
2023-05-01,1.3,22.9,Dhamra
2023-05-02,0.0,21.6,Dhamra
2023-05-03,9.9,17.4,Dhamra
2023-05-04,7.3,18.4,Dhamra
2023-05-05,0.6,20.4,Dhamra
2023-05-06,0.0,12.9,Dhamra
2023-05-07,0.2,16.7,Dhamra
2023-05-08,0.0,18.0,Dhamra
2023-05-09,0.2,19.5,Dhamra
2023-05-10,0.0,19.6,Dhamra
2023-05-11,0.0,18.2,Dhamra
2023-05-12,0.0,19.4,Dhamra
2023-05-13,0.5,28.8,Dhamra
2023-05-14,0.0,19.2,Dhamra
2023-05-15,2.4,25.2,Dhamra
2023-05-16,7.8,30.7,Dhamra
2023-05-17,1.6,31.8,Dhamra
2023-05-18,0.0,27.3,Dhamra
2023-05-19,29.4,23.1,Dhamra
2023-05-20,0.0,21.4,Dhamra
2023-05-21,13.2,27.7,Dhamra
2023-05-22,0.0,22.9,Dhamra
2023-05-23,0.0,20.3,Dhamra
2023-05-24,0.1,20.6,Dhamra
2023-05-25,1.7,26.0,Dhamra
2023-05-26,2.3,20.5,Dhamra
2023-05-27,2.5,19.0,Dhamra
2023-05-28,1.0,18.2,Dhamra
2023-05-29,0.0,16.8,Dhamra
2023-05-30,0.0,24.4,Dhamra
2023-05-31,2.1,21.6,Dhamra
2023-06-01,0.0,10.9,Dhamra
2023-06-02,0.1,22.4,Dhamra
2023-06-03,0.1,28.4,Dhamra
2023-06-04,0.0,27.7,Dhamra
2023-06-05,0.0,21.3,Dhamra
2023-06-06,1.4,14.7,Dhamra
2023-06-07,1.4,18.0,Dhamra
2023-06-08,0.0,19.8,Dhamra
2023-06-09,0.2,21.7,Dhamra
2023-06-10,0.0,20.0,Dhamra
2023-06-11,0.7,17.6,Dhamra
2023-06-12,0.0,18.3,Dhamra
2023-06-13,0.6,28.9,Dhamra
2023-06-14,0.3,27.2,Dhamra
2023-06-15,0.0,24.1,Dhamra
2023-06-16,0.0,25.6,Dhamra
2023-06-17,0.0,26.2,Dhamra
2023-06-18,0.1,30.8,Dhamra
2023-06-19,0.0,27.0,Dhamra
2023-06-20,0.2,30.2,Dhamra
2023-06-21,0.0,27.7,Dhamra
2023-06-22,2.8,22.7,Dhamra
2023-06-23,11.3,20.9,Dhamra
2023-06-24,30.6,15.3,Dhamra
2023-06-25,34.4,19.7,Dhamra
2023-06-26,7.7,20.0,Dhamra
2023-06-27,4.5,26.6,Dhamra
2023-06-28,2.4,29.8,Dhamra
2023-06-29,2.3,25.7,Dhamra
2023-06-30,2.2,22.6,Dhamra
2023-07-01,0.5,24.7,Dhamra
2023-07-02,1.1,17.6,Dhamra
2023-07-03,4.9,19.9,Dhamra
2023-07-04,0.3,19.2,Dhamra
2023-07-05,24.3,15.5,Dhamra
2023-07-06,4.2,22.8,Dhamra
2023-07-07,9.5,23.5,Dhamra
2023-07-08,1.0,20.3,Dhamra
2023-07-09,14.9,16.6,Dhamra
2023-07-10,2.5,18.4,Dhamra
2023-07-11,2.4,22.6,Dhamra
2023-07-12,1.4,22.7,Dhamra
2023-07-13,8.7,15.6,Dhamra
2023-07-14,2.6,21.7,Dhamra
2023-07-15,34.9,19.7,Dhamra
2023-07-16,10.9,22.5,Dhamra
2023-07-17,4.6,17.1,Dhamra
2023-07-18,5.7,15.9,Dhamra
2023-07-19,5.3,21.3,Dhamra
2023-07-20,2.9,23.8,Dhamra
2023-07-21,8.9,21.0,Dhamra
2023-07-22,4.7,28.9,Dhamra
2023-07-23,4.8,22.2,Dhamra
2023-07-24,2.8,23.9,Dhamra
2023-07-25,5.5,29.9,Dhamra
2023-07-26,4.9,29.3,Dhamra
2023-07-27,4.9,31.0,Dhamra
2023-07-28,10.4,17.5,Dhamra
2023-07-29,11.4,14.9,Dhamra
2023-07-30,24.5,21.4,Dhamra
2023-07-31,16.5,19.1,Dhamra
2023-08-01,30.6,25.6,Dhamra
2023-08-02,54.7,28.4,Dhamra
2023-08-03,4.3,28.0,Dhamra
2023-08-04,1.9,27.4,Dhamra
2023-08-05,1.3,24.4,Dhamra
2023-08-06,3.2,27.3,Dhamra
2023-08-07,3.6,28.4,Dhamra
2023-08-08,0.4,22.8,Dhamra
2023-08-09,0.9,19.8,Dhamra
2023-08-10,0.5,15.8,Dhamra
2023-08-11,1.0,15.9,Dhamra
2023-08-12,12.5,19.5,Dhamra
2023-08-13,25.2,13.9,Dhamra
2023-08-14,4.8,18.1,Dhamra
2023-08-15,4.4,21.0,Dhamra
2023-08-16,13.1,15.8,Dhamra
2023-08-17,31.0,12.7,Dhamra
2023-08-18,66.2,20.1,Dhamra
2023-08-19,1.3,22.3,Dhamra
2023-08-20,1.3,24.6,Dhamra
2023-08-21,3.4,17.0,Dhamra
2023-08-22,8.2,16.0,Dhamra
2023-08-23,14.2,18.9,Dhamra
2023-08-24,14.5,23.4,Dhamra
2023-08-25,9.2,23.1,Dhamra
2023-08-26,14.7,29.0,Dhamra
2023-08-27,1.1,18.3,Dhamra
2023-08-28,0.2,16.6,Dhamra
2023-08-29,0.0,14.1,Dhamra
2023-08-30,2.0,12.6,Dhamra
2023-08-31,0.2,9.7,Dhamra
2023-09-01,0.9,13.0,Dhamra
2023-09-02,0.3,18.7,Dhamra
2023-09-03,9.3,11.6,Dhamra
2023-09-04,9.2,17.3,Dhamra
2023-09-05,15.0,21.4,Dhamra
2023-09-06,4.1,19.1,Dhamra
2023-09-07,4.7,13.2,Dhamra
2023-09-08,7.8,23.0,Dhamra
2023-09-09,1.8,19.8,Dhamra
2023-09-10,1.3,20.2,Dhamra
2023-09-11,0.9,21.3,Dhamra
2023-09-12,12.9,14.6,Dhamra
2023-09-13,43.0,23.5,Dhamra
2023-09-14,21.5,26.1,Dhamra
2023-09-15,3.2,19.2,Dhamra
2023-09-16,3.7,13.7,Dhamra
2023-09-17,1.4,11.1,Dhamra
2023-09-18,1.0,14.9,Dhamra
2023-09-19,11.9,16.7,Dhamra
2023-09-20,12.6,16.8,Dhamra
2023-09-21,1.2,27.2,Dhamra
2023-09-22,2.3,23.7,Dhamra
2023-09-23,2.3,21.5,Dhamra
2023-09-24,15.9,21.7,Dhamra
2023-09-25,11.1,17.3,Dhamra
2023-09-26,3.6,13.5,Dhamra
2023-09-27,5.6,10.1,Dhamra
2023-09-28,0.2,12.1,Dhamra
2023-09-29,4.6,19.1,Dhamra
2023-09-30,30.0,19.1,Dhamra
2023-10-01,17.3,21.1,Dhamra
2023-10-02,42.3,18.0,Dhamra
2023-10-03,42.2,20.9,Dhamra
2023-10-04,36.0,18.6,Dhamra
2023-10-05,2.7,20.7,Dhamra
2023-10-06,6.2,14.5,Dhamra
2023-10-07,2.1,9.2,Dhamra
2023-10-08,2.9,13.2,Dhamra
2023-10-09,0.0,13.0,Dhamra
2023-10-10,0.0,10.9,Dhamra
2023-10-11,0.0,13.1,Dhamra
2023-10-12,0.0,11.6,Dhamra
2023-10-13,0.0,10.9,Dhamra
2023-10-14,0.1,12.2,Dhamra
2023-10-15,0.0,12.7,Dhamra
2023-10-16,0.0,10.4,Dhamra
2023-10-17,0.4,16.6,Dhamra
2023-10-18,0.3,12.5,Dhamra
2023-10-19,0.0,18.8,Dhamra
2023-10-20,0.0,19.4,Dhamra
2023-10-21,0.0,20.4,Dhamra
2023-10-22,0.6,24.2,Dhamra
2023-10-23,47.2,26.5,Dhamra
2023-10-24,8.6,30.0,Dhamra
2023-10-25,0.4,12.1,Dhamra
2023-10-26,0.0,15.3,Dhamra
2023-10-27,0.0,9.9,Dhamra
2023-10-28,0.0,12.5,Dhamra
2023-10-29,0.0,13.8,Dhamra
2023-10-30,0.0,13.3,Dhamra
2023-10-31,0.0,16.2,Dhamra
2023-11-01,0.0,13.1,Dhamra
2023-11-02,0.0,11.8,Dhamra
2023-11-03,2.2,13.0,Dhamra
2023-11-04,17.7,12.8,Dhamra
2023-11-05,1.0,16.9,Dhamra
2023-11-06,0.0,17.1,Dhamra
2023-11-07,0.0,11.4,Dhamra
2023-11-08,0.0,14.1,Dhamra
2023-11-09,0.0,11.8,Dhamra
2023-11-10,0.0,13.9,Dhamra
2023-11-11,0.0,14.6,Dhamra
2023-11-12,0.0,15.5,Dhamra
2023-11-13,0.0,18.7,Dhamra
2023-11-14,0.0,19.8,Dhamra
2023-11-15,0.0,23.3,Dhamra
2023-11-16,29.1,34.5,Dhamra
2023-11-17,0.2,36.1,Dhamra
2023-11-18,0.1,16.9,Dhamra
2023-11-19,0.1,18.6,Dhamra
2023-11-20,0.0,17.1,Dhamra
2023-11-21,2.4,12.7,Dhamra
2023-11-22,0.0,11.5,Dhamra
2023-11-23,0.0,16.6,Dhamra
2023-11-24,0.0,14.7,Dhamra
2023-11-25,0.0,17.6,Dhamra
2023-11-26,0.0,19.5,Dhamra
2023-11-27,0.0,12.9,Dhamra
2023-11-28,0.0,13.6,Dhamra
2023-11-29,0.0,14.2,Dhamra
2023-11-30,0.0,12.8,Dhamra
2023-12-01,0.0,19.9,Dhamra
2023-12-02,0.0,22.9,Dhamra
2023-12-03,0.0,20.9,Dhamra
2023-12-04,0.0,20.2,Dhamra
2023-12-05,0.0,20.1,Dhamra
2023-12-06,3.4,25.8,Dhamra
2023-12-07,1.0,24.2,Dhamra
2023-12-08,0.0,24.0,Dhamra
2023-12-09,0.0,16.9,Dhamra
2023-12-10,0.0,15.0,Dhamra
2023-12-11,0.0,16.9,Dhamra
2023-12-12,0.0,15.6,Dhamra
2023-12-13,0.0,13.4,Dhamra
2023-12-14,0.0,15.0,Dhamra
2023-12-15,0.0,17.8,Dhamra
2023-12-16,0.0,17.1,Dhamra
2023-12-17,0.0,17.7,Dhamra
2023-12-18,0.0,17.6,Dhamra
2023-12-19,0.0,21.1,Dhamra
2023-12-20,0.0,20.1,Dhamra
2023-12-21,0.0,17.2,Dhamra
2023-12-22,0.0,14.1,Dhamra
2023-12-23,0.0,12.9,Dhamra
2023-12-24,0.0,11.8,Dhamra
2023-12-25,0.0,12.7,Dhamra
2023-12-26,0.0,14.8,Dhamra
2023-12-27,0.0,14.1,Dhamra
2023-12-28,0.0,13.4,Dhamra
2023-12-29,0.0,15.2,Dhamra
2023-12-30,0.0,17.6,Dhamra
2023-12-31,0.0,18.7,Dhamra
2021-01-01,0.0,16.7,Sagar-Sandheads
2021-01-02,0.0,12.3,Sagar-Sandheads
2021-01-03,0.0,13.6,Sagar-Sandheads
2021-01-04,0.0,12.7,Sagar-Sandheads
2021-01-05,0.0,9.8,Sagar-Sandheads
2021-01-06,0.0,9.2,Sagar-Sandheads
2021-01-07,0.0,10.7,Sagar-Sandheads
2021-01-08,0.0,15.2,Sagar-Sandheads
2021-01-09,0.0,10.1,Sagar-Sandheads
2021-01-10,0.0,12.2,Sagar-Sandheads
2021-01-11,0.0,11.0,Sagar-Sandheads
2021-01-12,0.0,13.4,Sagar-Sandheads
2021-01-13,0.0,16.5,Sagar-Sandheads
2021-01-14,0.1,16.2,Sagar-Sandheads
2021-01-15,0.0,12.6,Sagar-Sandheads
2021-01-16,0.0,11.2,Sagar-Sandheads
2021-01-17,0.0,13.3,Sagar-Sandheads
2021-01-18,0.0,10.5,Sagar-Sandheads
2021-01-19,0.0,14.5,Sagar-Sandheads
2021-01-20,0.1,23.3,Sagar-Sandheads
2021-01-21,0.0,17.9,Sagar-Sandheads
2021-01-22,0.0,9.8,Sagar-Sandheads
2021-01-23,0.0,11.0,Sagar-Sandheads
2021-01-24,0.1,12.6,Sagar-Sandheads
2021-01-25,0.3,11.4,Sagar-Sandheads
2021-01-26,0.2,14.8,Sagar-Sandheads
2021-01-27,0.0,14.9,Sagar-Sandheads
2021-01-28,0.0,17.0,Sagar-Sandheads
2021-01-29,0.0,13.4,Sagar-Sandheads
2021-01-30,0.0,16.2,Sagar-Sandheads
2021-01-31,0.0,19.7,Sagar-Sandheads
2021-02-01,0.0,11.1,Sagar-Sandheads
2021-02-02,0.0,12.6,Sagar-Sandheads
2021-02-03,0.0,8.5,Sagar-Sandheads
2021-02-04,0.0,11.1,Sagar-Sandheads
2021-02-05,0.0,12.3,Sagar-Sandheads
2021-02-06,0.0,10.5,Sagar-Sandheads
2021-02-07,0.0,16.6,Sagar-Sandheads
2021-02-08,0.0,14.6,Sagar-Sandheads
2021-02-09,0.0,10.5,Sagar-Sandheads
2021-02-10,0.0,12.6,Sagar-Sandheads
2021-02-11,0.0,17.0,Sagar-Sandheads
2021-02-12,0.0,17.1,Sagar-Sandheads
2021-02-13,0.0,14.3,Sagar-Sandheads
2021-02-14,0.0,15.5,Sagar-Sandheads
2021-02-15,0.0,13.3,Sagar-Sandheads
2021-02-16,0.0,14.4,Sagar-Sandheads
2021-02-17,0.0,15.5,Sagar-Sandheads
2021-02-18,0.0,10.8,Sagar-Sandheads
2021-02-19,0.0,11.3,Sagar-Sandheads
2021-02-20,0.0,15.9,Sagar-Sandheads
2021-02-21,0.0,15.9,Sagar-Sandheads
2021-02-22,0.0,17.0,Sagar-Sandheads
2021-02-23,0.0,14.1,Sagar-Sandheads
2021-02-24,0.0,12.5,Sagar-Sandheads
2021-02-25,0.0,15.3,Sagar-Sandheads
2021-02-26,0.0,17.3,Sagar-Sandheads
2021-02-27,0.0,14.7,Sagar-Sandheads
2021-02-28,0.0,17.3,Sagar-Sandheads
2021-03-01,0.0,21.4,Sagar-Sandheads
2021-03-02,0.0,15.9,Sagar-Sandheads
2021-03-03,0.2,17.3,Sagar-Sandheads
2021-03-04,0.0,17.0,Sagar-Sandheads
2021-03-05,0.0,31.9,Sagar-Sandheads
2021-03-06,0.0,32.3,Sagar-Sandheads
2021-03-07,0.0,14.0,Sagar-Sandheads
2021-03-08,0.0,19.1,Sagar-Sandheads
2021-03-09,0.0,26.2,Sagar-Sandheads
2021-03-10,0.0,23.8,Sagar-Sandheads
2021-03-11,0.0,16.7,Sagar-Sandheads
2021-03-12,0.0,14.7,Sagar-Sandheads
2021-03-13,2.4,25.8,Sagar-Sandheads
2021-03-14,0.0,16.3,Sagar-Sandheads
2021-03-15,0.0,16.0,Sagar-Sandheads
2021-03-16,0.0,16.8,Sagar-Sandheads
2021-03-17,0.0,16.6,Sagar-Sandheads
2021-03-18,0.0,19.1,Sagar-Sandheads
2021-03-19,0.0,16.0,Sagar-Sandheads
2021-03-20,0.0,15.3,Sagar-Sandheads
2021-03-21,0.0,16.5,Sagar-Sandheads
2021-03-22,0.0,14.4,Sagar-Sandheads
2021-03-23,0.0,11.9,Sagar-Sandheads
2021-03-24,0.0,15.0,Sagar-Sandheads
2021-03-25,0.0,17.8,Sagar-Sandheads
2021-03-26,0.0,14.5,Sagar-Sandheads
2021-03-27,0.0,14.8,Sagar-Sandheads
2021-03-28,0.0,17.8,Sagar-Sandheads
2021-03-29,0.0,23.2,Sagar-Sandheads
2021-03-30,0.0,38.4,Sagar-Sandheads
2021-03-31,0.0,34.9,Sagar-Sandheads
2021-04-01,0.0,26.5,Sagar-Sandheads
2021-04-02,0.7,25.2,Sagar-Sandheads
2021-04-03,0.0,16.4,Sagar-Sandheads
2021-04-04,0.0,15.8,Sagar-Sandheads
2021-04-05,0.0,14.8,Sagar-Sandheads
2021-04-06,0.0,19.0,Sagar-Sandheads
2021-04-07,0.0,26.8,Sagar-Sandheads
2021-04-08,0.7,28.5,Sagar-Sandheads
2021-04-09,3.3,25.3,Sagar-Sandheads
2021-04-10,0.0,20.9,Sagar-Sandheads
2021-04-11,0.0,20.2,Sagar-Sandheads
2021-04-12,0.0,17.8,Sagar-Sandheads
2021-04-13,0.0,20.8,Sagar-Sandheads
2021-04-14,0.0,22.5,Sagar-Sandheads
2021-04-15,0.0,22.6,Sagar-Sandheads
2021-04-16,0.0,23.3,Sagar-Sandheads
2021-04-17,0.0,23.5,Sagar-Sandheads
2021-04-18,0.0,29.8,Sagar-Sandheads
2021-04-19,0.0,25.5,Sagar-Sandheads
2021-04-20,0.0,25.3,Sagar-Sandheads
2021-04-21,0.0,26.3,Sagar-Sandheads
2021-04-22,1.7,23.9,Sagar-Sandheads
2021-04-23,0.0,16.3,Sagar-Sandheads
2021-04-24,0.0,19.5,Sagar-Sandheads
2021-04-25,0.0,25.8,Sagar-Sandheads
2021-04-26,0.0,25.4,Sagar-Sandheads
2021-04-27,0.0,27.0,Sagar-Sandheads
2021-04-28,0.0,21.0,Sagar-Sandheads
2021-04-29,0.3,18.9,Sagar-Sandheads
2021-04-30,0.0,22.4,Sagar-Sandheads
2021-05-01,0.7,21.2,Sagar-Sandheads
2021-05-02,0.3,23.8,Sagar-Sandheads
2021-05-03,2.1,20.7,Sagar-Sandheads
2021-05-04,31.1,20.2,Sagar-Sandheads
2021-05-05,11.4,18.5,Sagar-Sandheads
2021-05-06,0.0,17.1,Sagar-Sandheads
2021-05-07,0.4,22.1,Sagar-Sandheads
2021-05-08,0.0,22.4,Sagar-Sandheads
2021-05-09,0.0,19.5,Sagar-Sandheads
2021-05-10,11.4,22.7,Sagar-Sandheads
2021-05-11,16.6,21.2,Sagar-Sandheads
2021-05-12,0.0,21.3,Sagar-Sandheads
2021-05-13,8.4,23.9,Sagar-Sandheads
2021-05-14,1.4,20.0,Sagar-Sandheads
2021-05-15,0.0,24.4,Sagar-Sandheads
2021-05-16,0.0,23.6,Sagar-Sandheads
2021-05-17,0.0,25.5,Sagar-Sandheads
2021-05-18,0.0,28.2,Sagar-Sandheads
2021-05-19,1.7,28.4,Sagar-Sandheads
2021-05-20,0.0,28.4,Sagar-Sandheads
2021-05-21,0.3,25.8,Sagar-Sandheads
2021-05-22,0.7,21.9,Sagar-Sandheads
2021-05-23,1.0,18.6,Sagar-Sandheads
2021-05-24,31.7,23.8,Sagar-Sandheads
2021-05-25,29.1,48.3,Sagar-Sandheads
2021-05-26,32.2,59.7,Sagar-Sandheads
2021-05-27,11.3,45.7,Sagar-Sandheads
2021-05-28,0.2,30.4,Sagar-Sandheads
2021-05-29,1.9,22.8,Sagar-Sandheads
2021-05-30,2.5,26.5,Sagar-Sandheads
2021-05-31,0.9,29.5,Sagar-Sandheads
2021-06-01,0.2,28.3,Sagar-Sandheads
2021-06-02,2.5,23.8,Sagar-Sandheads
2021-06-03,2.2,21.7,Sagar-Sandheads
2021-06-04,0.9,25.3,Sagar-Sandheads
2021-06-05,0.0,26.5,Sagar-Sandheads
2021-06-06,0.0,29.3,Sagar-Sandheads
2021-06-07,0.7,28.5,Sagar-Sandheads
2021-06-08,0.1,28.8,Sagar-Sandheads
2021-06-09,9.8,28.1,Sagar-Sandheads
2021-06-10,18.4,15.3,Sagar-Sandheads
2021-06-11,7.5,11.2,Sagar-Sandheads
2021-06-12,7.4,13.2,Sagar-Sandheads
2021-06-13,12.2,17.2,Sagar-Sandheads
2021-06-14,16.9,23.7,Sagar-Sandheads
2021-06-15,21.6,27.8,Sagar-Sandheads
2021-06-16,15.8,31.0,Sagar-Sandheads
2021-06-17,58.4,28.9,Sagar-Sandheads
2021-06-18,42.9,27.7,Sagar-Sandheads
2021-06-19,24.5,31.8,Sagar-Sandheads
2021-06-20,3.7,22.4,Sagar-Sandheads
2021-06-21,1.5,12.0,Sagar-Sandheads
2021-06-22,23.9,19.8,Sagar-Sandheads
2021-06-23,6.0,24.5,Sagar-Sandheads
2021-06-24,4.4,24.3,Sagar-Sandheads
2021-06-25,2.1,22.6,Sagar-Sandheads
2021-06-26,3.9,22.3,Sagar-Sandheads
2021-06-27,5.4,24.5,Sagar-Sandheads
2021-06-28,2.4,29.3,Sagar-Sandheads
2021-06-29,1.0,33.3,Sagar-Sandheads
2021-06-30,1.2,32.6,Sagar-Sandheads
2021-07-01,1.7,33.8,Sagar-Sandheads
2021-07-02,4.1,29.0,Sagar-Sandheads
2021-07-03,0.8,22.9,Sagar-Sandheads
2021-07-04,3.9,19.4,Sagar-Sandheads
2021-07-05,18.2,21.4,Sagar-Sandheads
2021-07-06,8.0,20.8,Sagar-Sandheads
2021-07-07,10.9,21.1,Sagar-Sandheads
2021-07-08,22.9,22.7,Sagar-Sandheads
2021-07-09,2.0,17.7,Sagar-Sandheads
2021-07-10,6.9,14.0,Sagar-Sandheads
2021-07-11,6.9,22.3,Sagar-Sandheads
2021-07-12,3.7,21.0,Sagar-Sandheads
2021-07-13,7.8,26.8,Sagar-Sandheads
2021-07-14,5.8,24.3,Sagar-Sandheads
2021-07-15,0.4,19.4,Sagar-Sandheads
2021-07-16,1.1,17.9,Sagar-Sandheads
2021-07-17,2.4,19.7,Sagar-Sandheads
2021-07-18,0.3,25.4,Sagar-Sandheads
2021-07-19,1.5,22.9,Sagar-Sandheads
2021-07-20,0.7,21.4,Sagar-Sandheads
2021-07-21,8.7,12.9,Sagar-Sandheads
2021-07-22,17.5,22.1,Sagar-Sandheads
2021-07-23,19.1,28.5,Sagar-Sandheads
2021-07-24,17.8,28.0,Sagar-Sandheads
2021-07-25,11.0,20.9,Sagar-Sandheads
2021-07-26,8.0,29.3,Sagar-Sandheads
2021-07-27,9.8,32.4,Sagar-Sandheads
2021-07-28,52.1,38.1,Sagar-Sandheads
2021-07-29,29.1,36.4,Sagar-Sandheads
2021-07-30,16.1,40.8,Sagar-Sandheads
2021-07-31,1.1,28.3,Sagar-Sandheads
2021-08-01,0.6,22.8,Sagar-Sandheads
2021-08-02,5.5,20.4,Sagar-Sandheads
2021-08-03,26.6,18.0,Sagar-Sandheads
2021-08-04,18.3,21.3,Sagar-Sandheads
2021-08-05,5.6,16.8,Sagar-Sandheads
2021-08-06,6.9,20.7,Sagar-Sandheads
2021-08-07,6.4,20.9,Sagar-Sandheads
2021-08-08,7.6,27.2,Sagar-Sandheads
2021-08-09,5.2,25.4,Sagar-Sandheads
2021-08-10,3.8,25.4,Sagar-Sandheads
2021-08-11,0.8,21.7,Sagar-Sandheads
2021-08-12,5.2,22.3,Sagar-Sandheads
2021-08-13,3.9,21.2,Sagar-Sandheads
2021-08-14,2.1,16.9,Sagar-Sandheads
2021-08-15,1.6,15.5,Sagar-Sandheads
2021-08-16,11.7,17.1,Sagar-Sandheads
2021-08-17,21.1,28.3,Sagar-Sandheads
2021-08-18,32.3,31.4,Sagar-Sandheads
2021-08-19,15.5,26.3,Sagar-Sandheads
2021-08-20,10.7,23.2,Sagar-Sandheads
2021-08-21,3.4,19.6,Sagar-Sandheads
2021-08-22,3.0,26.3,Sagar-Sandheads
2021-08-23,0.1,27.5,Sagar-Sandheads
2021-08-24,0.5,20.2,Sagar-Sandheads
2021-08-25,0.7,21.4,Sagar-Sandheads
2021-08-26,6.7,20.1,Sagar-Sandheads
2021-08-27,15.8,20.1,Sagar-Sandheads
2021-08-28,4.9,22.9,Sagar-Sandheads
2021-08-29,9.2,22.3,Sagar-Sandheads
2021-08-30,7.9,19.1,Sagar-Sandheads
2021-08-31,5.7,20.0,Sagar-Sandheads
2021-09-01,1.4,16.2,Sagar-Sandheads
2021-09-02,0.7,12.8,Sagar-Sandheads
2021-09-03,1.2,13.4,Sagar-Sandheads
2021-09-04,3.5,11.8,Sagar-Sandheads
2021-09-05,6.1,15.4,Sagar-Sandheads
2021-09-06,13.1,25.0,Sagar-Sandheads
2021-09-07,20.6,29.0,Sagar-Sandheads
2021-09-08,23.5,15.8,Sagar-Sandheads
2021-09-09,17.4,11.9,Sagar-Sandheads
2021-09-10,12.1,12.9,Sagar-Sandheads
2021-09-11,41.3,25.7,Sagar-Sandheads
2021-09-12,13.8,32.7,Sagar-Sandheads
2021-09-13,34.5,41.1,Sagar-Sandheads
2021-09-14,35.4,31.6,Sagar-Sandheads
2021-09-15,10.7,24.2,Sagar-Sandheads
2021-09-16,4.5,13.7,Sagar-Sandheads
2021-09-17,2.7,13.9,Sagar-Sandheads
2021-09-18,10.3,12.0,Sagar-Sandheads
2021-09-19,24.2,12.0,Sagar-Sandheads
2021-09-20,46.9,20.6,Sagar-Sandheads
2021-09-21,29.3,27.0,Sagar-Sandheads
2021-09-22,17.4,20.8,Sagar-Sandheads
2021-09-23,8.4,19.5,Sagar-Sandheads
2021-09-24,2.2,11.8,Sagar-Sandheads
2021-09-25,5.8,13.8,Sagar-Sandheads
2021-09-26,6.4,23.4,Sagar-Sandheads
2021-09-27,2.6,19.6,Sagar-Sandheads
2021-09-28,48.3,28.8,Sagar-Sandheads
2021-09-29,24.2,27.8,Sagar-Sandheads
2021-09-30,2.1,16.9,Sagar-Sandheads
2021-10-01,1.0,15.5,Sagar-Sandheads
2021-10-02,0.2,19.0,Sagar-Sandheads
2021-10-03,12.2,26.3,Sagar-Sandheads
2021-10-04,5.6,20.6,Sagar-Sandheads
2021-10-05,6.4,15.9,Sagar-Sandheads
2021-10-06,0.5,15.8,Sagar-Sandheads
2021-10-07,0.4,13.0,Sagar-Sandheads
2021-10-08,0.1,12.1,Sagar-Sandheads
2021-10-09,1.0,6.5,Sagar-Sandheads
2021-10-10,0.9,7.2,Sagar-Sandheads
2021-10-11,0.5,9.8,Sagar-Sandheads
2021-10-12,0.1,11.3,Sagar-Sandheads
2021-10-13,1.2,13.7,Sagar-Sandheads
2021-10-14,7.1,12.8,Sagar-Sandheads
2021-10-15,3.5,8.2,Sagar-Sandheads
2021-10-16,19.2,17.9,Sagar-Sandheads
2021-10-17,34.2,25.0,Sagar-Sandheads
2021-10-18,76.6,26.6,Sagar-Sandheads
2021-10-19,53.5,22.6,Sagar-Sandheads
2021-10-20,8.1,23.4,Sagar-Sandheads
2021-10-21,0.1,11.2,Sagar-Sandheads
2021-10-22,1.4,12.7,Sagar-Sandheads
2021-10-23,0.0,8.6,Sagar-Sandheads
2021-10-24,0.7,9.3,Sagar-Sandheads
2021-10-25,0.5,8.4,Sagar-Sandheads
2021-10-26,0.3,12.8,Sagar-Sandheads
2021-10-27,4.2,16.8,Sagar-Sandheads
2021-10-28,2.7,19.6,Sagar-Sandheads
2021-10-29,4.6,12.2,Sagar-Sandheads
2021-10-30,0.0,17.2,Sagar-Sandheads
2021-10-31,0.0,13.9,Sagar-Sandheads
2021-11-01,0.0,11.3,Sagar-Sandheads
2021-11-02,0.0,15.0,Sagar-Sandheads
2021-11-03,0.0,15.0,Sagar-Sandheads
2021-11-04,0.0,10.4,Sagar-Sandheads
2021-11-05,0.0,14.0,Sagar-Sandheads
2021-11-06,0.0,13.0,Sagar-Sandheads
2021-11-07,0.0,17.0,Sagar-Sandheads
2021-11-08,0.0,14.9,Sagar-Sandheads
2021-11-09,0.0,14.5,Sagar-Sandheads
2021-11-10,0.0,9.8,Sagar-Sandheads
2021-11-11,0.0,12.8,Sagar-Sandheads
2021-11-12,0.0,11.2,Sagar-Sandheads
2021-11-13,2.1,10.7,Sagar-Sandheads
2021-11-14,2.8,12.8,Sagar-Sandheads
2021-11-15,28.1,14.1,Sagar-Sandheads
2021-11-16,10.6,17.1,Sagar-Sandheads
2021-11-17,0.0,16.4,Sagar-Sandheads
2021-11-18,0.0,13.0,Sagar-Sandheads
2021-11-19,0.0,11.6,Sagar-Sandheads
2021-11-20,0.0,11.5,Sagar-Sandheads
2021-11-21,0.0,8.0,Sagar-Sandheads
2021-11-22,0.0,8.5,Sagar-Sandheads
2021-11-23,1.4,7.9,Sagar-Sandheads
2021-11-24,0.1,13.1,Sagar-Sandheads
2021-11-25,0.0,10.8,Sagar-Sandheads
2021-11-26,0.1,11.8,Sagar-Sandheads
2021-11-27,0.0,14.4,Sagar-Sandheads
2021-11-28,0.0,13.0,Sagar-Sandheads
2021-11-29,0.0,14.4,Sagar-Sandheads
2021-11-30,0.0,15.9,Sagar-Sandheads
2021-12-01,0.0,14.8,Sagar-Sandheads
2021-12-02,0.0,13.7,Sagar-Sandheads
2021-12-03,0.0,11.6,Sagar-Sandheads
2021-12-04,39.9,22.2,Sagar-Sandheads
2021-12-05,48.6,21.4,Sagar-Sandheads
2021-12-06,20.1,30.5,Sagar-Sandheads
2021-12-07,0.0,20.2,Sagar-Sandheads
2021-12-08,0.0,13.4,Sagar-Sandheads
2021-12-09,5.0,14.6,Sagar-Sandheads
2021-12-10,0.0,10.5,Sagar-Sandheads
2021-12-11,0.0,13.3,Sagar-Sandheads
2021-12-12,0.0,17.1,Sagar-Sandheads
2021-12-13,0.0,12.2,Sagar-Sandheads
2021-12-14,0.0,14.0,Sagar-Sandheads
2021-12-15,0.0,10.8,Sagar-Sandheads
2021-12-16,0.0,14.1,Sagar-Sandheads
2021-12-17,0.0,11.2,Sagar-Sandheads
2021-12-18,0.0,15.5,Sagar-Sandheads
2021-12-19,0.0,20.2,Sagar-Sandheads
2021-12-20,0.0,18.8,Sagar-Sandheads
2021-12-21,0.0,12.4,Sagar-Sandheads
2021-12-22,0.0,13.8,Sagar-Sandheads
2021-12-23,0.0,10.1,Sagar-Sandheads
2021-12-24,0.0,10.4,Sagar-Sandheads
2021-12-25,0.0,8.8,Sagar-Sandheads
2021-12-26,0.0,12.0,Sagar-Sandheads
2021-12-27,0.2,11.3,Sagar-Sandheads
2021-12-28,0.0,11.3,Sagar-Sandheads
2021-12-29,0.0,14.3,Sagar-Sandheads
2021-12-30,0.0,18.3,Sagar-Sandheads
2021-12-31,0.0,21.8,Sagar-Sandheads
2022-01-01,0.0,19.3,Sagar-Sandheads
2022-01-02,0.0,16.6,Sagar-Sandheads
2022-01-03,0.0,16.0,Sagar-Sandheads
2022-01-04,0.0,15.5,Sagar-Sandheads
2022-01-05,0.0,12.7,Sagar-Sandheads
2022-01-06,0.0,9.8,Sagar-Sandheads
2022-01-07,0.0,11.2,Sagar-Sandheads
2022-01-08,0.0,9.6,Sagar-Sandheads
2022-01-09,0.0,11.0,Sagar-Sandheads
2022-01-10,0.0,9.0,Sagar-Sandheads
2022-01-11,0.0,22.5,Sagar-Sandheads
2022-01-12,1.9,14.8,Sagar-Sandheads
2022-01-13,0.0,13.7,Sagar-Sandheads
2022-01-14,8.8,17.9,Sagar-Sandheads
2022-01-15,0.4,17.0,Sagar-Sandheads
2022-01-16,0.0,19.5,Sagar-Sandheads
2022-01-17,0.0,15.6,Sagar-Sandheads
2022-01-18,0.0,15.5,Sagar-Sandheads
2022-01-19,0.0,16.0,Sagar-Sandheads
2022-01-20,0.0,12.7,Sagar-Sandheads
2022-01-21,0.4,13.4,Sagar-Sandheads
2022-01-22,0.1,12.5,Sagar-Sandheads
2022-01-23,0.6,15.3,Sagar-Sandheads
2022-01-24,18.3,16.1,Sagar-Sandheads
2022-01-25,0.0,11.9,Sagar-Sandheads
2022-01-26,0.0,17.8,Sagar-Sandheads
2022-01-27,0.1,18.8,Sagar-Sandheads
2022-01-28,0.0,20.0,Sagar-Sandheads
2022-01-29,0.0,11.0,Sagar-Sandheads
2022-01-30,0.0,10.7,Sagar-Sandheads
2022-01-31,0.0,13.5,Sagar-Sandheads
2022-02-01,0.0,20.9,Sagar-Sandheads
2022-02-02,0.0,10.9,Sagar-Sandheads
2022-02-03,0.9,18.0,Sagar-Sandheads
2022-02-04,15.3,29.6,Sagar-Sandheads
2022-02-05,0.4,16.2,Sagar-Sandheads
2022-02-06,0.0,12.2,Sagar-Sandheads
2022-02-07,0.0,10.9,Sagar-Sandheads
2022-02-08,0.0,16.7,Sagar-Sandheads
2022-02-09,0.4,14.2,Sagar-Sandheads
2022-02-10,0.7,11.5,Sagar-Sandheads
2022-02-11,0.3,20.2,Sagar-Sandheads
2022-02-12,0.0,15.7,Sagar-Sandheads
2022-02-13,0.0,14.4,Sagar-Sandheads
2022-02-14,0.0,15.8,Sagar-Sandheads
2022-02-15,0.0,11.2,Sagar-Sandheads
2022-02-16,0.0,15.2,Sagar-Sandheads
2022-02-17,0.0,12.5,Sagar-Sandheads
2022-02-18,0.0,10.5,Sagar-Sandheads
2022-02-19,0.0,12.9,Sagar-Sandheads
2022-02-20,3.7,20.7,Sagar-Sandheads
2022-02-21,0.0,18.4,Sagar-Sandheads
2022-02-22,0.2,13.0,Sagar-Sandheads
2022-02-23,0.1,12.8,Sagar-Sandheads
2022-02-24,0.2,18.5,Sagar-Sandheads
2022-02-25,0.0,15.1,Sagar-Sandheads
2022-02-26,0.0,10.0,Sagar-Sandheads
2022-02-27,0.0,13.2,Sagar-Sandheads
2022-02-28,0.0,18.8,Sagar-Sandheads
2022-03-01,3.6,12.4,Sagar-Sandheads
2022-03-02,0.0,12.0,Sagar-Sandheads
2022-03-03,0.0,11.8,Sagar-Sandheads
2022-03-04,0.0,14.3,Sagar-Sandheads
2022-03-05,0.0,16.6,Sagar-Sandheads
2022-03-06,0.1,14.9,Sagar-Sandheads
2022-03-07,0.0,14.3,Sagar-Sandheads
2022-03-08,0.0,14.6,Sagar-Sandheads
2022-03-09,0.0,11.9,Sagar-Sandheads
2022-03-10,0.0,16.1,Sagar-Sandheads
2022-03-11,0.0,12.1,Sagar-Sandheads
2022-03-12,0.0,13.0,Sagar-Sandheads
2022-03-13,0.0,11.4,Sagar-Sandheads
2022-03-14,0.0,15.3,Sagar-Sandheads
2022-03-15,0.0,17.5,Sagar-Sandheads
2022-03-16,0.0,18.7,Sagar-Sandheads
2022-03-17,0.0,17.4,Sagar-Sandheads
2022-03-18,0.0,14.5,Sagar-Sandheads
2022-03-19,0.0,17.7,Sagar-Sandheads
2022-03-20,0.0,18.5,Sagar-Sandheads
2022-03-21,0.0,20.4,Sagar-Sandheads
2022-03-22,0.0,18.6,Sagar-Sandheads
2022-03-23,0.0,22.0,Sagar-Sandheads
2022-03-24,0.0,27.6,Sagar-Sandheads
2022-03-25,0.0,29.9,Sagar-Sandheads
2022-03-26,0.4,29.9,Sagar-Sandheads
2022-03-27,0.5,23.7,Sagar-Sandheads
2022-03-28,0.0,25.2,Sagar-Sandheads
2022-03-29,0.0,27.3,Sagar-Sandheads
2022-03-30,1.4,25.4,Sagar-Sandheads
2022-03-31,1.9,28.6,Sagar-Sandheads
2022-04-01,1.5,28.5,Sagar-Sandheads
2022-04-02,1.0,29.6,Sagar-Sandheads
2022-04-03,1.1,28.5,Sagar-Sandheads
2022-04-04,0.7,32.6,Sagar-Sandheads
2022-04-05,0.5,31.0,Sagar-Sandheads
2022-04-06,0.0,28.1,Sagar-Sandheads
2022-04-07,0.0,23.5,Sagar-Sandheads
2022-04-08,0.0,30.4,Sagar-Sandheads
2022-04-09,0.0,31.2,Sagar-Sandheads
2022-04-10,0.1,34.6,Sagar-Sandheads
2022-04-11,0.0,33.1,Sagar-Sandheads
2022-04-12,0.2,31.6,Sagar-Sandheads
2022-04-13,0.2,33.0,Sagar-Sandheads
2022-04-14,0.0,33.8,Sagar-Sandheads
2022-04-15,0.0,27.0,Sagar-Sandheads
2022-04-16,0.0,30.1,Sagar-Sandheads
2022-04-17,0.0,28.1,Sagar-Sandheads
2022-04-18,0.0,23.2,Sagar-Sandheads
2022-04-19,0.0,31.3,Sagar-Sandheads
2022-04-20,0.8,35.1,Sagar-Sandheads
2022-04-21,1.6,26.5,Sagar-Sandheads
2022-04-22,4.3,27.7,Sagar-Sandheads
2022-04-23,0.0,26.1,Sagar-Sandheads
2022-04-24,0.0,24.4,Sagar-Sandheads
2022-04-25,0.0,24.0,Sagar-Sandheads
2022-04-26,0.0,26.8,Sagar-Sandheads
2022-04-27,0.0,28.3,Sagar-Sandheads
2022-04-28,0.0,24.9,Sagar-Sandheads
2022-04-29,0.1,29.9,Sagar-Sandheads
2022-04-30,0.5,30.7,Sagar-Sandheads
2022-05-01,1.2,27.9,Sagar-Sandheads
2022-05-02,4.4,26.1,Sagar-Sandheads
2022-05-03,4.0,28.6,Sagar-Sandheads
2022-05-04,0.7,27.9,Sagar-Sandheads
2022-05-05,15.3,20.1,Sagar-Sandheads
2022-05-06,1.0,19.8,Sagar-Sandheads
2022-05-07,0.3,14.8,Sagar-Sandheads
2022-05-08,0.1,16.8,Sagar-Sandheads
2022-05-09,20.2,18.8,Sagar-Sandheads
2022-05-10,7.8,23.3,Sagar-Sandheads
2022-05-11,6.5,24.0,Sagar-Sandheads
2022-05-12,7.0,28.2,Sagar-Sandheads
2022-05-13,1.2,37.6,Sagar-Sandheads
2022-05-14,0.1,37.8,Sagar-Sandheads
2022-05-15,0.9,36.2,Sagar-Sandheads
2022-05-16,0.2,34.4,Sagar-Sandheads
2022-05-17,0.3,33.5,Sagar-Sandheads
2022-05-18,1.7,30.4,Sagar-Sandheads
2022-05-19,0.9,32.0,Sagar-Sandheads
2022-05-20,0.3,27.6,Sagar-Sandheads
2022-05-21,4.0,31.0,Sagar-Sandheads
2022-05-22,0.0,29.4,Sagar-Sandheads
2022-05-23,0.9,19.7,Sagar-Sandheads
2022-05-24,5.6,15.9,Sagar-Sandheads
2022-05-25,2.3,18.7,Sagar-Sandheads
2022-05-26,0.0,18.1,Sagar-Sandheads
2022-05-27,0.2,18.2,Sagar-Sandheads
2022-05-28,0.0,20.9,Sagar-Sandheads
2022-05-29,5.9,16.6,Sagar-Sandheads
2022-05-30,1.5,20.6,Sagar-Sandheads
2022-05-31,0.5,19.5,Sagar-Sandheads
2022-06-01,1.2,18.9,Sagar-Sandheads
2022-06-02,0.8,22.2,Sagar-Sandheads
2022-06-03,0.3,27.9,Sagar-Sandheads
2022-06-04,2.5,30.2,Sagar-Sandheads
2022-06-05,1.1,30.8,Sagar-Sandheads
2022-06-06,0.3,29.4,Sagar-Sandheads
2022-06-07,0.4,28.2,Sagar-Sandheads
2022-06-08,0.8,26.7,Sagar-Sandheads
2022-06-09,5.3,29.7,Sagar-Sandheads
2022-06-10,1.6,31.9,Sagar-Sandheads
2022-06-11,15.7,30.0,Sagar-Sandheads
2022-06-12,0.0,31.8,Sagar-Sandheads
2022-06-13,0.0,31.1,Sagar-Sandheads
2022-06-14,0.1,31.9,Sagar-Sandheads
2022-06-15,15.3,32.2,Sagar-Sandheads
2022-06-16,2.0,33.1,Sagar-Sandheads
2022-06-17,2.1,35.5,Sagar-Sandheads
2022-06-18,5.3,35.9,Sagar-Sandheads
2022-06-19,37.2,27.2,Sagar-Sandheads
2022-06-20,7.6,33.2,Sagar-Sandheads
2022-06-21,7.6,25.5,Sagar-Sandheads
2022-06-22,11.5,23.0,Sagar-Sandheads
2022-06-23,10.0,26.1,Sagar-Sandheads
2022-06-24,7.6,21.3,Sagar-Sandheads
2022-06-25,5.3,23.5,Sagar-Sandheads
2022-06-26,13.0,22.7,Sagar-Sandheads
2022-06-27,1.3,20.6,Sagar-Sandheads
2022-06-28,1.8,22.5,Sagar-Sandheads
2022-06-29,4.2,22.1,Sagar-Sandheads
2022-06-30,7.1,19.9,Sagar-Sandheads
2022-07-01,44.7,18.4,Sagar-Sandheads
2022-07-02,47.5,13.4,Sagar-Sandheads
2022-07-03,6.9,14.6,Sagar-Sandheads
2022-07-04,2.2,18.7,Sagar-Sandheads
2022-07-05,4.6,22.2,Sagar-Sandheads
2022-07-06,8.7,26.1,Sagar-Sandheads
2022-07-07,3.1,24.4,Sagar-Sandheads
2022-07-08,4.0,25.4,Sagar-Sandheads
2022-07-09,4.9,28.3,Sagar-Sandheads
2022-07-10,25.7,25.5,Sagar-Sandheads
2022-07-11,3.6,29.2,Sagar-Sandheads
2022-07-12,10.8,31.8,Sagar-Sandheads
2022-07-13,4.0,31.2,Sagar-Sandheads
2022-07-14,15.5,32.1,Sagar-Sandheads
2022-07-15,6.9,28.7,Sagar-Sandheads
2022-07-16,6.4,27.8,Sagar-Sandheads
2022-07-17,4.1,27.9,Sagar-Sandheads
2022-07-18,7.8,31.1,Sagar-Sandheads
2022-07-19,10.0,26.6,Sagar-Sandheads
2022-07-20,3.4,27.4,Sagar-Sandheads
2022-07-21,6.8,21.3,Sagar-Sandheads
2022-07-22,4.7,22.9,Sagar-Sandheads
2022-07-23,8.9,23.8,Sagar-Sandheads
2022-07-24,14.1,24.1,Sagar-Sandheads
2022-07-25,9.3,20.4,Sagar-Sandheads
2022-07-26,6.6,15.0,Sagar-Sandheads
2022-07-27,5.0,17.8,Sagar-Sandheads
2022-07-28,0.7,16.8,Sagar-Sandheads
2022-07-29,1.7,19.4,Sagar-Sandheads
2022-07-30,1.8,22.2,Sagar-Sandheads
2022-07-31,5.0,22.5,Sagar-Sandheads
2022-08-01,13.2,19.8,Sagar-Sandheads
2022-08-02,2.9,15.6,Sagar-Sandheads
2022-08-03,2.0,15.6,Sagar-Sandheads
2022-08-04,3.0,16.0,Sagar-Sandheads
2022-08-05,3.9,16.0,Sagar-Sandheads
2022-08-06,7.6,22.9,Sagar-Sandheads
2022-08-07,8.2,26.1,Sagar-Sandheads
2022-08-08,11.7,27.5,Sagar-Sandheads
2022-08-09,70.5,25.7,Sagar-Sandheads
2022-08-10,53.0,24.8,Sagar-Sandheads
2022-08-11,47.9,22.1,Sagar-Sandheads
2022-08-12,9.1,13.5,Sagar-Sandheads
2022-08-13,9.5,14.5,Sagar-Sandheads
2022-08-14,17.8,39.3,Sagar-Sandheads
2022-08-15,7.3,32.8,Sagar-Sandheads
2022-08-16,0.9,23.7,Sagar-Sandheads
2022-08-17,0.6,19.5,Sagar-Sandheads
2022-08-18,21.7,22.2,Sagar-Sandheads
2022-08-19,41.7,42.3,Sagar-Sandheads
2022-08-20,12.6,36.5,Sagar-Sandheads
2022-08-21,6.2,20.9,Sagar-Sandheads
2022-08-22,1.1,15.2,Sagar-Sandheads
2022-08-23,23.1,14.8,Sagar-Sandheads
2022-08-24,64.7,23.7,Sagar-Sandheads
2022-08-25,2.2,18.2,Sagar-Sandheads
2022-08-26,0.7,18.8,Sagar-Sandheads
2022-08-27,2.2,25.1,Sagar-Sandheads
2022-08-28,21.2,21.5,Sagar-Sandheads
2022-08-29,3.0,14.8,Sagar-Sandheads
2022-08-30,1.0,16.1,Sagar-Sandheads
2022-08-31,0.7,20.9,Sagar-Sandheads
2022-09-01,1.9,19.9,Sagar-Sandheads
2022-09-02,0.3,21.6,Sagar-Sandheads
2022-09-03,6.2,20.6,Sagar-Sandheads
2022-09-04,5.4,22.2,Sagar-Sandheads
2022-09-05,5.0,18.8,Sagar-Sandheads
2022-09-06,14.1,19.0,Sagar-Sandheads
2022-09-07,2.0,15.8,Sagar-Sandheads
2022-09-08,3.6,26.5,Sagar-Sandheads
2022-09-09,1.6,24.5,Sagar-Sandheads
2022-09-10,17.9,27.2,Sagar-Sandheads
2022-09-11,78.4,31.1,Sagar-Sandheads
2022-09-12,48.8,31.9,Sagar-Sandheads
2022-09-13,49.9,32.6,Sagar-Sandheads
2022-09-14,34.6,29.0,Sagar-Sandheads
2022-09-15,6.9,21.7,Sagar-Sandheads
2022-09-16,0.8,17.6,Sagar-Sandheads
2022-09-17,5.5,14.8,Sagar-Sandheads
2022-09-18,7.3,9.4,Sagar-Sandheads
2022-09-19,6.6,25.3,Sagar-Sandheads
2022-09-20,6.9,22.5,Sagar-Sandheads
2022-09-21,7.0,22.7,Sagar-Sandheads
2022-09-22,8.6,20.5,Sagar-Sandheads
2022-09-23,1.0,19.5,Sagar-Sandheads
2022-09-24,1.6,16.3,Sagar-Sandheads
2022-09-25,2.1,13.1,Sagar-Sandheads
2022-09-26,0.3,11.7,Sagar-Sandheads
2022-09-27,0.3,10.8,Sagar-Sandheads
2022-09-28,1.9,12.0,Sagar-Sandheads
2022-09-29,0.9,9.5,Sagar-Sandheads
2022-09-30,0.4,16.8,Sagar-Sandheads
2022-10-01,3.5,11.6,Sagar-Sandheads
2022-10-02,8.5,9.9,Sagar-Sandheads
2022-10-03,14.2,18.9,Sagar-Sandheads
2022-10-04,18.5,26.0,Sagar-Sandheads
2022-10-05,9.7,20.0,Sagar-Sandheads
2022-10-06,27.6,22.9,Sagar-Sandheads
2022-10-07,1.0,12.3,Sagar-Sandheads
2022-10-08,0.4,11.8,Sagar-Sandheads
2022-10-09,0.9,16.0,Sagar-Sandheads
2022-10-10,5.1,16.9,Sagar-Sandheads
2022-10-11,2.3,23.5,Sagar-Sandheads
2022-10-12,1.8,19.2,Sagar-Sandheads
2022-10-13,3.3,8.7,Sagar-Sandheads
2022-10-14,0.7,8.0,Sagar-Sandheads
2022-10-15,4.3,9.5,Sagar-Sandheads
2022-10-16,0.0,16.7,Sagar-Sandheads
2022-10-17,0.0,16.6,Sagar-Sandheads
2022-10-18,0.0,16.2,Sagar-Sandheads
2022-10-19,1.5,17.5,Sagar-Sandheads
2022-10-20,0.0,17.7,Sagar-Sandheads
2022-10-21,0.0,19.6,Sagar-Sandheads
2022-10-22,0.0,20.2,Sagar-Sandheads
2022-10-23,2.5,18.5,Sagar-Sandheads
2022-10-24,47.9,39.8,Sagar-Sandheads
2022-10-25,0.0,19.8,Sagar-Sandheads
2022-10-26,0.2,9.2,Sagar-Sandheads
2022-10-27,0.6,8.2,Sagar-Sandheads
2022-10-28,0.1,12.0,Sagar-Sandheads
2022-10-29,0.0,13.0,Sagar-Sandheads
2022-10-30,0.0,12.3,Sagar-Sandheads
2022-10-31,0.0,12.7,Sagar-Sandheads
2022-11-01,0.0,11.2,Sagar-Sandheads
2022-11-02,0.0,14.1,Sagar-Sandheads
2022-11-03,0.0,10.8,Sagar-Sandheads
2022-11-04,0.0,8.2,Sagar-Sandheads
2022-11-05,0.0,9.5,Sagar-Sandheads
2022-11-06,0.0,12.2,Sagar-Sandheads
2022-11-07,0.0,10.7,Sagar-Sandheads
2022-11-08,0.0,8.4,Sagar-Sandheads
2022-11-09,0.0,11.3,Sagar-Sandheads
2022-11-10,0.0,14.4,Sagar-Sandheads
2022-11-11,0.0,13.2,Sagar-Sandheads
2022-11-12,0.0,15.0,Sagar-Sandheads
2022-11-13,0.0,14.8,Sagar-Sandheads
2022-11-14,0.0,16.6,Sagar-Sandheads
2022-11-15,0.0,14.0,Sagar-Sandheads
2022-11-16,0.0,14.1,Sagar-Sandheads
2022-11-17,0.0,16.7,Sagar-Sandheads
2022-11-18,0.0,21.5,Sagar-Sandheads
2022-11-19,0.0,22.0,Sagar-Sandheads
2022-11-20,0.0,17.3,Sagar-Sandheads
2022-11-21,0.0,16.6,Sagar-Sandheads
2022-11-22,0.0,13.0,Sagar-Sandheads
2022-11-23,0.0,14.6,Sagar-Sandheads
2022-11-24,0.0,17.1,Sagar-Sandheads
2022-11-25,0.0,16.6,Sagar-Sandheads
2022-11-26,0.0,12.6,Sagar-Sandheads
2022-11-27,0.0,10.5,Sagar-Sandheads
2022-11-28,0.0,15.1,Sagar-Sandheads
2022-11-29,0.0,15.7,Sagar-Sandheads
2022-11-30,0.0,12.1,Sagar-Sandheads
2022-12-01,0.0,16.3,Sagar-Sandheads
2022-12-02,0.0,14.4,Sagar-Sandheads
2022-12-03,0.0,12.5,Sagar-Sandheads
2022-12-04,0.0,16.3,Sagar-Sandheads
2022-12-05,0.0,15.5,Sagar-Sandheads
2022-12-06,0.0,15.9,Sagar-Sandheads
2022-12-07,0.0,18.0,Sagar-Sandheads
2022-12-08,0.0,16.3,Sagar-Sandheads
2022-12-09,0.0,15.1,Sagar-Sandheads
2022-12-10,0.0,13.6,Sagar-Sandheads
2022-12-11,0.0,11.5,Sagar-Sandheads
2022-12-12,0.0,9.4,Sagar-Sandheads
2022-12-13,0.0,10.2,Sagar-Sandheads
2022-12-14,0.0,16.8,Sagar-Sandheads
2022-12-15,0.0,12.6,Sagar-Sandheads
2022-12-16,0.0,13.9,Sagar-Sandheads
2022-12-17,0.0,14.6,Sagar-Sandheads
2022-12-18,0.0,13.7,Sagar-Sandheads
2022-12-19,0.0,12.1,Sagar-Sandheads
2022-12-20,0.0,15.9,Sagar-Sandheads
2022-12-21,0.0,16.5,Sagar-Sandheads
2022-12-22,0.0,11.1,Sagar-Sandheads
2022-12-23,0.0,13.1,Sagar-Sandheads
2022-12-24,0.0,12.9,Sagar-Sandheads
2022-12-25,0.0,12.8,Sagar-Sandheads
2022-12-26,0.0,13.4,Sagar-Sandheads
2022-12-27,0.0,22.6,Sagar-Sandheads
2022-12-28,0.0,16.6,Sagar-Sandheads
2022-12-29,0.0,12.7,Sagar-Sandheads
2022-12-30,0.0,8.9,Sagar-Sandheads
2022-12-31,0.0,11.2,Sagar-Sandheads
2023-01-01,0.0,13.4,Sagar-Sandheads
2023-01-02,0.0,9.7,Sagar-Sandheads
2023-01-03,0.0,16.1,Sagar-Sandheads
2023-01-04,0.0,18.9,Sagar-Sandheads
2023-01-05,0.0,22.3,Sagar-Sandheads
2023-01-06,0.0,19.8,Sagar-Sandheads
2023-01-07,0.0,17.6,Sagar-Sandheads
2023-01-08,0.0,16.5,Sagar-Sandheads
2023-01-09,0.0,14.9,Sagar-Sandheads
2023-01-10,0.0,15.9,Sagar-Sandheads
2023-01-11,0.0,14.8,Sagar-Sandheads
2023-01-12,0.0,10.1,Sagar-Sandheads
2023-01-13,0.0,13.6,Sagar-Sandheads
2023-01-14,0.0,17.9,Sagar-Sandheads
2023-01-15,0.1,13.4,Sagar-Sandheads
2023-01-16,4.1,19.3,Sagar-Sandheads
2023-01-17,0.4,15.2,Sagar-Sandheads
2023-01-18,0.3,11.1,Sagar-Sandheads
2023-01-19,0.0,13.2,Sagar-Sandheads
2023-01-20,0.0,8.5,Sagar-Sandheads
2023-01-21,0.0,10.8,Sagar-Sandheads
2023-01-22,0.0,11.6,Sagar-Sandheads
2023-01-23,0.0,11.3,Sagar-Sandheads
2023-01-24,0.0,14.3,Sagar-Sandheads
2023-01-25,0.0,11.6,Sagar-Sandheads
2023-01-26,0.0,11.9,Sagar-Sandheads
2023-01-27,0.0,15.9,Sagar-Sandheads
2023-01-28,0.0,19.6,Sagar-Sandheads
2023-01-29,0.0,16.6,Sagar-Sandheads
2023-01-30,0.0,11.9,Sagar-Sandheads
2023-01-31,0.0,12.0,Sagar-Sandheads
2023-02-01,0.0,20.6,Sagar-Sandheads
2023-02-02,0.0,20.9,Sagar-Sandheads
2023-02-03,0.0,18.0,Sagar-Sandheads
2023-02-04,0.0,11.0,Sagar-Sandheads
2023-02-05,0.0,12.3,Sagar-Sandheads
2023-02-06,0.0,13.3,Sagar-Sandheads
2023-02-07,0.0,14.4,Sagar-Sandheads
2023-02-08,0.0,18.1,Sagar-Sandheads
2023-02-09,0.2,13.3,Sagar-Sandheads
2023-02-10,0.0,13.4,Sagar-Sandheads
2023-02-11,0.0,15.8,Sagar-Sandheads
2023-02-12,0.0,17.3,Sagar-Sandheads
2023-02-13,0.0,14.5,Sagar-Sandheads
2023-02-14,0.0,12.1,Sagar-Sandheads
2023-02-15,0.0,13.3,Sagar-Sandheads
2023-02-16,0.0,13.3,Sagar-Sandheads
2023-02-17,1.2,13.8,Sagar-Sandheads
2023-02-18,0.5,12.6,Sagar-Sandheads
2023-02-19,0.0,14.4,Sagar-Sandheads
2023-02-20,0.0,16.5,Sagar-Sandheads
2023-02-21,0.0,18.3,Sagar-Sandheads
2023-02-22,0.0,25.0,Sagar-Sandheads
2023-02-23,0.0,23.3,Sagar-Sandheads
2023-02-24,0.0,17.6,Sagar-Sandheads
2023-02-25,0.0,13.0,Sagar-Sandheads
2023-02-26,0.0,12.7,Sagar-Sandheads
2023-02-27,0.0,19.8,Sagar-Sandheads
2023-02-28,0.0,12.5,Sagar-Sandheads
2023-03-01,0.0,13.8,Sagar-Sandheads
2023-03-02,0.0,11.4,Sagar-Sandheads
2023-03-03,0.0,12.6,Sagar-Sandheads
2023-03-04,0.0,14.8,Sagar-Sandheads
2023-03-05,0.0,12.6,Sagar-Sandheads
2023-03-06,0.0,15.4,Sagar-Sandheads
2023-03-07,0.0,13.0,Sagar-Sandheads
2023-03-08,0.0,10.0,Sagar-Sandheads
2023-03-09,0.0,12.5,Sagar-Sandheads
2023-03-10,0.0,12.2,Sagar-Sandheads
2023-03-11,0.0,15.5,Sagar-Sandheads
2023-03-12,0.0,12.5,Sagar-Sandheads
2023-03-13,0.0,15.3,Sagar-Sandheads
2023-03-14,0.0,19.7,Sagar-Sandheads
2023-03-15,0.0,23.4,Sagar-Sandheads
2023-03-16,1.9,18.8,Sagar-Sandheads
2023-03-17,9.1,27.8,Sagar-Sandheads
2023-03-18,13.1,13.7,Sagar-Sandheads
2023-03-19,11.1,24.1,Sagar-Sandheads
2023-03-20,8.8,27.7,Sagar-Sandheads
2023-03-21,16.7,23.4,Sagar-Sandheads
2023-03-22,1.0,16.6,Sagar-Sandheads
2023-03-23,3.4,15.1,Sagar-Sandheads
2023-03-24,0.0,12.1,Sagar-Sandheads
2023-03-25,0.1,16.8,Sagar-Sandheads
2023-03-26,5.3,19.4,Sagar-Sandheads
2023-03-27,3.0,21.8,Sagar-Sandheads
2023-03-28,0.0,16.7,Sagar-Sandheads
2023-03-29,0.4,21.4,Sagar-Sandheads
2023-03-30,0.6,21.7,Sagar-Sandheads
2023-03-31,7.6,25.9,Sagar-Sandheads
2023-04-01,6.8,18.1,Sagar-Sandheads
2023-04-02,0.0,17.1,Sagar-Sandheads
2023-04-03,0.0,20.2,Sagar-Sandheads
2023-04-04,0.0,24.3,Sagar-Sandheads
2023-04-05,0.0,25.7,Sagar-Sandheads
2023-04-06,0.0,13.3,Sagar-Sandheads
2023-04-07,0.0,13.7,Sagar-Sandheads
2023-04-08,0.0,15.3,Sagar-Sandheads
2023-04-09,0.0,12.7,Sagar-Sandheads
2023-04-10,0.0,13.0,Sagar-Sandheads
2023-04-11,0.0,15.3,Sagar-Sandheads
2023-04-12,0.0,14.8,Sagar-Sandheads
2023-04-13,0.0,21.1,Sagar-Sandheads
2023-04-14,0.0,19.6,Sagar-Sandheads
2023-04-15,0.0,14.4,Sagar-Sandheads
2023-04-16,0.0,14.2,Sagar-Sandheads
2023-04-17,0.0,18.4,Sagar-Sandheads
2023-04-18,0.0,17.9,Sagar-Sandheads
2023-04-19,0.0,19.6,Sagar-Sandheads
2023-04-20,0.0,19.1,Sagar-Sandheads
2023-04-21,0.0,27.0,Sagar-Sandheads
2023-04-22,0.0,19.5,Sagar-Sandheads
2023-04-23,6.2,22.6,Sagar-Sandheads
2023-04-24,7.1,16.3,Sagar-Sandheads
2023-04-25,3.1,11.2,Sagar-Sandheads
2023-04-26,0.3,12.2,Sagar-Sandheads
2023-04-27,11.1,23.4,Sagar-Sandheads
2023-04-28,0.0,20.1,Sagar-Sandheads
2023-04-29,0.0,18.1,Sagar-Sandheads
2023-04-30,0.0,23.5,Sagar-Sandheads
2023-05-01,0.0,14.0,Sagar-Sandheads
2023-05-02,0.0,17.3,Sagar-Sandheads
2023-05-03,6.2,22.5,Sagar-Sandheads
2023-05-04,6.8,18.5,Sagar-Sandheads
2023-05-05,5.1,19.7,Sagar-Sandheads
2023-05-06,0.0,19.1,Sagar-Sandheads
2023-05-07,0.0,18.2,Sagar-Sandheads
2023-05-08,0.0,17.1,Sagar-Sandheads
2023-05-09,0.0,19.5,Sagar-Sandheads
2023-05-10,0.0,24.2,Sagar-Sandheads
2023-05-11,0.0,21.7,Sagar-Sandheads
2023-05-12,0.2,21.1,Sagar-Sandheads
2023-05-13,0.2,22.6,Sagar-Sandheads
2023-05-14,0.0,29.6,Sagar-Sandheads
2023-05-15,0.2,26.1,Sagar-Sandheads
2023-05-16,0.1,28.6,Sagar-Sandheads
2023-05-17,8.9,30.6,Sagar-Sandheads
2023-05-18,2.4,31.2,Sagar-Sandheads
2023-05-19,10.1,28.9,Sagar-Sandheads
2023-05-20,0.0,26.3,Sagar-Sandheads
2023-05-21,0.0,30.4,Sagar-Sandheads
2023-05-22,0.0,28.4,Sagar-Sandheads
2023-05-23,0.0,24.7,Sagar-Sandheads
2023-05-24,6.4,26.4,Sagar-Sandheads
2023-05-25,2.7,32.6,Sagar-Sandheads
2023-05-26,7.1,26.0,Sagar-Sandheads
2023-05-27,3.3,25.9,Sagar-Sandheads
2023-05-28,2.2,17.3,Sagar-Sandheads
2023-05-29,1.4,13.9,Sagar-Sandheads
2023-05-30,0.1,20.5,Sagar-Sandheads
2023-05-31,4.1,18.9,Sagar-Sandheads
2023-06-01,0.3,20.8,Sagar-Sandheads
2023-06-02,0.0,20.8,Sagar-Sandheads
2023-06-03,0.4,23.3,Sagar-Sandheads
2023-06-04,0.3,22.9,Sagar-Sandheads
2023-06-05,0.0,19.4,Sagar-Sandheads
2023-06-06,0.7,22.8,Sagar-Sandheads
2023-06-07,0.1,22.6,Sagar-Sandheads
2023-06-08,0.0,25.0,Sagar-Sandheads
2023-06-09,20.0,27.9,Sagar-Sandheads
2023-06-10,0.1,25.8,Sagar-Sandheads
2023-06-11,0.0,25.7,Sagar-Sandheads
2023-06-12,0.3,20.0,Sagar-Sandheads
2023-06-13,0.0,28.5,Sagar-Sandheads
2023-06-14,0.0,32.4,Sagar-Sandheads
2023-06-15,0.0,22.2,Sagar-Sandheads
2023-06-16,0.0,30.4,Sagar-Sandheads
2023-06-17,0.0,30.3,Sagar-Sandheads
2023-06-18,0.3,31.9,Sagar-Sandheads
2023-06-19,23.7,26.4,Sagar-Sandheads
2023-06-20,0.7,25.5,Sagar-Sandheads
2023-06-21,12.5,24.0,Sagar-Sandheads
2023-06-22,3.1,19.1,Sagar-Sandheads
2023-06-23,25.2,11.7,Sagar-Sandheads
2023-06-24,55.6,23.1,Sagar-Sandheads
2023-06-25,17.1,26.2,Sagar-Sandheads
2023-06-26,19.3,22.2,Sagar-Sandheads
2023-06-27,22.5,26.9,Sagar-Sandheads
2023-06-28,21.3,33.2,Sagar-Sandheads
2023-06-29,51.5,31.1,Sagar-Sandheads
2023-06-30,2.0,29.6,Sagar-Sandheads
2023-07-01,10.3,26.7,Sagar-Sandheads
2023-07-02,8.9,19.3,Sagar-Sandheads
2023-07-03,1.3,21.7,Sagar-Sandheads
2023-07-04,2.2,19.5,Sagar-Sandheads
2023-07-05,9.4,17.8,Sagar-Sandheads
2023-07-06,9.6,26.1,Sagar-Sandheads
2023-07-07,19.8,27.3,Sagar-Sandheads
2023-07-08,22.5,22.1,Sagar-Sandheads
2023-07-09,6.4,22.1,Sagar-Sandheads
2023-07-10,2.0,22.7,Sagar-Sandheads
2023-07-11,3.1,25.1,Sagar-Sandheads
2023-07-12,1.3,24.2,Sagar-Sandheads
2023-07-13,2.7,21.1,Sagar-Sandheads
2023-07-14,55.0,23.6,Sagar-Sandheads
2023-07-15,32.6,20.1,Sagar-Sandheads
2023-07-16,16.8,22.9,Sagar-Sandheads
2023-07-17,6.6,16.8,Sagar-Sandheads
2023-07-18,3.5,22.7,Sagar-Sandheads
2023-07-19,4.3,23.7,Sagar-Sandheads
2023-07-20,3.0,27.5,Sagar-Sandheads
2023-07-21,17.0,25.3,Sagar-Sandheads
2023-07-22,17.7,27.4,Sagar-Sandheads
2023-07-23,6.7,23.7,Sagar-Sandheads
2023-07-24,0.7,22.9,Sagar-Sandheads
2023-07-25,3.2,30.7,Sagar-Sandheads
2023-07-26,4.5,27.8,Sagar-Sandheads
2023-07-27,5.4,28.8,Sagar-Sandheads
2023-07-28,7.2,28.2,Sagar-Sandheads
2023-07-29,12.8,15.9,Sagar-Sandheads
2023-07-30,11.9,20.8,Sagar-Sandheads
2023-07-31,23.0,25.2,Sagar-Sandheads
2023-08-01,82.7,28.6,Sagar-Sandheads
2023-08-02,42.3,45.9,Sagar-Sandheads
2023-08-03,8.6,40.0,Sagar-Sandheads
2023-08-04,2.7,28.0,Sagar-Sandheads
2023-08-05,0.8,31.8,Sagar-Sandheads
2023-08-06,8.0,33.9,Sagar-Sandheads
2023-08-07,5.7,31.9,Sagar-Sandheads
2023-08-08,3.6,22.1,Sagar-Sandheads
2023-08-09,0.3,21.1,Sagar-Sandheads
2023-08-10,0.0,15.1,Sagar-Sandheads
2023-08-11,0.3,18.7,Sagar-Sandheads
2023-08-12,11.7,23.6,Sagar-Sandheads
2023-08-13,15.9,13.8,Sagar-Sandheads
2023-08-14,1.4,16.1,Sagar-Sandheads
2023-08-15,4.0,19.9,Sagar-Sandheads
2023-08-16,15.1,12.3,Sagar-Sandheads
2023-08-17,9.0,17.7,Sagar-Sandheads
2023-08-18,3.5,36.3,Sagar-Sandheads
2023-08-19,6.7,26.7,Sagar-Sandheads
2023-08-20,2.4,23.2,Sagar-Sandheads
2023-08-21,2.3,23.5,Sagar-Sandheads
2023-08-22,6.2,24.2,Sagar-Sandheads
2023-08-23,19.7,22.9,Sagar-Sandheads
2023-08-24,3.0,24.8,Sagar-Sandheads
2023-08-25,6.6,25.8,Sagar-Sandheads
2023-08-26,22.9,29.1,Sagar-Sandheads
2023-08-27,10.6,23.5,Sagar-Sandheads
2023-08-28,3.2,16.2,Sagar-Sandheads
2023-08-29,0.1,9.7,Sagar-Sandheads
2023-08-30,0.1,18.5,Sagar-Sandheads
2023-08-31,1.2,10.9,Sagar-Sandheads
2023-09-01,10.5,17.7,Sagar-Sandheads
2023-09-02,0.7,22.6,Sagar-Sandheads
2023-09-03,3.1,17.3,Sagar-Sandheads
2023-09-04,2.7,18.8,Sagar-Sandheads
2023-09-05,18.0,25.6,Sagar-Sandheads
2023-09-06,7.3,20.8,Sagar-Sandheads
2023-09-07,13.9,17.4,Sagar-Sandheads
2023-09-08,10.6,27.7,Sagar-Sandheads
2023-09-09,17.9,20.8,Sagar-Sandheads
2023-09-10,0.3,19.4,Sagar-Sandheads
2023-09-11,0.7,19.4,Sagar-Sandheads
2023-09-12,6.4,16.1,Sagar-Sandheads
2023-09-13,16.6,24.9,Sagar-Sandheads
2023-09-14,15.5,33.9,Sagar-Sandheads
2023-09-15,22.2,25.3,Sagar-Sandheads
2023-09-16,4.1,15.6,Sagar-Sandheads
2023-09-17,2.3,10.9,Sagar-Sandheads
2023-09-18,11.3,10.7,Sagar-Sandheads
2023-09-19,3.5,16.6,Sagar-Sandheads
2023-09-20,13.3,31.0,Sagar-Sandheads
2023-09-21,7.1,28.5,Sagar-Sandheads
2023-09-22,27.2,29.2,Sagar-Sandheads
2023-09-23,4.4,27.4,Sagar-Sandheads
2023-09-24,11.8,29.8,Sagar-Sandheads
2023-09-25,8.7,19.9,Sagar-Sandheads
2023-09-26,0.3,14.5,Sagar-Sandheads
2023-09-27,0.5,11.9,Sagar-Sandheads
2023-09-28,11.0,9.6,Sagar-Sandheads
2023-09-29,21.0,16.6,Sagar-Sandheads
2023-09-30,53.7,27.9,Sagar-Sandheads
2023-10-01,13.3,23.2,Sagar-Sandheads
2023-10-02,33.0,23.8,Sagar-Sandheads
2023-10-03,48.2,27.8,Sagar-Sandheads
2023-10-04,38.4,26.7,Sagar-Sandheads
2023-10-05,14.4,26.7,Sagar-Sandheads
2023-10-06,19.7,24.6,Sagar-Sandheads
2023-10-07,0.2,10.2,Sagar-Sandheads
2023-10-08,7.8,16.1,Sagar-Sandheads
2023-10-09,0.9,17.4,Sagar-Sandheads
2023-10-10,0.0,9.5,Sagar-Sandheads
2023-10-11,0.0,9.8,Sagar-Sandheads
2023-10-12,0.0,11.7,Sagar-Sandheads
2023-10-13,0.0,11.0,Sagar-Sandheads
2023-10-14,0.5,16.6,Sagar-Sandheads
2023-10-15,0.0,10.9,Sagar-Sandheads
2023-10-16,0.0,12.8,Sagar-Sandheads
2023-10-17,0.5,9.6,Sagar-Sandheads
2023-10-18,0.3,11.2,Sagar-Sandheads
2023-10-19,0.0,14.3,Sagar-Sandheads
2023-10-20,0.0,15.5,Sagar-Sandheads
2023-10-21,0.0,17.2,Sagar-Sandheads
2023-10-22,0.0,17.1,Sagar-Sandheads
2023-10-23,9.4,20.8,Sagar-Sandheads
2023-10-24,18.5,28.8,Sagar-Sandheads
2023-10-25,0.1,14.0,Sagar-Sandheads
2023-10-26,0.0,12.9,Sagar-Sandheads
2023-10-27,0.1,14.1,Sagar-Sandheads
2023-10-28,0.4,10.2,Sagar-Sandheads
2023-10-29,0.0,13.4,Sagar-Sandheads
2023-10-30,0.0,9.7,Sagar-Sandheads
2023-10-31,0.0,11.6,Sagar-Sandheads
2023-11-01,0.1,8.4,Sagar-Sandheads
2023-11-02,0.0,9.7,Sagar-Sandheads
2023-11-03,0.2,11.9,Sagar-Sandheads
2023-11-04,6.6,13.3,Sagar-Sandheads
2023-11-05,0.2,12.6,Sagar-Sandheads
2023-11-06,0.0,14.9,Sagar-Sandheads
2023-11-07,0.0,11.5,Sagar-Sandheads
2023-11-08,0.0,13.0,Sagar-Sandheads
2023-11-09,0.0,13.7,Sagar-Sandheads
2023-11-10,0.0,17.7,Sagar-Sandheads
2023-11-11,0.0,11.5,Sagar-Sandheads
2023-11-12,0.0,16.9,Sagar-Sandheads
2023-11-13,0.0,17.0,Sagar-Sandheads
2023-11-14,0.0,15.2,Sagar-Sandheads
2023-11-15,0.0,18.5,Sagar-Sandheads
2023-11-16,13.8,25.5,Sagar-Sandheads
2023-11-17,17.7,35.0,Sagar-Sandheads
2023-11-18,0.0,14.1,Sagar-Sandheads
2023-11-19,0.0,15.5,Sagar-Sandheads
2023-11-20,0.1,14.6,Sagar-Sandheads
2023-11-21,0.2,10.8,Sagar-Sandheads
2023-11-22,0.0,10.7,Sagar-Sandheads
2023-11-23,0.0,12.7,Sagar-Sandheads
2023-11-24,0.0,12.2,Sagar-Sandheads
2023-11-25,0.0,16.5,Sagar-Sandheads
2023-11-26,0.0,16.0,Sagar-Sandheads
2023-11-27,0.0,8.7,Sagar-Sandheads
2023-11-28,0.0,9.1,Sagar-Sandheads
2023-11-29,0.0,11.2,Sagar-Sandheads
2023-11-30,0.0,11.9,Sagar-Sandheads
2023-12-01,0.0,16.6,Sagar-Sandheads
2023-12-02,0.0,15.9,Sagar-Sandheads
2023-12-03,0.0,15.0,Sagar-Sandheads
2023-12-04,0.0,15.1,Sagar-Sandheads
2023-12-05,0.0,16.8,Sagar-Sandheads
2023-12-06,0.0,21.7,Sagar-Sandheads
2023-12-07,11.5,20.2,Sagar-Sandheads
2023-12-08,0.1,21.8,Sagar-Sandheads
2023-12-09,0.0,16.2,Sagar-Sandheads
2023-12-10,0.0,13.4,Sagar-Sandheads
2023-12-11,0.0,17.4,Sagar-Sandheads
2023-12-12,0.0,13.8,Sagar-Sandheads
2023-12-13,0.0,10.9,Sagar-Sandheads
2023-12-14,0.0,11.2,Sagar-Sandheads
2023-12-15,0.0,15.2,Sagar-Sandheads
2023-12-16,0.0,14.4,Sagar-Sandheads
2023-12-17,0.0,14.0,Sagar-Sandheads
2023-12-18,0.0,13.7,Sagar-Sandheads
2023-12-19,0.0,15.2,Sagar-Sandheads
2023-12-20,0.0,15.0,Sagar-Sandheads
2023-12-21,0.0,14.1,Sagar-Sandheads
2023-12-22,0.0,13.7,Sagar-Sandheads
2023-12-23,0.0,10.4,Sagar-Sandheads
2023-12-24,0.0,9.7,Sagar-Sandheads
2023-12-25,0.0,13.6,Sagar-Sandheads
2023-12-26,0.0,11.2,Sagar-Sandheads
2023-12-27,0.0,10.0,Sagar-Sandheads
2023-12-28,0.0,12.2,Sagar-Sandheads
2023-12-29,0.0,15.5,Sagar-Sandheads
2023-12-30,0.0,15.2,Sagar-Sandheads
2023-12-31,0.0,16.4,Sagar-Sandheads
2021-01-01,0.0,13.0,Haldia
2021-01-02,0.0,11.2,Haldia
2021-01-03,0.0,10.5,Haldia
2021-01-04,0.0,9.9,Haldia
2021-01-05,0.0,9.6,Haldia
2021-01-06,0.0,8.8,Haldia
2021-01-07,0.0,9.0,Haldia
2021-01-08,0.0,11.7,Haldia
2021-01-09,0.0,8.7,Haldia
2021-01-10,0.0,13.4,Haldia
2021-01-11,0.0,8.3,Haldia
2021-01-12,0.0,13.4,Haldia
2021-01-13,0.1,14.7,Haldia
2021-01-14,0.0,14.2,Haldia
2021-01-15,0.0,10.2,Haldia
2021-01-16,0.2,11.6,Haldia
2021-01-17,0.0,11.8,Haldia
2021-01-18,0.0,8.7,Haldia
2021-01-19,0.0,23.7,Haldia
2021-01-20,0.2,20.4,Haldia
2021-01-21,0.0,15.5,Haldia
2021-01-22,0.0,9.8,Haldia
2021-01-23,0.0,11.1,Haldia
2021-01-24,0.0,12.6,Haldia
2021-01-25,0.7,8.6,Haldia
2021-01-26,0.0,14.1,Haldia
2021-01-27,0.0,13.1,Haldia
2021-01-28,0.0,14.4,Haldia
2021-01-29,0.0,11.9,Haldia
2021-01-30,0.0,14.0,Haldia
2021-01-31,0.0,14.0,Haldia
2021-02-01,0.0,13.5,Haldia
2021-02-02,0.0,14.4,Haldia
2021-02-03,0.0,13.0,Haldia
2021-02-04,0.0,9.7,Haldia
2021-02-05,0.0,9.4,Haldia
2021-02-06,0.0,10.1,Haldia
2021-02-07,0.0,17.6,Haldia
2021-02-08,0.0,13.8,Haldia
2021-02-09,0.0,10.7,Haldia
2021-02-10,0.0,15.0,Haldia
2021-02-11,0.0,11.3,Haldia
2021-02-12,0.0,15.0,Haldia
2021-02-13,0.1,14.8,Haldia
2021-02-14,0.0,17.8,Haldia
2021-02-15,0.0,15.3,Haldia
2021-02-16,0.0,13.8,Haldia
2021-02-17,0.0,13.4,Haldia
2021-02-18,0.0,8.9,Haldia
2021-02-19,0.0,12.0,Haldia
2021-02-20,0.0,13.4,Haldia
2021-02-21,0.0,12.1,Haldia
2021-02-22,0.0,16.2,Haldia
2021-02-23,0.0,19.8,Haldia
2021-02-24,0.0,9.4,Haldia
2021-02-25,0.0,17.9,Haldia
2021-02-26,0.0,16.2,Haldia
2021-02-27,0.0,15.5,Haldia
2021-02-28,0.0,17.7,Haldia
2021-03-01,0.0,16.4,Haldia
2021-03-02,0.0,21.3,Haldia
2021-03-03,0.0,14.6,Haldia
2021-03-04,0.0,15.5,Haldia
2021-03-05,0.0,23.5,Haldia
2021-03-06,0.0,20.8,Haldia
2021-03-07,0.0,15.4,Haldia
2021-03-08,0.0,21.0,Haldia
2021-03-09,0.0,22.2,Haldia
2021-03-10,0.0,21.8,Haldia
2021-03-11,1.1,16.2,Haldia
2021-03-12,0.0,12.2,Haldia
2021-03-13,11.2,19.0,Haldia
2021-03-14,0.0,17.3,Haldia
2021-03-15,0.0,15.5,Haldia
2021-03-16,0.0,10.0,Haldia
2021-03-17,0.0,18.3,Haldia
2021-03-18,0.0,20.2,Haldia
2021-03-19,0.0,13.4,Haldia
2021-03-20,0.0,13.6,Haldia
2021-03-21,0.0,11.1,Haldia
2021-03-22,0.0,7.8,Haldia
2021-03-23,0.0,13.8,Haldia
2021-03-24,0.1,12.3,Haldia
2021-03-25,0.0,14.5,Haldia
2021-03-26,0.0,16.2,Haldia
2021-03-27,0.5,13.9,Haldia
2021-03-28,0.0,19.1,Haldia
2021-03-29,0.0,20.2,Haldia
2021-03-30,0.0,30.3,Haldia
2021-03-31,0.0,25.8,Haldia
2021-04-01,0.0,22.6,Haldia
2021-04-02,0.1,20.4,Haldia
2021-04-03,0.0,17.0,Haldia
2021-04-04,0.8,16.3,Haldia
2021-04-05,0.0,19.4,Haldia
2021-04-06,0.0,21.3,Haldia
2021-04-07,0.0,27.0,Haldia
2021-04-08,0.0,26.4,Haldia
2021-04-09,9.3,23.6,Haldia
2021-04-10,2.5,15.5,Haldia
2021-04-11,0.0,20.4,Haldia
2021-04-12,5.2,15.3,Haldia
2021-04-13,0.0,18.1,Haldia
2021-04-14,0.0,21.0,Haldia
2021-04-15,0.0,21.5,Haldia
2021-04-16,0.1,17.7,Haldia
2021-04-17,0.0,19.6,Haldia
2021-04-18,0.1,25.4,Haldia
2021-04-19,4.8,20.5,Haldia
2021-04-20,0.0,24.5,Haldia
2021-04-21,0.0,24.4,Haldia
2021-04-22,18.2,20.9,Haldia
2021-04-23,0.0,18.6,Haldia
2021-04-24,0.0,20.0,Haldia
2021-04-25,0.0,20.5,Haldia
2021-04-26,0.0,24.3,Haldia
2021-04-27,0.0,22.9,Haldia
2021-04-28,0.0,21.2,Haldia
2021-04-29,0.0,19.2,Haldia
2021-04-30,0.0,20.6,Haldia
2021-05-01,0.4,19.5,Haldia
2021-05-02,0.0,22.1,Haldia
2021-05-03,3.5,17.1,Haldia
2021-05-04,15.3,15.0,Haldia
2021-05-05,4.6,18.2,Haldia
2021-05-06,0.0,18.1,Haldia
2021-05-07,0.0,20.5,Haldia
2021-05-08,1.6,17.1,Haldia
2021-05-09,0.1,19.7,Haldia
2021-05-10,8.7,20.1,Haldia
2021-05-11,6.5,25.1,Haldia
2021-05-12,0.6,14.8,Haldia
2021-05-13,22.1,16.9,Haldia
2021-05-14,0.5,16.6,Haldia
2021-05-15,0.0,24.3,Haldia
2021-05-16,0.0,21.5,Haldia
2021-05-17,0.0,23.0,Haldia
2021-05-18,0.0,25.5,Haldia
2021-05-19,0.0,25.6,Haldia
2021-05-20,0.0,27.4,Haldia
2021-05-21,0.9,23.4,Haldia
2021-05-22,0.5,19.4,Haldia
2021-05-23,2.1,12.6,Haldia
2021-05-24,20.0,19.0,Haldia
2021-05-25,21.6,39.5,Haldia
2021-05-26,34.3,48.1,Haldia
2021-05-27,22.6,37.3,Haldia
2021-05-28,0.6,27.6,Haldia
2021-05-29,0.6,21.3,Haldia
2021-05-30,4.5,24.5,Haldia
2021-05-31,0.9,27.6,Haldia
2021-06-01,0.0,23.0,Haldia
2021-06-02,6.5,19.9,Haldia
2021-06-03,2.7,18.3,Haldia
2021-06-04,0.3,20.0,Haldia
2021-06-05,1.9,21.7,Haldia
2021-06-06,17.1,22.0,Haldia
2021-06-07,9.6,22.8,Haldia
2021-06-08,0.1,21.4,Haldia
2021-06-09,10.7,18.4,Haldia
2021-06-10,12.0,13.5,Haldia
2021-06-11,5.2,10.3,Haldia
2021-06-12,10.9,12.0,Haldia
2021-06-13,11.3,14.1,Haldia
2021-06-14,10.5,20.3,Haldia
2021-06-15,22.6,24.9,Haldia
2021-06-16,26.6,21.0,Haldia
2021-06-17,15.9,20.3,Haldia
2021-06-18,39.3,17.6,Haldia
2021-06-19,12.5,23.5,Haldia
2021-06-20,2.6,15.2,Haldia
2021-06-21,6.3,10.9,Haldia
2021-06-22,8.4,19.9,Haldia
2021-06-23,6.9,25.4,Haldia
2021-06-24,1.7,23.0,Haldia
2021-06-25,0.4,21.5,Haldia
2021-06-26,1.5,21.2,Haldia
2021-06-27,5.0,25.2,Haldia
2021-06-28,2.2,25.7,Haldia
2021-06-29,0.3,25.7,Haldia
2021-06-30,0.0,27.7,Haldia
2021-07-01,6.3,29.0,Haldia
2021-07-02,14.5,20.6,Haldia
2021-07-03,4.3,19.6,Haldia
2021-07-04,12.3,15.3,Haldia
2021-07-05,6.0,18.9,Haldia
2021-07-06,8.5,18.2,Haldia
2021-07-07,13.9,17.1,Haldia
2021-07-08,23.4,16.8,Haldia
2021-07-09,6.7,15.3,Haldia
2021-07-10,7.3,13.6,Haldia
2021-07-11,2.8,20.2,Haldia
2021-07-12,6.2,17.4,Haldia
2021-07-13,6.9,22.6,Haldia
2021-07-14,4.8,22.4,Haldia
2021-07-15,1.3,20.2,Haldia
2021-07-16,1.8,16.8,Haldia
2021-07-17,3.9,20.4,Haldia
2021-07-18,1.2,23.8,Haldia
2021-07-19,5.6,19.2,Haldia
2021-07-20,5.4,15.1,Haldia
2021-07-21,5.3,10.5,Haldia
2021-07-22,17.3,19.7,Haldia
2021-07-23,34.9,23.8,Haldia
2021-07-24,12.5,22.5,Haldia
2021-07-25,17.4,14.6,Haldia
2021-07-26,8.6,18.6,Haldia
2021-07-27,14.1,22.9,Haldia
2021-07-28,61.8,21.8,Haldia
2021-07-29,65.3,26.2,Haldia
2021-07-30,27.1,30.8,Haldia
2021-07-31,0.8,22.9,Haldia
2021-08-01,1.3,18.8,Haldia
2021-08-02,11.0,15.3,Haldia
2021-08-03,32.2,12.7,Haldia
2021-08-04,35.6,18.5,Haldia
2021-08-05,13.1,12.6,Haldia
2021-08-06,9.4,17.7,Haldia
2021-08-07,20.0,17.9,Haldia
2021-08-08,15.4,23.2,Haldia
2021-08-09,8.4,20.3,Haldia
2021-08-10,6.6,20.8,Haldia
2021-08-11,1.4,20.0,Haldia
2021-08-12,7.1,18.2,Haldia
2021-08-13,10.6,13.5,Haldia
2021-08-14,1.9,16.8,Haldia
2021-08-15,1.5,12.9,Haldia
2021-08-16,9.7,14.8,Haldia
2021-08-17,23.4,22.7,Haldia
2021-08-18,26.6,26.1,Haldia
2021-08-19,11.3,24.7,Haldia
2021-08-20,9.4,23.5,Haldia
2021-08-21,8.2,18.2,Haldia
2021-08-22,0.9,21.6,Haldia
2021-08-23,4.3,21.0,Haldia
2021-08-24,10.8,14.6,Haldia
2021-08-25,6.7,16.2,Haldia
2021-08-26,22.5,11.2,Haldia
2021-08-27,24.6,16.4,Haldia
2021-08-28,4.8,17.3,Haldia
2021-08-29,10.2,19.7,Haldia
2021-08-30,12.9,16.1,Haldia
2021-08-31,3.8,16.7,Haldia
2021-09-01,0.6,15.3,Haldia
2021-09-02,1.5,11.5,Haldia
2021-09-03,0.7,12.5,Haldia
2021-09-04,1.7,13.8,Haldia
2021-09-05,4.0,16.4,Haldia
2021-09-06,16.4,25.1,Haldia
2021-09-07,25.5,22.9,Haldia
2021-09-08,12.4,13.8,Haldia
2021-09-09,14.0,11.6,Haldia
2021-09-10,11.4,13.1,Haldia
2021-09-11,13.6,34.3,Haldia
2021-09-12,25.4,32.4,Haldia
2021-09-13,35.1,33.3,Haldia
2021-09-14,41.7,28.1,Haldia
2021-09-15,13.8,19.4,Haldia
2021-09-16,5.1,14.8,Haldia
2021-09-17,2.2,13.4,Haldia
2021-09-18,7.7,13.5,Haldia
2021-09-19,35.2,10.5,Haldia
2021-09-20,50.6,17.9,Haldia
2021-09-21,54.3,22.6,Haldia
2021-09-22,19.7,17.8,Haldia
2021-09-23,11.6,17.0,Haldia
2021-09-24,0.8,12.9,Haldia
2021-09-25,7.0,13.6,Haldia
2021-09-26,6.4,21.8,Haldia
2021-09-27,14.1,16.6,Haldia
2021-09-28,52.1,24.0,Haldia
2021-09-29,35.4,28.4,Haldia
2021-09-30,4.3,14.5,Haldia
2021-10-01,0.6,15.9,Haldia
2021-10-02,0.1,20.0,Haldia
2021-10-03,11.0,19.7,Haldia
2021-10-04,4.1,16.7,Haldia
2021-10-05,11.8,14.9,Haldia
2021-10-06,4.7,12.0,Haldia
2021-10-07,2.9,9.4,Haldia
2021-10-08,1.1,7.6,Haldia
2021-10-09,1.0,8.5,Haldia
2021-10-10,0.8,6.9,Haldia
2021-10-11,0.9,9.5,Haldia
2021-10-12,0.0,9.1,Haldia
2021-10-13,5.0,14.5,Haldia
2021-10-14,1.8,14.0,Haldia
2021-10-15,1.2,11.5,Haldia
2021-10-16,10.9,14.2,Haldia
2021-10-17,23.7,23.1,Haldia
2021-10-18,69.9,23.3,Haldia
2021-10-19,52.3,23.4,Haldia
2021-10-20,30.4,16.4,Haldia
2021-10-21,0.0,9.0,Haldia
2021-10-22,0.0,9.1,Haldia
2021-10-23,0.0,8.4,Haldia
2021-10-24,0.3,7.6,Haldia
2021-10-25,0.9,12.1,Haldia
2021-10-26,0.2,10.2,Haldia
2021-10-27,8.3,15.8,Haldia
2021-10-28,2.1,19.8,Haldia
2021-10-29,0.7,9.4,Haldia
2021-10-30,0.0,14.1,Haldia
2021-10-31,0.0,11.2,Haldia
2021-11-01,0.0,9.1,Haldia
2021-11-02,0.0,13.7,Haldia
2021-11-03,0.0,13.0,Haldia
2021-11-04,0.0,8.2,Haldia
2021-11-05,0.0,12.1,Haldia
2021-11-06,0.0,11.9,Haldia
2021-11-07,0.0,13.7,Haldia
2021-11-08,0.0,12.1,Haldia
2021-11-09,0.0,10.8,Haldia
2021-11-10,0.0,9.3,Haldia
2021-11-11,0.0,9.8,Haldia
2021-11-12,0.0,9.5,Haldia
2021-11-13,6.1,13.6,Haldia
2021-11-14,1.0,11.8,Haldia
2021-11-15,9.0,13.3,Haldia
2021-11-16,0.0,15.5,Haldia
2021-11-17,0.0,14.7,Haldia
2021-11-18,0.0,10.9,Haldia
2021-11-19,0.0,8.8,Haldia
2021-11-20,0.0,6.8,Haldia
2021-11-21,0.0,6.5,Haldia
2021-11-22,0.0,10.0,Haldia
2021-11-23,2.4,14.6,Haldia
2021-11-24,0.0,10.0,Haldia
2021-11-25,0.0,9.7,Haldia
2021-11-26,0.1,8.8,Haldia
2021-11-27,0.0,10.5,Haldia
2021-11-28,0.0,11.2,Haldia
2021-11-29,0.0,12.3,Haldia
2021-11-30,0.0,13.8,Haldia
2021-12-01,0.0,11.3,Haldia
2021-12-02,0.0,10.1,Haldia
2021-12-03,0.0,9.1,Haldia
2021-12-04,58.1,16.9,Haldia
2021-12-05,35.0,20.1,Haldia
2021-12-06,56.4,23.1,Haldia
2021-12-07,0.0,15.9,Haldia
2021-12-08,0.0,11.9,Haldia
2021-12-09,0.3,11.9,Haldia
2021-12-10,0.0,9.3,Haldia
2021-12-11,0.0,9.9,Haldia
2021-12-12,0.0,15.0,Haldia
2021-12-13,0.0,11.3,Haldia
2021-12-14,0.0,11.5,Haldia
2021-12-15,0.0,10.3,Haldia
2021-12-16,0.0,11.8,Haldia
2021-12-17,0.0,10.6,Haldia
2021-12-18,0.0,14.6,Haldia
2021-12-19,0.0,16.3,Haldia
2021-12-20,0.0,13.0,Haldia
2021-12-21,0.0,9.8,Haldia
2021-12-22,0.0,10.7,Haldia
2021-12-23,0.0,9.0,Haldia
2021-12-24,0.0,9.6,Haldia
2021-12-25,0.0,10.3,Haldia
2021-12-26,0.0,9.1,Haldia
2021-12-27,0.2,7.8,Haldia
2021-12-28,0.0,8.1,Haldia
2021-12-29,0.0,10.6,Haldia
2021-12-30,1.4,14.3,Haldia
2021-12-31,0.0,19.6,Haldia
2022-01-01,0.0,15.1,Haldia
2022-01-02,0.0,13.1,Haldia
2022-01-03,0.0,13.4,Haldia
2022-01-04,0.0,12.6,Haldia
2022-01-05,0.0,10.8,Haldia
2022-01-06,0.0,9.1,Haldia
2022-01-07,0.0,8.7,Haldia
2022-01-08,0.0,9.2,Haldia
2022-01-09,0.0,10.0,Haldia
2022-01-10,0.0,9.7,Haldia
2022-01-11,1.9,24.5,Haldia
2022-01-12,11.3,11.4,Haldia
2022-01-13,0.0,11.9,Haldia
2022-01-14,5.2,14.7,Haldia
2022-01-15,0.4,14.8,Haldia
2022-01-16,0.0,16.6,Haldia
2022-01-17,0.0,12.4,Haldia
2022-01-18,0.0,13.0,Haldia
2022-01-19,0.0,13.6,Haldia
2022-01-20,0.0,11.0,Haldia
2022-01-21,0.1,11.2,Haldia
2022-01-22,0.8,8.6,Haldia
2022-01-23,2.2,12.1,Haldia
2022-01-24,6.8,14.2,Haldia
2022-01-25,0.0,10.5,Haldia
2022-01-26,1.1,13.6,Haldia
2022-01-27,0.0,15.1,Haldia
2022-01-28,0.0,14.5,Haldia
2022-01-29,0.0,15.3,Haldia
2022-01-30,0.0,11.9,Haldia
2022-01-31,0.0,17.3,Haldia
2022-02-01,0.0,11.9,Haldia
2022-02-02,0.0,13.5,Haldia
2022-02-03,0.0,22.4,Haldia
2022-02-04,5.6,30.6,Haldia
2022-02-05,0.0,17.1,Haldia
2022-02-06,0.0,8.5,Haldia
2022-02-07,0.0,13.7,Haldia
2022-02-08,1.1,13.3,Haldia
2022-02-09,0.0,15.5,Haldia
2022-02-10,0.7,11.8,Haldia
2022-02-11,0.4,17.3,Haldia
2022-02-12,0.0,14.2,Haldia
2022-02-13,0.0,15.2,Haldia
2022-02-14,0.0,12.6,Haldia
2022-02-15,0.0,13.3,Haldia
2022-02-16,0.0,8.8,Haldia
2022-02-17,0.0,10.1,Haldia
2022-02-18,0.0,12.2,Haldia
2022-02-19,0.0,9.7,Haldia
2022-02-20,2.9,23.3,Haldia
2022-02-21,0.0,19.5,Haldia
2022-02-22,0.1,15.9,Haldia
2022-02-23,0.0,14.8,Haldia
2022-02-24,0.0,19.2,Haldia
2022-02-25,0.0,20.1,Haldia
2022-02-26,0.8,9.0,Haldia
2022-02-27,0.0,15.6,Haldia
2022-02-28,0.5,15.3,Haldia
2022-03-01,0.2,16.4,Haldia
2022-03-02,0.0,9.7,Haldia
2022-03-03,0.0,9.4,Haldia
2022-03-04,0.0,11.0,Haldia
2022-03-05,0.0,18.8,Haldia
2022-03-06,0.0,12.0,Haldia
2022-03-07,0.0,14.7,Haldia
2022-03-08,0.0,13.8,Haldia
2022-03-09,0.0,9.5,Haldia
2022-03-10,0.0,9.4,Haldia
2022-03-11,0.0,15.1,Haldia
2022-03-12,0.0,13.9,Haldia
2022-03-13,0.0,13.1,Haldia
2022-03-14,0.0,12.1,Haldia
2022-03-15,0.0,16.9,Haldia
2022-03-16,0.0,21.1,Haldia
2022-03-17,0.0,20.1,Haldia
2022-03-18,0.0,20.0,Haldia
2022-03-19,0.0,19.8,Haldia
2022-03-20,0.0,22.3,Haldia
2022-03-21,0.0,21.3,Haldia
2022-03-22,0.0,19.4,Haldia
2022-03-23,0.0,23.1,Haldia
2022-03-24,0.0,27.5,Haldia
2022-03-25,0.3,26.7,Haldia
2022-03-26,0.9,26.1,Haldia
2022-03-27,0.0,17.4,Haldia
2022-03-28,0.0,23.1,Haldia
2022-03-29,0.0,24.9,Haldia
2022-03-30,0.3,26.1,Haldia
2022-03-31,0.4,26.8,Haldia
2022-04-01,0.2,26.1,Haldia
2022-04-02,0.2,26.9,Haldia
2022-04-03,0.2,25.6,Haldia
2022-04-04,0.1,31.4,Haldia
2022-04-05,0.0,26.1,Haldia
2022-04-06,0.0,25.4,Haldia
2022-04-07,0.0,24.0,Haldia
2022-04-08,0.0,25.4,Haldia
2022-04-09,0.0,25.8,Haldia
2022-04-10,0.0,28.8,Haldia
2022-04-11,0.0,27.9,Haldia
2022-04-12,0.1,28.0,Haldia
2022-04-13,0.0,28.2,Haldia
2022-04-14,0.0,26.9,Haldia
2022-04-15,0.0,22.8,Haldia
2022-04-16,0.0,27.4,Haldia
2022-04-17,0.0,27.6,Haldia
2022-04-18,0.0,23.5,Haldia
2022-04-19,0.0,29.8,Haldia
2022-04-20,0.0,31.3,Haldia
2022-04-21,0.7,23.5,Haldia
2022-04-22,10.5,23.1,Haldia
2022-04-23,0.0,20.6,Haldia
2022-04-24,0.0,21.2,Haldia
2022-04-25,0.0,22.4,Haldia
2022-04-26,0.0,23.9,Haldia
2022-04-27,0.0,24.2,Haldia
2022-04-28,0.0,24.0,Haldia
2022-04-29,0.0,28.0,Haldia
2022-04-30,0.4,30.6,Haldia
2022-05-01,4.0,25.7,Haldia
2022-05-02,9.8,22.9,Haldia
2022-05-03,11.2,24.9,Haldia
2022-05-04,2.8,21.4,Haldia
2022-05-05,43.0,14.2,Haldia
2022-05-06,0.9,14.2,Haldia
2022-05-07,1.5,16.7,Haldia
2022-05-08,0.7,17.3,Haldia
2022-05-09,18.4,16.7,Haldia
2022-05-10,6.5,18.6,Haldia
2022-05-11,28.8,19.1,Haldia
2022-05-12,4.6,26.5,Haldia
2022-05-13,0.2,33.0,Haldia
2022-05-14,0.0,32.8,Haldia
2022-05-15,0.0,34.2,Haldia
2022-05-16,0.0,28.3,Haldia
2022-05-17,0.0,31.8,Haldia
2022-05-18,0.1,28.8,Haldia
2022-05-19,1.7,29.2,Haldia
2022-05-20,0.0,27.4,Haldia
2022-05-21,5.1,31.4,Haldia
2022-05-22,0.0,26.1,Haldia
2022-05-23,5.2,16.9,Haldia
2022-05-24,3.1,12.5,Haldia
2022-05-25,14.6,18.0,Haldia
2022-05-26,0.0,18.6,Haldia
2022-05-27,0.4,13.3,Haldia
2022-05-28,1.6,24.5,Haldia
2022-05-29,2.0,16.6,Haldia
2022-05-30,0.0,15.3,Haldia
2022-05-31,5.0,15.6,Haldia
2022-06-01,0.2,15.6,Haldia
2022-06-02,2.9,21.4,Haldia
2022-06-03,0.1,25.5,Haldia
2022-06-04,2.8,29.2,Haldia
2022-06-05,0.5,28.0,Haldia
2022-06-06,0.2,28.0,Haldia
2022-06-07,0.1,26.3,Haldia
2022-06-08,0.1,26.3,Haldia
2022-06-09,0.2,28.4,Haldia
2022-06-10,0.1,28.2,Haldia
2022-06-11,0.0,30.9,Haldia
2022-06-12,0.0,28.8,Haldia
2022-06-13,0.0,28.0,Haldia
2022-06-14,0.0,30.9,Haldia
2022-06-15,10.4,27.1,Haldia
2022-06-16,7.5,26.4,Haldia
2022-06-17,3.6,30.8,Haldia
2022-06-18,12.9,28.3,Haldia
2022-06-19,20.5,26.3,Haldia
2022-06-20,15.0,20.1,Haldia
2022-06-21,17.7,17.8,Haldia
2022-06-22,24.0,17.0,Haldia
2022-06-23,5.2,22.7,Haldia
2022-06-24,5.7,21.8,Haldia
2022-06-25,10.6,22.1,Haldia
2022-06-26,5.8,21.6,Haldia
2022-06-27,2.3,19.5,Haldia
2022-06-28,0.8,22.2,Haldia
2022-06-29,2.7,20.2,Haldia
2022-06-30,11.6,19.8,Haldia
2022-07-01,29.8,16.6,Haldia
2022-07-02,45.6,13.3,Haldia
2022-07-03,20.7,13.0,Haldia
2022-07-04,3.8,17.7,Haldia
2022-07-05,5.2,20.4,Haldia
2022-07-06,11.9,25.0,Haldia
2022-07-07,4.2,21.8,Haldia
2022-07-08,6.5,24.1,Haldia
2022-07-09,3.0,26.2,Haldia
2022-07-10,10.7,22.7,Haldia
2022-07-11,4.2,25.4,Haldia
2022-07-12,6.2,28.7,Haldia
2022-07-13,6.0,26.3,Haldia
2022-07-14,15.7,31.1,Haldia
2022-07-15,6.7,25.0,Haldia
2022-07-16,6.1,25.4,Haldia
2022-07-17,7.2,26.8,Haldia
2022-07-18,6.5,28.9,Haldia
2022-07-19,2.2,20.3,Haldia
2022-07-20,15.8,21.2,Haldia
2022-07-21,8.5,19.6,Haldia
2022-07-22,10.4,21.2,Haldia
2022-07-23,8.0,21.0,Haldia
2022-07-24,16.7,21.7,Haldia
2022-07-25,11.8,18.5,Haldia
2022-07-26,3.4,15.2,Haldia
2022-07-27,10.2,17.6,Haldia
2022-07-28,3.4,17.2,Haldia
2022-07-29,2.9,15.8,Haldia
2022-07-30,2.1,22.1,Haldia
2022-07-31,6.1,22.1,Haldia
2022-08-01,27.4,17.6,Haldia
2022-08-02,6.8,14.1,Haldia
2022-08-03,15.3,13.5,Haldia
2022-08-04,5.3,13.8,Haldia
2022-08-05,9.9,13.7,Haldia
2022-08-06,6.4,18.9,Haldia
2022-08-07,6.6,22.4,Haldia
2022-08-08,9.3,24.5,Haldia
2022-08-09,56.3,24.3,Haldia
2022-08-10,28.7,19.4,Haldia
2022-08-11,61.3,15.0,Haldia
2022-08-12,6.7,10.8,Haldia
2022-08-13,15.2,18.9,Haldia
2022-08-14,31.8,34.0,Haldia
2022-08-15,9.0,29.3,Haldia
2022-08-16,3.7,15.1,Haldia
2022-08-17,6.8,14.3,Haldia
2022-08-18,13.9,19.1,Haldia
2022-08-19,38.2,39.3,Haldia
2022-08-20,20.5,34.4,Haldia
2022-08-21,2.9,20.2,Haldia
2022-08-22,4.0,13.6,Haldia
2022-08-23,45.1,11.5,Haldia
2022-08-24,65.5,18.4,Haldia
2022-08-25,2.0,20.5,Haldia
2022-08-26,2.3,17.5,Haldia
2022-08-27,7.2,22.1,Haldia
2022-08-28,11.0,17.6,Haldia
2022-08-29,7.2,14.8,Haldia
2022-08-30,0.1,17.9,Haldia
2022-08-31,2.3,19.6,Haldia
2022-09-01,1.5,18.6,Haldia
2022-09-02,1.1,20.4,Haldia
2022-09-03,8.6,17.0,Haldia
2022-09-04,11.5,16.5,Haldia
2022-09-05,13.5,15.1,Haldia
2022-09-06,16.1,15.5,Haldia
2022-09-07,4.1,11.9,Haldia
2022-09-08,2.0,20.8,Haldia
2022-09-09,7.5,21.9,Haldia
2022-09-10,14.9,23.0,Haldia
2022-09-11,41.3,24.4,Haldia
2022-09-12,42.1,25.2,Haldia
2022-09-13,56.9,25.8,Haldia
2022-09-14,15.6,23.6,Haldia
2022-09-15,2.1,18.4,Haldia
2022-09-16,6.5,12.3,Haldia
2022-09-17,10.8,11.4,Haldia
2022-09-18,3.2,9.9,Haldia
2022-09-19,11.0,20.3,Haldia
2022-09-20,7.9,21.9,Haldia
2022-09-21,5.2,21.3,Haldia
2022-09-22,7.4,18.9,Haldia
2022-09-23,2.3,18.6,Haldia
2022-09-24,1.4,15.5,Haldia
2022-09-25,2.2,11.5,Haldia
2022-09-26,0.2,12.2,Haldia
2022-09-27,3.5,8.4,Haldia
2022-09-28,9.5,8.9,Haldia
2022-09-29,0.3,12.7,Haldia
2022-09-30,0.4,13.8,Haldia
2022-10-01,6.9,17.0,Haldia
2022-10-02,7.3,11.2,Haldia
2022-10-03,19.3,17.6,Haldia
2022-10-04,13.0,18.3,Haldia
2022-10-05,10.0,17.6,Haldia
2022-10-06,12.5,18.3,Haldia
2022-10-07,4.0,10.4,Haldia
2022-10-08,0.2,11.2,Haldia
2022-10-09,1.2,15.5,Haldia
2022-10-10,2.4,17.0,Haldia
2022-10-11,10.5,17.7,Haldia
2022-10-12,5.7,15.2,Haldia
2022-10-13,2.6,9.9,Haldia
2022-10-14,2.1,8.4,Haldia
2022-10-15,4.6,10.2,Haldia
2022-10-16,0.0,14.8,Haldia
2022-10-17,0.0,14.8,Haldia
2022-10-18,0.0,13.2,Haldia
2022-10-19,0.3,15.0,Haldia
2022-10-20,0.0,15.4,Haldia
2022-10-21,0.0,15.9,Haldia
2022-10-22,0.0,16.6,Haldia
2022-10-23,0.7,14.8,Haldia
2022-10-24,49.0,33.1,Haldia
2022-10-25,0.0,17.0,Haldia
2022-10-26,0.4,8.6,Haldia
2022-10-27,0.1,9.1,Haldia
2022-10-28,0.0,10.2,Haldia
2022-10-29,0.0,11.6,Haldia
2022-10-30,0.0,10.8,Haldia
2022-10-31,0.0,11.0,Haldia
2022-11-01,0.0,10.0,Haldia
2022-11-02,0.0,12.1,Haldia
2022-11-03,0.0,9.8,Haldia
2022-11-04,0.0,10.3,Haldia
2022-11-05,0.0,10.1,Haldia
2022-11-06,0.0,9.0,Haldia
2022-11-07,0.0,7.7,Haldia
2022-11-08,0.0,7.6,Haldia
2022-11-09,0.0,10.5,Haldia
2022-11-10,0.0,11.2,Haldia
2022-11-11,0.0,9.0,Haldia
2022-11-12,0.0,11.5,Haldia
2022-11-13,0.0,11.6,Haldia
2022-11-14,0.0,13.7,Haldia
2022-11-15,0.0,11.9,Haldia
2022-11-16,0.0,11.5,Haldia
2022-11-17,0.0,14.8,Haldia
2022-11-18,0.0,19.1,Haldia
2022-11-19,0.0,17.3,Haldia
2022-11-20,0.0,14.1,Haldia
2022-11-21,0.0,13.3,Haldia
2022-11-22,0.0,11.4,Haldia
2022-11-23,0.0,13.8,Haldia
2022-11-24,0.0,15.2,Haldia
2022-11-25,0.0,14.1,Haldia
2022-11-26,0.0,10.4,Haldia
2022-11-27,0.0,9.8,Haldia
2022-11-28,0.0,10.2,Haldia
2022-11-29,0.0,11.6,Haldia
2022-11-30,0.0,10.1,Haldia
2022-12-01,0.0,13.7,Haldia
2022-12-02,0.0,12.5,Haldia
2022-12-03,0.0,10.4,Haldia
2022-12-04,0.0,16.1,Haldia
2022-12-05,0.0,13.7,Haldia
2022-12-06,0.0,13.4,Haldia
2022-12-07,0.0,13.0,Haldia
2022-12-08,0.0,13.0,Haldia
2022-12-09,0.0,12.8,Haldia
2022-12-10,0.0,11.4,Haldia
2022-12-11,0.0,9.4,Haldia
2022-12-12,0.0,9.1,Haldia
2022-12-13,0.0,11.7,Haldia
2022-12-14,0.0,13.0,Haldia
2022-12-15,0.0,10.8,Haldia
2022-12-16,0.0,11.9,Haldia
2022-12-17,0.0,11.3,Haldia
2022-12-18,0.0,10.0,Haldia
2022-12-19,0.0,11.3,Haldia
2022-12-20,0.0,10.2,Haldia
2022-12-21,0.0,9.7,Haldia
2022-12-22,0.0,9.4,Haldia
2022-12-23,0.0,8.7,Haldia
2022-12-24,0.0,15.8,Haldia
2022-12-25,0.0,14.6,Haldia
2022-12-26,0.0,11.1,Haldia
2022-12-27,0.0,16.1,Haldia
2022-12-28,0.0,12.8,Haldia
2022-12-29,0.0,10.6,Haldia
2022-12-30,0.0,8.4,Haldia
2022-12-31,0.0,10.6,Haldia
2023-01-01,1.3,7.8,Haldia
2023-01-02,0.0,9.7,Haldia
2023-01-03,0.0,12.2,Haldia
2023-01-04,0.0,16.3,Haldia
2023-01-05,0.0,19.1,Haldia
2023-01-06,0.0,16.0,Haldia
2023-01-07,0.0,15.1,Haldia
2023-01-08,0.0,14.3,Haldia
2023-01-09,0.0,13.0,Haldia
2023-01-10,0.0,12.2,Haldia
2023-01-11,0.0,12.3,Haldia
2023-01-12,0.0,10.8,Haldia
2023-01-13,0.0,16.3,Haldia
2023-01-14,0.0,13.7,Haldia
2023-01-15,0.0,11.0,Haldia
2023-01-16,3.0,17.3,Haldia
2023-01-17,0.1,9.5,Haldia
2023-01-18,0.4,8.6,Haldia
2023-01-19,0.0,11.3,Haldia
2023-01-20,0.0,8.7,Haldia
2023-01-21,0.0,9.1,Haldia
2023-01-22,0.0,9.2,Haldia
2023-01-23,0.0,14.0,Haldia
2023-01-24,0.0,12.1,Haldia
2023-01-25,0.0,12.5,Haldia
2023-01-26,0.0,10.4,Haldia
2023-01-27,0.0,12.2,Haldia
2023-01-28,0.0,16.1,Haldia
2023-01-29,0.0,13.4,Haldia
2023-01-30,0.0,10.3,Haldia
2023-01-31,0.0,10.4,Haldia
2023-02-01,0.0,16.0,Haldia
2023-02-02,0.0,17.4,Haldia
2023-02-03,0.0,17.4,Haldia
2023-02-04,0.0,12.7,Haldia
2023-02-05,0.0,9.9,Haldia
2023-02-06,0.0,17.4,Haldia
2023-02-07,0.0,13.8,Haldia
2023-02-08,0.0,14.8,Haldia
2023-02-09,0.0,14.0,Haldia
2023-02-10,0.0,16.6,Haldia
2023-02-11,0.0,15.2,Haldia
2023-02-12,0.0,18.3,Haldia
2023-02-13,0.0,11.8,Haldia
2023-02-14,0.0,9.5,Haldia
2023-02-15,0.0,12.6,Haldia
2023-02-16,0.0,15.1,Haldia
2023-02-17,1.3,13.0,Haldia
2023-02-18,0.2,11.3,Haldia
2023-02-19,0.2,11.9,Haldia
2023-02-20,0.0,20.1,Haldia
2023-02-21,0.0,15.5,Haldia
2023-02-22,0.0,23.1,Haldia
2023-02-23,0.0,21.1,Haldia
2023-02-24,0.0,15.5,Haldia
2023-02-25,0.0,12.8,Haldia
2023-02-26,0.0,11.3,Haldia
2023-02-27,0.0,16.0,Haldia
2023-02-28,0.0,10.4,Haldia
2023-03-01,0.0,16.5,Haldia
2023-03-02,0.0,10.1,Haldia
2023-03-03,0.0,13.0,Haldia
2023-03-04,0.0,14.2,Haldia
2023-03-05,0.0,11.8,Haldia
2023-03-06,0.0,12.3,Haldia
2023-03-07,0.0,10.8,Haldia
2023-03-08,0.0,8.6,Haldia
2023-03-09,0.0,10.0,Haldia
2023-03-10,0.0,11.6,Haldia
2023-03-11,0.1,14.7,Haldia
2023-03-12,0.0,9.2,Haldia
2023-03-13,0.0,19.1,Haldia
2023-03-14,0.0,22.2,Haldia
2023-03-15,0.0,21.4,Haldia
2023-03-16,1.0,19.7,Haldia
2023-03-17,11.1,13.6,Haldia
2023-03-18,20.9,20.0,Haldia
2023-03-19,18.3,16.3,Haldia
2023-03-20,5.1,23.0,Haldia
2023-03-21,14.4,16.3,Haldia
2023-03-22,4.3,12.3,Haldia
2023-03-23,7.0,12.1,Haldia
2023-03-24,0.0,11.9,Haldia
2023-03-25,0.8,17.7,Haldia
2023-03-26,1.8,14.8,Haldia
2023-03-27,4.4,13.8,Haldia
2023-03-28,1.3,16.7,Haldia
2023-03-29,0.4,19.1,Haldia
2023-03-30,0.6,18.0,Haldia
2023-03-31,13.7,18.8,Haldia
2023-04-01,1.7,16.2,Haldia
2023-04-02,2.1,15.2,Haldia
2023-04-03,0.0,13.6,Haldia
2023-04-04,0.0,20.1,Haldia
2023-04-05,0.0,17.7,Haldia
2023-04-06,0.0,11.3,Haldia
2023-04-07,0.0,9.8,Haldia
2023-04-08,0.0,10.5,Haldia
2023-04-09,0.0,9.5,Haldia
2023-04-10,1.4,10.7,Haldia
2023-04-11,0.0,16.4,Haldia
2023-04-12,0.0,12.5,Haldia
2023-04-13,0.0,22.5,Haldia
2023-04-14,0.0,19.4,Haldia
2023-04-15,0.0,14.8,Haldia
2023-04-16,0.0,18.5,Haldia
2023-04-17,0.0,18.7,Haldia
2023-04-18,0.0,17.2,Haldia
2023-04-19,0.0,20.3,Haldia
2023-04-20,0.0,23.4,Haldia
2023-04-21,0.0,30.7,Haldia
2023-04-22,0.0,18.8,Haldia
2023-04-23,3.4,19.5,Haldia
2023-04-24,10.3,14.0,Haldia
2023-04-25,1.2,9.4,Haldia
2023-04-26,1.9,11.5,Haldia
2023-04-27,5.1,23.1,Haldia
2023-04-28,4.9,23.0,Haldia
2023-04-29,5.4,14.8,Haldia
2023-04-30,0.9,15.9,Haldia
2023-05-01,0.0,11.7,Haldia
2023-05-02,0.1,19.4,Haldia
2023-05-03,18.2,17.2,Haldia
2023-05-04,1.3,18.4,Haldia
2023-05-05,3.7,14.4,Haldia
2023-05-06,0.3,10.4,Haldia
2023-05-07,0.8,16.4,Haldia
2023-05-08,0.0,16.4,Haldia
2023-05-09,0.0,21.6,Haldia
2023-05-10,0.0,23.2,Haldia
2023-05-11,0.0,21.6,Haldia
2023-05-12,0.1,16.8,Haldia
2023-05-13,0.8,16.9,Haldia
2023-05-14,0.0,24.8,Haldia
2023-05-15,2.7,25.1,Haldia
2023-05-16,0.0,29.8,Haldia
2023-05-17,0.4,30.7,Haldia
2023-05-18,4.9,29.4,Haldia
2023-05-19,3.2,25.1,Haldia
2023-05-20,0.0,21.3,Haldia
2023-05-21,0.0,28.6,Haldia
2023-05-22,0.0,28.6,Haldia
2023-05-23,0.0,26.3,Haldia
2023-05-24,2.7,20.4,Haldia
2023-05-25,0.1,28.3,Haldia
2023-05-26,21.7,21.7,Haldia
2023-05-27,6.0,20.2,Haldia
2023-05-28,1.6,16.6,Haldia
2023-05-29,0.1,11.6,Haldia
2023-05-30,0.3,19.4,Haldia
2023-05-31,29.1,14.7,Haldia
2023-06-01,17.7,14.6,Haldia
2023-06-02,10.9,22.1,Haldia
2023-06-03,21.8,24.0,Haldia
2023-06-04,0.0,23.0,Haldia
2023-06-05,0.0,21.2,Haldia
2023-06-06,15.4,22.0,Haldia
2023-06-07,0.2,17.2,Haldia
2023-06-08,0.1,25.3,Haldia
2023-06-09,33.5,23.5,Haldia
2023-06-10,0.1,17.9,Haldia
2023-06-11,8.7,21.0,Haldia
2023-06-12,0.4,24.3,Haldia
2023-06-13,0.3,26.1,Haldia
2023-06-14,0.0,25.5,Haldia
2023-06-15,0.0,20.9,Haldia
2023-06-16,0.0,24.4,Haldia
2023-06-17,0.0,29.2,Haldia
2023-06-18,12.1,27.6,Haldia
2023-06-19,29.9,23.4,Haldia
2023-06-20,0.1,25.4,Haldia
2023-06-21,1.4,24.8,Haldia
2023-06-22,8.7,17.6,Haldia
2023-06-23,7.2,14.3,Haldia
2023-06-24,53.2,18.1,Haldia
2023-06-25,13.3,23.7,Haldia
2023-06-26,24.4,16.9,Haldia
2023-06-27,29.8,23.9,Haldia
2023-06-28,34.1,27.2,Haldia
2023-06-29,17.0,26.3,Haldia
2023-06-30,7.0,22.9,Haldia
2023-07-01,6.0,23.9,Haldia
2023-07-02,8.5,16.2,Haldia
2023-07-03,3.5,21.0,Haldia
2023-07-04,3.1,17.7,Haldia
2023-07-05,16.4,13.8,Haldia
2023-07-06,7.9,23.5,Haldia
2023-07-07,9.5,23.5,Haldia
2023-07-08,13.9,19.5,Haldia
2023-07-09,3.4,19.9,Haldia
2023-07-10,2.5,19.6,Haldia
2023-07-11,3.6,23.8,Haldia
2023-07-12,3.2,23.4,Haldia
2023-07-13,3.8,16.4,Haldia
2023-07-14,40.8,16.4,Haldia
2023-07-15,19.9,17.7,Haldia
2023-07-16,4.3,19.6,Haldia
2023-07-17,5.2,15.9,Haldia
2023-07-18,5.8,19.5,Haldia
2023-07-19,1.8,21.4,Haldia
2023-07-20,2.4,24.7,Haldia
2023-07-21,23.7,22.6,Haldia
2023-07-22,16.2,22.9,Haldia
2023-07-23,3.6,21.7,Haldia
2023-07-24,0.7,20.5,Haldia
2023-07-25,6.3,24.7,Haldia
2023-07-26,4.4,22.2,Haldia
2023-07-27,7.1,27.0,Haldia
2023-07-28,7.9,23.7,Haldia
2023-07-29,20.6,14.1,Haldia
2023-07-30,9.9,12.0,Haldia
2023-07-31,39.3,16.3,Haldia
2023-08-01,54.2,25.1,Haldia
2023-08-02,13.2,38.6,Haldia
2023-08-03,4.8,29.3,Haldia
2023-08-04,0.1,24.2,Haldia
2023-08-05,2.1,26.5,Haldia
2023-08-06,12.3,26.4,Haldia
2023-08-07,19.0,17.2,Haldia
2023-08-08,13.8,11.3,Haldia
2023-08-09,8.0,12.8,Haldia
2023-08-10,1.0,16.6,Haldia
2023-08-11,10.3,12.2,Haldia
2023-08-12,13.4,14.8,Haldia
2023-08-13,17.8,10.5,Haldia
2023-08-14,6.0,10.9,Haldia
2023-08-15,7.9,11.8,Haldia
2023-08-16,16.6,12.9,Haldia
2023-08-17,15.7,14.0,Haldia
2023-08-18,5.4,30.3,Haldia
2023-08-19,3.4,24.1,Haldia
2023-08-20,1.7,21.8,Haldia
2023-08-21,0.2,21.5,Haldia
2023-08-22,9.7,22.9,Haldia
2023-08-23,14.1,18.1,Haldia
2023-08-24,11.8,17.1,Haldia
2023-08-25,13.3,15.1,Haldia
2023-08-26,45.4,16.7,Haldia
2023-08-27,1.5,15.9,Haldia
2023-08-28,0.7,13.8,Haldia
2023-08-29,0.6,9.9,Haldia
2023-08-30,0.0,12.8,Haldia
2023-08-31,0.9,8.7,Haldia
2023-09-01,3.6,16.2,Haldia
2023-09-02,1.9,12.5,Haldia
2023-09-03,14.6,13.7,Haldia
2023-09-04,5.9,17.3,Haldia
2023-09-05,20.8,23.8,Haldia
2023-09-06,7.6,16.3,Haldia
2023-09-07,20.1,14.4,Haldia
2023-09-08,12.8,23.7,Haldia
2023-09-09,5.8,18.4,Haldia
2023-09-10,0.4,18.8,Haldia
2023-09-11,1.4,15.7,Haldia
2023-09-12,9.8,11.9,Haldia
2023-09-13,15.9,20.9,Haldia
2023-09-14,11.9,31.7,Haldia
2023-09-15,11.9,20.3,Haldia
2023-09-16,2.0,14.8,Haldia
2023-09-17,1.5,10.3,Haldia
2023-09-18,14.1,9.7,Haldia
2023-09-19,15.3,13.0,Haldia
2023-09-20,6.6,25.7,Haldia
2023-09-21,12.1,24.5,Haldia
2023-09-22,15.4,25.0,Haldia
2023-09-23,6.9,23.9,Haldia
2023-09-24,11.2,22.7,Haldia
2023-09-25,9.6,16.5,Haldia
2023-09-26,0.0,14.9,Haldia
2023-09-27,4.1,11.1,Haldia
2023-09-28,12.8,8.5,Haldia
2023-09-29,33.5,10.2,Haldia
2023-09-30,21.4,19.2,Haldia
2023-10-01,9.0,18.5,Haldia
2023-10-02,22.6,19.6,Haldia
2023-10-03,44.2,22.7,Haldia
2023-10-04,37.0,23.1,Haldia
2023-10-05,28.3,18.9,Haldia
2023-10-06,22.1,15.9,Haldia
2023-10-07,2.0,9.4,Haldia
2023-10-08,3.7,11.9,Haldia
2023-10-09,1.0,16.6,Haldia
2023-10-10,0.0,11.5,Haldia
2023-10-11,0.0,9.9,Haldia
2023-10-12,0.0,9.8,Haldia
2023-10-13,0.0,9.5,Haldia
2023-10-14,0.1,11.5,Haldia
2023-10-15,0.0,10.8,Haldia
2023-10-16,0.0,11.2,Haldia
2023-10-17,0.5,10.5,Haldia
2023-10-18,0.0,11.5,Haldia
2023-10-19,0.0,12.5,Haldia
2023-10-20,0.0,12.3,Haldia
2023-10-21,0.0,13.5,Haldia
2023-10-22,0.1,14.0,Haldia
2023-10-23,4.0,17.0,Haldia
2023-10-24,1.8,20.8,Haldia
2023-10-25,0.4,12.5,Haldia
2023-10-26,0.0,10.5,Haldia
2023-10-27,0.5,8.8,Haldia
2023-10-28,0.9,8.0,Haldia
2023-10-29,0.0,10.9,Haldia
2023-10-30,0.0,9.5,Haldia
2023-10-31,0.0,10.8,Haldia
2023-11-01,0.1,7.6,Haldia
2023-11-02,0.0,8.4,Haldia
2023-11-03,0.5,9.4,Haldia
2023-11-04,2.1,12.6,Haldia
2023-11-05,1.8,16.3,Haldia
2023-11-06,0.0,15.0,Haldia
2023-11-07,0.0,13.2,Haldia
2023-11-08,0.0,12.2,Haldia
2023-11-09,0.0,11.4,Haldia
2023-11-10,0.0,14.9,Haldia
2023-11-11,0.0,12.4,Haldia
2023-11-12,0.0,15.1,Haldia
2023-11-13,0.0,15.2,Haldia
2023-11-14,0.0,12.3,Haldia
2023-11-15,0.0,15.5,Haldia
2023-11-16,0.4,22.3,Haldia
2023-11-17,0.8,29.5,Haldia
2023-11-18,0.0,11.8,Haldia
2023-11-19,0.0,13.1,Haldia
2023-11-20,0.0,11.1,Haldia
2023-11-21,0.1,9.1,Haldia
2023-11-22,0.0,10.9,Haldia
2023-11-23,0.0,10.7,Haldia
2023-11-24,0.0,9.7,Haldia
2023-11-25,0.0,14.5,Haldia
2023-11-26,0.0,13.4,Haldia
2023-11-27,0.0,7.9,Haldia
2023-11-28,0.0,8.3,Haldia
2023-11-29,0.0,9.3,Haldia
2023-11-30,0.0,9.7,Haldia
2023-12-01,0.0,14.3,Haldia
2023-12-02,0.0,13.4,Haldia
2023-12-03,0.0,13.4,Haldia
2023-12-04,0.0,13.2,Haldia
2023-12-05,0.0,12.9,Haldia
2023-12-06,0.5,17.3,Haldia
2023-12-07,13.1,16.3,Haldia
2023-12-08,0.0,15.0,Haldia
2023-12-09,0.0,13.7,Haldia
2023-12-10,0.0,12.7,Haldia
2023-12-11,0.0,15.3,Haldia
2023-12-12,0.0,10.6,Haldia
2023-12-13,0.0,10.4,Haldia
2023-12-14,0.0,10.5,Haldia
2023-12-15,0.0,13.7,Haldia
2023-12-16,0.0,13.1,Haldia
2023-12-17,0.0,10.9,Haldia
2023-12-18,0.0,11.1,Haldia
2023-12-19,0.0,11.6,Haldia
2023-12-20,0.0,12.4,Haldia
2023-12-21,0.0,10.7,Haldia
2023-12-22,0.0,9.8,Haldia
2023-12-23,0.0,13.0,Haldia
2023-12-24,0.0,10.6,Haldia
2023-12-25,0.0,9.7,Haldia
2023-12-26,0.0,10.2,Haldia
2023-12-27,0.0,10.5,Haldia
2023-12-28,0.0,9.8,Haldia
2023-12-29,0.0,13.1,Haldia
2023-12-30,0.0,13.5,Haldia
2023-12-31,0.0,13.4,Haldia
