date,bdi_index,fuel in usd,congestion_score,freight_rate_usd_per_t,bdi_lag_1,bdi_lag_7,bdi_roll_mean_7,bdi_roll_std_7,month,dayofweek
01-01-2016,482.27,310.01,0.2,20.39,,,482.27,,1,4
02-01-2016,468.64,309.39,0.21,20.26,482.27,,475.455,9.63786542757264,1,5
03-01-2016,467.13,309.44,0.25,20.37,468.64,,472.68,8.339430436186873,1,6
04-01-2016,466.25,303.3,0.18,20.06,467.13,,471.0725,7.529959605912016,1,0
05-01-2016,444.13,304.61,0.14,19.71,466.25,,465.684,13.700543054930334,1,1
06-01-2016,436.5,300.79,0.21,19.78,444.13,,460.82,17.091368581830995,1,2
07-01-2016,443.07,302.31,0.15,19.7,436.5,,458.28428571428566,16.9834624042948,1,3
08-01-2016,429.29,298.21,0.17,19.54,443.07,482.27,450.71571428571434,16.30439190028549,1,4
09-01-2016,412.7,298.08,0.18,19.39,429.29,468.64,442.7242857142857,19.458816217114258,1,5
10-01-2016,413.14,295.4,0.18,19.35,412.7,467.13,435.01142857142855,18.863753098267086,1,6
11-01-2016,398.87,298.05,0.2,19.29,413.14,466.25,425.38571428571424,17.401249818277265,1,0
12-01-2016,392.16,297.3,0.16,19.08,398.87,444.13,417.9614285714286,19.07695243705641,1,1
13-01-2016,390.58,293.5,0.17,19.04,392.16,436.5,411.40142857142854,19.529505394463495,1,2
14-01-2016,369.3,292.95,0.18,18.83,390.58,443.07,400.86285714285714,19.49620024029094,1,3
15-01-2016,364.56,288.32,0.18,18.71,369.3,429.29,391.6157142857143,19.112990222309293,1,4
16-01-2016,366.43,289.87,0.18,18.75,364.56,412.7,385.0057142857143,18.600030337916753,1,5
17-01-2016,357.67,289.35,0.18,18.65,366.43,413.14,377.0814285714286,16.28859460744568,1,6
18-01-2016,360.66,294.44,0.19,18.78,357.67,398.87,371.6228571428572,14.01344201625179,1,0
19-01-2016,347.37,284.79,0.18,18.47,360.66,392.16,365.22428571428566,13.279647155381129,1,1
20-01-2016,339.0,289.7,0.18,18.44,347.37,390.58,357.85571428571427,10.975914323558147,1,2
21-01-2016,351.8,287.64,0.12,18.38,339.0,369.3,355.35571428571427,9.872302766059974,1,3
22-01-2016,336.5,285.07,0.17,18.32,351.8,364.56,351.34714285714284,11.128886907930964,1,4
23-01-2016,333.6,287.52,0.18,18.35,336.5,366.43,346.65714285714284,10.61923210388508,1,5
24-01-2016,320.31,283.51,0.18,18.14,333.6,357.67,341.32,13.22939781950258,1,6
25-01-2016,321.32,282.72,0.14,18.02,320.31,360.66,335.7,11.93716465497534,1,0
26-01-2016,321.12,280.94,0.14,18.0,321.32,347.37,331.95,11.782228142418242,1,1
27-01-2016,310.13,283.06,0.14,17.9,321.12,339.0,327.8257142857143,13.785663878515999,1,2
28-01-2016,315.26,282.07,0.17,18.04,310.13,351.8,322.6057142857143,9.422129725885759,1,3
29-01-2016,306.47,277.57,0.19,17.93,315.26,336.5,318.3157142857143,8.861344625474121,1,4
30-01-2016,305.13,275.42,0.14,17.74,306.47,333.6,314.2485714285714,7.019053660266725,1,5
31-01-2016,300.62,277.34,0.18,17.84,305.13,320.31,311.4357142857143,8.05413528804204,1,6
01-02-2016,311.37,275.51,0.16,17.87,300.62,321.32,310.0142857142857,6.799222644642336,2,0
02-02-2016,298.92,276.67,0.15,17.72,311.37,321.12,306.84285714285716,5.8696556238713855,2,1
03-02-2016,291.27,279.14,0.15,17.67,298.92,310.13,304.1485714285714,8.037531604025064,2,2
04-02-2016,299.48,275.03,0.17,17.76,291.27,315.26,301.89428571428573,6.459754528727512,2,3
05-02-2016,287.12,275.63,0.16,17.6,299.48,306.47,299.13,8.10580039231082,2,4
06-02-2016,293.39,275.59,0.22,17.85,287.12,305.13,297.45285714285717,7.868523186903819,2,5
07-02-2016,281.02,277.13,0.12,17.43,293.39,300.62,294.65285714285716,9.803145267863908,2,6
08-02-2016,283.63,270.17,0.17,17.51,281.02,311.37,290.69,7.173107183546828,2,0
09-02-2016,291.17,273.69,0.13,17.53,283.63,298.92,289.5828571428571,6.226796164655994,2,1
10-02-2016,293.85,275.46,0.12,17.55,291.17,291.27,289.95142857142855,6.416763017209834,2,2
11-02-2016,291.11,277.66,0.15,17.64,293.85,299.48,288.7557142857143,4.959663487046865,2,3
12-02-2016,290.26,274.01,0.15,17.58,291.11,287.12,289.20428571428573,4.928968307000222,2,4
13-02-2016,290.35,271.07,0.24,17.81,290.26,293.39,288.77,4.623141067858229,2,5
14-02-2016,285.6,276.72,0.14,17.54,290.35,281.02,289.4242857142857,3.540959649315316,2,6
15-02-2016,291.45,274.15,0.12,17.51,285.6,283.63,290.5414285714286,2.484085536442961,2,0
16-02-2016,295.06,273.16,0.16,17.65,291.45,291.17,291.09714285714284,3.024476341921256,2,1
17-02-2016,305.86,274.68,0.1,17.62,295.06,293.85,292.8128571428571,6.385435809416224,2,2
18-02-2016,305.01,275.96,0.15,17.78,305.86,291.11,294.79857142857145,7.777230502286736,2,3
19-02-2016,296.74,275.38,0.15,17.67,305.01,290.26,295.7242857142857,7.528653835275844,2,4
20-02-2016,311.95,272.21,0.18,17.89,296.74,290.35,298.81,9.19984782482764,2,5
21-02-2016,311.96,279.51,0.18,17.99,311.95,285.6,302.57571428571424,8.235870440017177,2,6
22-02-2016,314.56,280.81,0.14,17.92,311.96,291.45,305.8771428571429,7.643329802918228,2,0
23-02-2016,326.61,279.92,0.15,18.07,314.56,295.06,310.38428571428574,9.319901389218154,2,1
24-02-2016,334.04,276.45,0.13,18.05,326.61,305.86,314.40999999999997,12.562128269789971,2,2
25-02-2016,338.72,279.08,0.12,18.11,334.04,305.01,319.2257142857143,14.646505677854336,2,3
26-02-2016,333.46,280.1,0.17,18.21,338.72,296.74,324.4714285714286,11.485539355455014,2,4
27-02-2016,342.36,282.07,0.12,18.19,333.46,311.95,328.8157142857143,11.709047580315314,2,5
28-02-2016,352.32,282.87,0.15,18.4,342.36,311.96,334.5814285714286,11.959953216981022,2,6
29-02-2016,362.66,280.37,0.13,18.42,352.32,314.56,341.45285714285717,12.35094964538567,2,0
01-03-2016,359.68,282.9,0.18,18.58,362.66,326.61,346.1771428571428,12.048249823502175,3,1
02-03-2016,368.18,284.46,0.22,18.81,359.68,334.04,351.05428571428575,13.173659143840522,3,2
03-03-2016,368.73,287.47,0.12,18.56,368.18,338.72,355.3414285714286,13.372302754289567,3,3
04-03-2016,374.96,286.53,0.11,18.59,368.73,333.46,361.27000000000004,11.052651265646675,3,4
05-03-2016,396.09,287.51,0.16,18.99,374.96,342.36,368.94571428571425,13.996396985347047,3,5
06-03-2016,407.42,286.7,0.17,19.13,396.09,352.32,376.8171428571428,18.007106665874918,3,6
07-03-2016,404.66,290.57,0.17,19.16,407.42,362.66,382.81714285714287,19.44365939004794,3,0
08-03-2016,420.26,289.11,0.15,19.25,404.66,359.68,391.4714285714286,20.859445844805965,3,1
09-03-2016,423.29,287.03,0.16,19.29,420.26,368.18,399.3442857142857,21.00300205299496,3,2
10-03-2016,423.44,293.15,0.18,19.44,423.29,368.73,407.15999999999997,17.61877691555286,3,3
11-03-2016,439.22,292.41,0.2,19.66,423.44,374.96,416.34000000000003,14.512205208031654,3,4
12-03-2016,456.75,290.66,0.11,19.56,439.22,396.09,425.0057142857143,18.077923790398383,3,5
13-03-2016,452.3,291.48,0.16,19.68,456.75,407.42,431.4171428571429,18.747638708458247,3,6
14-03-2016,473.78,294.23,0.18,20.01,452.3,404.66,441.29142857142864,20.432817091280906,3,0
15-03-2016,446.95,295.56,0.15,19.64,473.78,420.26,445.1042857142857,18.225135442700818,3,1
16-03-2016,484.45,295.89,0.23,20.31,446.95,423.29,453.84142857142854,20.537737159168167,3,2
17-03-2016,486.5,297.12,0.16,20.14,484.45,423.44,462.84999999999997,18.730753677665096,3,3
18-03-2016,491.45,301.39,0.18,20.31,486.5,439.22,470.31142857142856,18.14258106276723,3,4
19-03-2016,503.33,300.87,0.2,20.5,491.45,456.75,476.96571428571434,20.701354913099976,3,5
20-03-2016,492.61,299.75,0.16,20.24,503.33,452.3,482.7242857142857,18.145223299024536,3,6
21-03-2016,517.21,302.54,0.13,20.47,492.61,473.78,488.92857142857144,21.661436108572065,3,0
22-03-2016,531.0,298.77,0.17,20.69,517.21,446.95,500.9357142857143,17.387309411506568,3,1
23-03-2016,550.19,303.21,0.22,21.12,531.0,484.45,510.32714285714286,23.631633258753585,3,2
24-03-2016,539.12,307.63,0.18,20.94,550.19,486.5,517.8442857142858,23.15335962457286,3,3
25-03-2016,544.37,303.7,0.16,20.88,539.12,491.45,525.4042857142857,21.692350308456714,3,4
26-03-2016,555.49,303.16,0.22,21.18,544.37,503.33,532.8557142857143,21.804273172281388,3,5
27-03-2016,577.98,304.62,0.18,21.33,555.49,492.61,545.0514285714286,19.26955061625526,3,6
28-03-2016,579.99,304.52,0.18,21.35,577.98,517.21,554.02,18.754578107759276,3,0
29-03-2016,578.87,306.25,0.2,21.42,579.99,531.0,560.8585714285715,17.65712738865219,3,1
30-03-2016,597.66,308.25,0.22,21.72,578.87,550.19,567.64,21.56098791799772,3,2
31-03-2016,600.86,306.65,0.27,21.88,597.66,539.12,576.4599999999999,20.554352337158278,3,3
01-04-2016,617.88,311.14,0.22,21.99,600.86,544.37,586.9614285714285,20.202213928653713,4,4
02-04-2016,606.85,314.31,0.23,21.94,617.88,555.49,594.2985714285714,15.689940969267203,4,5
03-04-2016,618.12,310.74,0.18,21.87,606.85,577.98,600.0328571428571,16.062564878506564,4,6
04-04-2016,624.34,317.77,0.17,22.0,618.12,579.99,606.3685714285714,15.578661077012503,4,0
05-04-2016,618.84,316.16,0.2,22.01,624.34,578.87,612.0785714285714,10.225005996041851,4,1
06-04-2016,645.62,318.4,0.21,22.37,618.84,597.66,618.9300000000001,14.235180598317337,4,2
07-04-2016,651.64,315.03,0.17,22.27,645.62,600.86,626.1842857142857,16.283369693385676,4,3
08-04-2016,654.83,319.76,0.2,22.46,651.64,617.88,631.4628571428572,18.91851537012263,4,4
09-04-2016,657.93,315.68,0.22,22.5,654.83,606.85,638.76,17.65144092324217,4,5
10-04-2016,649.44,321.59,0.22,22.49,657.93,618.12,643.2342857142858,15.369658266797506,4,6
11-04-2016,666.78,320.6,0.22,22.67,649.44,624.34,649.2971428571428,15.04137262606811,4,0
12-04-2016,672.87,322.4,0.22,22.76,666.78,618.84,657.0157142857142,9.73366127953923,4,1
13-04-2016,672.1,318.76,0.2,22.64,672.87,645.62,660.7985714285714,9.712262744545507,4,2
14-04-2016,684.57,320.26,0.2,22.8,672.1,651.64,665.5028571428571,12.194654176163798,4,3
15-04-2016,695.89,324.88,0.18,22.94,684.57,654.83,671.3685714285714,15.603845069482672,4,4
16-04-2016,718.45,321.61,0.27,23.41,695.89,657.93,680.0142857142857,22.262475796089355,4,5
17-04-2016,700.73,325.99,0.21,23.1,718.45,649.44,687.3414285714285,18.673741303920565,4,6
18-04-2016,705.12,321.92,0.21,23.09,700.73,666.78,692.8185714285713,17.20253511217889,4,0
19-04-2016,703.9,328.36,0.19,23.11,705.12,672.87,697.2514285714286,15.07129880332415,4,1
20-04-2016,683.04,323.56,0.3,23.13,703.9,672.1,698.8142857142857,12.350013302481148,4,2
21-04-2016,709.38,328.84,0.18,23.14,683.04,684.57,702.3585714285715,11.075031118951618,4,3
22-04-2016,712.36,329.62,0.2,23.25,709.38,695.89,704.7114285714287,11.220312575224737,4,4
23-04-2016,744.68,326.7,0.23,23.66,712.36,718.45,708.4585714285714,18.555427264075902,4,5
24-04-2016,711.66,330.58,0.24,23.37,744.68,700.73,710.0200000000001,18.254110039477776,4,6
25-04-2016,718.66,330.23,0.25,23.48,711.66,705.12,711.9542857142858,18.36538669811932,4,0
26-04-2016,714.55,328.58,0.27,23.47,718.66,703.9,713.4757142857143,18.024925202936565,4,1
27-04-2016,699.93,327.77,0.24,23.2,714.55,683.04,715.8885714285714,13.93908226124456,4,2
28-04-2016,729.61,325.68,0.19,23.36,699.93,709.38,718.7785714285714,14.452447807173561,4,3
29-04-2016,724.45,332.23,0.21,23.45,729.61,712.36,720.5057142857142,14.278920193935889,4,4
30-04-2016,724.78,327.57,0.23,23.45,724.45,744.68,717.6628571428571,10.005214830754662,4,5
01-05-2016,702.7,332.39,0.28,23.42,724.78,711.66,716.382857142857,11.379879487186425,5,6
02-05-2016,732.16,331.85,0.18,23.44,702.7,718.66,718.3114285714286,12.875733543598319,5,0
03-05-2016,695.81,334.77,0.26,23.32,732.16,714.55,715.6342857142856,15.474190185750972,5,1
04-05-2016,721.01,332.56,0.23,23.48,695.81,699.93,718.6457142857143,13.87741673504561,5,2
05-05-2016,741.2,332.89,0.25,23.77,721.01,729.61,720.3014285714286,15.941490340797605,5,3
06-05-2016,699.95,336.12,0.22,23.26,741.2,724.45,716.8014285714286,17.49288753424497,5,4
07-05-2016,704.92,335.45,0.2,23.25,699.95,724.78,713.9642857142857,17.593425720179052,5,5
08-05-2016,712.95,335.79,0.25,23.49,704.92,702.7,715.4285714285714,16.913049625040326,5,6
09-05-2016,704.68,336.59,0.25,23.41,712.95,732.16,711.5028571428572,15.513542164064914,5,0
10-05-2016,690.71,331.58,0.25,23.18,704.68,695.81,710.7742857142857,16.46400807533788,5,1
11-05-2016,710.79,338.12,0.23,23.44,690.71,721.01,709.3142857142857,15.846611474953386,5,2
12-05-2016,695.7,338.1,0.21,23.21,710.79,741.2,702.8142857142857,7.953935833166186,5,3
13-05-2016,714.61,334.08,0.18,23.28,695.7,699.95,704.9085714285715,8.942623456555907,5,4
14-05-2016,696.13,336.52,0.25,23.31,714.61,704.92,703.6528571428571,9.538068837185389,5,5
15-05-2016,726.82,337.44,0.24,23.64,696.13,712.95,705.6342857142857,12.705941992028427,5,6
16-05-2016,696.35,337.53,0.2,23.18,726.82,704.68,704.4442857142858,13.191034653814123,5,0
17-05-2016,701.41,339.15,0.21,23.29,696.35,690.71,705.9728571428572,11.890058472363366,5,1
18-05-2016,714.97,342.48,0.21,23.49,701.41,710.79,706.5699999999999,12.271162672435015,5,2
19-05-2016,688.19,341.88,0.18,23.09,714.97,695.7,705.4971428571429,13.632674858939216,5,3
20-05-2016,705.76,335.72,0.2,23.26,688.19,714.61,704.2328571428571,13.0443790120325,5,4
21-05-2016,718.48,341.31,0.2,23.48,705.76,696.13,707.4257142857142,13.459193706835626,5,5
22-05-2016,680.73,343.57,0.22,23.15,718.48,726.82,700.8414285714287,13.662311210738805,5,6
23-05-2016,702.37,341.34,0.21,23.33,680.73,696.35,701.7014285714287,13.52121102634963,5,0
24-05-2016,702.32,343.59,0.18,23.27,702.37,701.41,701.8314285714285,13.522316651338956,5,1
25-05-2016,707.86,346.44,0.29,23.71,702.32,714.97,700.8157142857144,12.606996545759563,5,2
26-05-2016,681.49,344.06,0.27,23.32,707.86,688.19,699.8585714285715,13.912104356246038,5,3
27-05-2016,679.41,342.27,0.21,23.09,681.49,705.76,696.0942857142857,15.520997451993738,5,4
28-05-2016,701.41,344.77,0.24,23.46,679.41,718.48,693.6557142857143,12.45604519519727,5,5
29-05-2016,697.5,342.62,0.24,23.39,701.41,680.73,696.0514285714286,11.093892356566379,5,6
30-05-2016,695.81,342.6,0.27,23.46,697.5,702.37,695.1142857142856,10.742694970915341,5,0
31-05-2016,695.88,341.88,0.21,23.27,695.81,702.32,694.1942857142857,10.288927474302803,5,1
01-06-2016,681.98,347.44,0.26,23.34,695.88,707.86,690.4971428571429,9.146284699787051,6,2
02-06-2016,692.17,341.21,0.22,23.25,681.98,681.49,692.0228571428571,8.239157955128588,6,3
03-06-2016,691.76,347.97,0.19,23.25,692.17,679.41,693.7871428571428,6.144080387621784,6,4
04-06-2016,678.12,345.43,0.25,23.24,691.76,701.41,690.46,7.487329296887837,6,5
05-06-2016,708.81,340.5,0.27,23.57,678.12,697.5,692.0757142857143,10.043636222577112,6,6
06-06-2016,690.43,345.66,0.31,23.56,708.81,695.81,691.3071428571428,9.915277293629181,6,0
07-06-2016,668.74,339.15,0.2,22.89,690.43,695.88,687.4300000000001,12.734569748000983,6,1
08-06-2016,690.25,346.96,0.25,23.4,668.74,681.98,688.6114285714285,12.526605590465545,6,2
09-06-2016,669.03,347.97,0.22,23.08,690.25,692.17,685.3057142857142,14.351363300100248,6,3
10-06-2016,689.4,344.17,0.26,23.38,669.03,691.76,684.9685714285714,14.201405363052983,6,4
11-06-2016,692.7,346.44,0.19,23.24,689.4,678.12,687.0514285714286,14.09836566009515,6,5
12-06-2016,667.33,351.8,0.2,23.06,692.7,708.81,681.1257142857143,11.988078602155738,6,6
13-06-2016,687.84,345.26,0.21,23.22,667.33,690.43,680.7557142857142,11.689295469422634,6,0
14-06-2016,679.9,344.01,0.24,23.21,687.84,668.74,682.35,10.475371115146045,6,1
15-06-2016,683.64,351.34,0.22,23.29,679.9,690.25,681.4057142857143,9.928181869714683,6,2
16-06-2016,695.41,352.96,0.26,23.57,683.64,669.03,685.1742857142857,9.442453524983067,6,3
17-06-2016,668.27,347.79,0.27,23.22,695.41,689.4,682.1557142857143,11.098613813060805,6,4
18-06-2016,660.93,350.87,0.25,23.12,668.27,692.7,677.6171428571428,12.478207288825212,6,5
19-06-2016,658.1,352.07,0.29,23.23,660.93,667.33,676.2985714285714,14.125373657090064,6,6
20-06-2016,657.8,346.53,0.25,23.03,658.1,687.84,672.0071428571428,14.590151603378041,6,0
21-06-2016,665.49,347.52,0.2,22.98,657.8,679.9,669.9485714285714,14.304702523497097,6,1
22-06-2016,669.31,352.58,0.28,23.33,665.49,683.64,667.9014285714285,12.983092118305633,6,2
23-06-2016,667.35,354.13,0.22,23.15,669.31,695.41,663.8928571428571,4.872818193087477,6,3
24-06-2016,672.74,351.26,0.26,23.29,667.35,668.27,664.5314285714286,5.755059885504388,6,4
25-06-2016,661.87,347.49,0.29,23.21,672.74,660.93,664.6657142857142,5.667318169833306,6,5
26-06-2016,677.85,355.79,0.25,23.38,661.87,658.1,667.4871428571429,6.67962752027033,6,6
27-06-2016,656.29,349.0,0.19,22.86,677.85,657.8,667.2714285714285,7.058258587338886,6,0
28-06-2016,690.55,349.81,0.21,23.32,656.29,665.49,670.8514285714285,11.164808445247838,6,1
29-06-2016,664.61,351.98,0.28,23.27,690.55,669.31,670.1800000000001,11.411554086394023,6,2
30-06-2016,646.0,355.65,0.23,22.96,664.61,667.35,667.13,14.679279046784323,6,3
01-07-2016,642.42,353.95,0.24,22.93,646.0,672.74,662.7985714285714,17.03266707298283,7,4
02-07-2016,659.68,352.98,0.26,23.17,642.42,661.87,662.4857142857143,17.072631955992836,7,5
03-07-2016,650.34,353.39,0.26,23.07,659.68,677.85,658.5557142857142,16.084108986971778,7,6
04-07-2016,660.33,352.47,0.25,23.14,650.34,656.29,659.1328571428572,16.06172646831223,7,0
05-07-2016,656.5,354.18,0.23,23.06,660.33,690.55,654.2685714285715,8.186782902076924,7,1
06-07-2016,649.13,345.73,0.23,22.86,656.5,664.61,652.0571428571428,6.92058936383901,7,2
07-07-2016,639.15,352.3,0.27,22.96,649.13,646.0,651.0785714285714,8.272136823038663,7,3
08-07-2016,630.44,354.09,0.26,22.86,639.15,642.42,649.3671428571428,11.113402890633811,7,4
09-07-2016,642.02,350.41,0.23,22.84,630.44,659.68,646.8442857142857,10.361130660861914,7,5
10-07-2016,656.31,355.03,0.27,23.19,642.02,650.34,647.6971428571429,10.927079076444974,7,6
11-07-2016,647.99,353.62,0.24,22.99,656.31,660.33,645.9342857142857,9.444128435424066,7,0
12-07-2016,630.23,359.44,0.22,22.81,647.99,656.5,642.1814285714287,9.760055376502905,7,1
13-07-2016,645.91,359.2,0.22,22.98,630.23,649.13,641.7214285714286,9.448901926629876,7,2
14-07-2016,647.61,353.68,0.21,22.89,645.91,639.15,642.9300000000001,9.604937966137827,7,3
15-07-2016,632.21,354.84,0.24,22.83,647.61,630.44,643.1828571428571,9.237601987324048,7,4
16-07-2016,643.51,355.33,0.28,23.08,632.21,642.02,643.3957142857143,9.223496909422046,7,5
17-07-2016,641.75,354.52,0.22,22.87,643.51,656.31,641.3157142857143,7.2581238557070735,7,6
18-07-2016,627.29,356.63,0.25,22.83,641.75,647.99,638.3585714285715,8.236543426648634,7,0
19-07-2016,644.0,354.19,0.23,22.92,627.29,630.23,640.3257142857143,7.590656223593842,7,1
20-07-2016,645.78,353.4,0.24,22.96,644.0,645.91,640.3071428571428,7.574859106030458,7,2
21-07-2016,651.27,358.67,0.2,22.98,645.78,647.61,640.8299999999999,8.258428018294747,7,3
22-07-2016,650.45,358.97,0.24,23.09,651.27,632.21,643.4357142857143,7.95740296232297,7,4
23-07-2016,622.1,355.15,0.24,22.72,650.45,643.51,640.3771428571428,11.325816695035542,7,5
24-07-2016,626.76,360.29,0.26,22.9,622.1,641.75,638.2357142857143,12.39009396943578,7,6
25-07-2016,643.08,356.19,0.25,23.0,626.76,627.29,640.4914285714285,11.468269890691285,7,0
26-07-2016,642.76,359.01,0.21,22.91,643.08,644.0,640.3142857142857,11.414493501894153,7,1
27-07-2016,642.51,360.92,0.28,23.15,642.76,645.78,639.8471428571429,11.21876064795983,7,2
28-07-2016,680.53,358.75,0.25,23.45,642.51,651.27,644.027142857143,18.962550561819175,7,3
29-07-2016,642.76,360.44,0.25,23.06,680.53,650.45,642.9285714285714,18.74999771428621,7,4
30-07-2016,649.1,357.94,0.25,23.09,642.76,622.1,646.7857142857143,16.378282222854,7,5
31-07-2016,646.95,359.14,0.23,23.02,649.1,626.76,649.6700000000001,13.845894698430602,7,6
01-08-2016,643.46,359.41,0.26,23.08,646.95,643.08,649.7242857142858,13.816464643248064,8,0
02-08-2016,632.55,358.14,0.26,22.94,643.46,642.76,648.2657142857142,15.14887768906077,8,1
03-08-2016,645.32,360.07,0.2,22.93,632.55,642.51,648.6671428571428,15.007508914191986,8,2
04-08-2016,628.52,356.39,0.24,22.81,645.32,680.53,641.2371428571429,7.698304389683112,8,3
05-08-2016,635.73,359.72,0.24,22.94,628.52,642.76,640.2328571428571,7.921834203193114,8,4
06-08-2016,634.21,360.6,0.26,22.99,635.73,649.1,638.1057142857143,7.1005653698455955,8,5
07-08-2016,642.38,360.95,0.29,23.18,634.21,646.95,637.4528571428572,6.318923205437133,8,6
08-08-2016,670.16,361.27,0.23,23.31,642.38,643.46,641.2671428571429,13.972608578079244,8,0
09-08-2016,623.85,362.06,0.24,22.84,670.16,632.55,640.0242857142857,15.209416882470684,8,1
10-08-2016,656.01,363.89,0.24,23.22,623.85,645.32,641.5514285714287,16.325498898524888,8,2
11-08-2016,631.83,365.3,0.23,22.94,656.01,628.52,642.0242857142857,15.928247295442926,8,3
12-08-2016,648.14,361.14,0.25,23.13,631.83,635.73,643.7971428571428,15.801039748791254,8,4
13-08-2016,669.8,359.79,0.28,23.44,648.14,634.21,648.8814285714286,17.801323385797488,8,5
14-08-2016,661.16,360.51,0.23,23.2,669.8,642.38,651.5642857142857,18.071309542240034,8,6
15-08-2016,651.22,362.38,0.27,23.24,661.16,670.16,648.8585714285715,16.13745687169266,8,0
16-08-2016,659.44,363.03,0.21,23.16,651.22,623.85,653.9428571428572,12.028392403374276,8,1
17-08-2016,680.44,362.06,0.24,23.47,659.44,656.01,657.4328571428572,15.709117007104071,8,2
18-08-2016,667.71,360.77,0.25,23.34,680.44,631.83,662.5585714285714,11.15691777713472,8,3
19-08-2016,683.87,363.47,0.31,23.74,667.71,648.14,667.6628571428572,11.624446530604732,8,4
20-08-2016,686.59,365.57,0.26,23.65,683.87,669.8,670.0614285714286,13.687974562333146,8,5
21-08-2016,682.94,367.02,0.2,23.45,686.59,661.16,673.1728571428573,13.802289320117241,8,6
22-08-2016,723.14,363.9,0.21,23.88,682.94,651.22,683.4471428571429,20.078512323946974,8,0
23-08-2016,709.69,364.56,0.27,23.92,723.14,659.44,690.6257142857145,19.01973261040921,8,1
24-08-2016,681.5,363.29,0.29,23.65,709.69,680.44,690.777142857143,18.929125454606343,8,2
25-08-2016,715.45,366.15,0.28,24.04,681.5,667.71,697.5971428571429,17.79953530693689,8,3
26-08-2016,710.45,363.99,0.28,23.95,715.45,683.87,701.3942857142857,17.20839994222195,8,4
27-08-2016,736.27,368.39,0.31,24.4,710.45,686.59,708.4914285714286,20.088706137672222,8,5
28-08-2016,721.0,361.7,0.26,23.98,736.27,682.94,713.9285714285714,16.921327202254258,8,6
29-08-2016,736.36,366.12,0.3,24.33,721.0,723.14,715.8171428571429,18.75872926958433,8,0
30-08-2016,751.25,368.3,0.23,24.32,736.36,709.69,721.7542857142856,22.66619131154296,8,1
31-08-2016,762.94,368.18,0.25,24.51,751.25,681.5,733.3885714285714,19.195905317343605,8,2
01-09-2016,741.74,375.8,0.22,24.29,762.94,715.45,737.1442857142857,17.607351549039656,9,3
02-09-2016,760.54,369.13,0.27,24.56,741.74,710.45,744.3000000000001,14.92457592920847,9,4
03-09-2016,765.69,365.37,0.28,24.59,760.54,736.27,748.5028571428571,16.359813277547918,9,5
04-09-2016,770.4,368.27,0.28,24.69,765.69,721.0,755.5600000000001,12.782252018588508,9,6
05-09-2016,811.98,363.54,0.28,25.08,770.4,736.36,766.3628571428571,22.278465472504337,9,0
06-09-2016,800.27,368.77,0.26,24.97,811.98,751.25,773.3657142857144,24.344732392000928,9,1
07-09-2016,783.88,366.78,0.28,24.82,800.27,762.94,776.3571428571429,24.135762341586986,9,2
08-09-2016,823.18,372.17,0.24,25.21,783.88,741.74,787.9914285714285,24.29590941466816,9,3
09-09-2016,848.84,368.06,0.33,25.71,823.18,760.54,800.6057142857143,29.93569099316305,9,4
10-09-2016,840.85,369.57,0.28,25.49,848.84,765.69,811.3428571428573,28.78183843693056,9,5
11-09-2016,810.7,368.26,0.27,25.11,840.85,770.4,817.1,22.592211784891315,9,6
12-09-2016,834.21,375.52,0.34,25.68,810.7,811.98,820.2757142857143,23.30375424485957,9,0
13-09-2016,869.06,369.64,0.25,25.72,834.21,800.27,830.102857142857,27.57431940186803,9,1
14-09-2016,846.95,376.26,0.26,25.6,869.06,783.88,839.1128571428573,18.89034825361617,9,2
15-09-2016,873.06,373.46,0.26,25.85,846.95,823.18,846.2385714285714,21.15101843771172,9,3
16-09-2016,886.64,372.71,0.29,26.08,873.06,848.84,851.6385714285715,26.158432310679864,9,4
17-09-2016,868.08,372.6,0.31,25.93,886.64,840.85,855.5285714285714,26.310910555998504,9,5
18-09-2016,890.26,372.9,0.32,26.21,868.08,810.7,866.8942857142857,20.190753541447332,9,6
19-09-2016,847.17,366.22,0.38,25.82,890.26,834.21,868.7457142857141,17.043031671961078,9,0
20-09-2016,891.39,371.36,0.23,25.93,847.17,869.06,871.9357142857143,19.079752668858216,9,1
21-09-2016,912.46,374.94,0.32,26.49,891.39,846.95,881.2942857142856,20.772873222181016,9,2
22-09-2016,904.37,372.51,0.29,26.28,912.46,873.06,885.7671428571429,22.036763006611658,9,3
23-09-2016,961.12,368.69,0.29,26.86,904.37,886.64,896.4071428571427,36.05213249092076,9,4
24-09-2016,917.97,372.96,0.29,26.43,961.12,868.08,903.5342857142857,34.412919500842676,9,5
25-09-2016,943.24,378.44,0.28,26.77,917.97,890.26,911.102857142857,36.75334076166286,9,6
26-09-2016,961.57,377.31,0.36,27.19,943.24,847.17,927.4457142857143,27.972450051878138,9,0
27-09-2016,992.96,373.64,0.33,27.4,961.57,891.39,941.9557142857144,32.1793778980393,9,1
28-09-2016,951.13,376.91,0.31,26.92,992.96,912.46,947.4800000000001,29.477732839100657,9,2
29-09-2016,1005.49,373.21,0.35,27.6,951.13,904.37,961.9257142857143,29.607312642400114,9,3
30-09-2016,993.53,369.44,0.27,27.17,1005.49,961.12,966.5557142857143,31.905279530272512,9,4
01-10-2016,984.09,372.02,0.27,27.1,993.53,917.97,976.0014285714286,23.90958693953358,10,5
02-10-2016,1018.59,379.72,0.25,27.54,984.09,943.24,986.7657142857144,23.662193373357514,10,6
03-10-2016,1022.2,374.46,0.3,27.65,1018.59,961.57,995.4271428571428,23.996591920720636,10,0
04-10-2016,1015.77,374.8,0.32,27.65,1022.2,992.96,998.6857142857143,25.127791955750908,10,1
05-10-2016,1036.42,374.88,0.32,27.88,1015.77,951.13,1010.87,17.849221271531,10,2
06-10-2016,1036.08,381.76,0.32,27.97,1036.42,1005.49,1015.24,19.93526857941494,10,3
07-10-2016,1053.6,381.18,0.28,28.04,1036.08,993.53,1023.8214285714286,21.86766519206971,10,4
08-10-2016,1072.14,383.23,0.35,28.49,1053.6,984.09,1036.4,20.484642214760516,10,5
09-10-2016,1097.97,376.32,0.33,28.62,1072.14,1018.59,1047.74,29.129661286509226,10,6
10-10-2016,1051.43,377.96,0.35,28.18,1097.97,1022.2,1051.9157142857143,26.86537849919208,10,0
11-10-2016,1124.79,372.75,0.27,28.69,1051.43,1015.77,1067.49,33.25841146737813,10,1
12-10-2016,1052.58,382.06,0.34,28.22,1124.79,1036.42,1069.7985714285714,31.24203441336387,10,2
13-10-2016,1095.52,374.33,0.29,28.44,1052.58,1036.08,1078.2900000000002,28.50820817472461,10,3
14-10-2016,1117.75,378.79,0.32,28.84,1095.52,1053.6,1087.4542857142858,29.540689936168846,10,4
15-10-2016,1119.06,375.09,0.35,28.9,1117.75,1072.14,1094.1571428571428,30.78368058690025,10,5
16-10-2016,1108.14,376.91,0.33,28.74,1119.06,1097.97,1095.61,31.230371969181597,10,6
17-10-2016,1123.63,376.43,0.31,28.85,1108.14,1051.43,1105.9242857142858,25.62737264277298,10,0
18-10-2016,1124.81,377.41,0.33,28.93,1123.63,1124.79,1105.9271428571428,25.62982748952825,10,1
19-10-2016,1129.66,377.9,0.29,28.88,1124.81,1052.58,1116.9385714285715,11.618220501401268,10,2
20-10-2016,1166.08,378.16,0.37,29.53,1129.66,1095.52,1127.0185714285715,18.50575714795779,10,3
21-10-2016,1162.54,382.66,0.33,29.43,1166.08,1117.75,1133.4171428571428,22.151191626554542,10,4
22-10-2016,1147.08,377.06,0.37,29.3,1162.54,1119.06,1137.42,21.650395685379202,10,5
23-10-2016,1186.77,381.39,0.32,29.65,1147.08,1108.14,1148.652857142857,24.177476925360843,10,6
24-10-2016,1180.48,384.74,0.32,29.63,1186.77,1123.63,1156.7742857142857,23.91799452096553,10,0
25-10-2016,1197.2,379.77,0.32,29.75,1180.48,1124.81,1167.1157142857144,23.439032870512097,10,1
26-10-2016,1199.16,379.45,0.37,29.92,1197.2,1129.66,1177.0442857142857,19.279520963229974,10,2
27-10-2016,1173.54,381.25,0.32,29.5,1199.16,1166.08,1178.1100000000001,18.77193738891992,10,3
28-10-2016,1184.66,385.88,0.36,29.81,1173.54,1162.54,1181.27,17.535165620362175,10,4
29-10-2016,1218.12,383.19,0.33,30.06,1184.66,1147.08,1191.4185714285716,14.792476047614558,10,5
30-10-2016,1220.23,381.3,0.28,29.91,1218.12,1186.77,1196.1985714285713,18.08062722785323,10,6
31-10-2016,1211.33,384.74,0.33,30.01,1220.23,1180.48,1200.6057142857142,17.35598250090264,10,0
01-11-2016,1218.96,380.21,0.31,29.97,1211.33,1197.2,1203.7142857142858,18.551815595918768,11,1
02-11-2016,1248.86,386.02,0.35,30.51,1218.96,1199.16,1210.814285714286,24.931717320947772,11,2
03-11-2016,1211.91,385.53,0.31,29.97,1248.86,1173.54,1216.2957142857142,18.846082578924786,11,3
04-11-2016,1241.0,383.67,0.37,30.44,1211.91,1184.66,1224.3442857142857,14.646249641859152,11,4
05-11-2016,1228.12,382.39,0.34,30.19,1241.0,1218.12,1225.7728571428572,14.4239635263597,11,5
06-11-2016,1231.23,382.6,0.34,30.23,1228.12,1220.23,1227.3442857142857,14.31826206533671,11,6
07-11-2016,1263.81,387.34,0.37,30.75,1231.23,1211.33,1234.8414285714284,17.841509118325114,11,0
08-11-2016,1260.74,389.85,0.38,30.78,1263.81,1218.96,1240.81,18.614805935067633,11,1
09-11-2016,1263.23,384.46,0.35,30.64,1260.74,1248.86,1242.8628571428574,20.36099352053052,11,2
10-11-2016,1276.77,388.22,0.33,30.79,1263.23,1211.91,1252.1285714285714,18.61030666824001,11,3
11-11-2016,1250.12,380.72,0.3,30.29,1276.77,1241.0,1253.4314285714286,18.01096094843188,11,4
12-11-2016,1266.93,385.76,0.33,30.64,1250.12,1228.12,1258.9757142857143,14.564440551275853,11,5
13-11-2016,1246.2,387.87,0.33,30.44,1266.93,1231.23,1261.1142857142856,10.280380760052012,11,6
14-11-2016,1261.87,385.53,0.35,30.64,1246.2,1263.81,1260.837142857143,10.221578016288698,11,0
15-11-2016,1252.67,385.85,0.34,30.52,1261.87,1260.74,1259.6842857142856,10.679210109912086,11,1
16-11-2016,1258.57,387.09,0.37,30.69,1252.67,1263.23,1259.0185714285715,10.565986984309669,11,2
17-11-2016,1270.31,390.49,0.33,30.75,1258.57,1276.77,1258.0957142857144,8.909376815373566,11,3
18-11-2016,1238.49,389.42,0.35,30.44,1270.31,1250.12,1256.4342857142856,11.385016259905688,11,4
19-11-2016,1303.99,383.45,0.39,31.21,1238.49,1266.93,1261.7285714285713,21.34202148233851,11,5
20-11-2016,1232.92,384.27,0.36,30.33,1303.99,1246.2,1259.8314285714284,23.43961918673736,11,6
21-11-2016,1226.62,389.51,0.35,30.31,1232.92,1261.87,1254.7957142857142,26.513608994344498,11,0
22-11-2016,1277.88,393.37,0.33,30.87,1226.62,1252.67,1258.3971428571426,27.854988610236603,11,1
23-11-2016,1266.75,383.86,0.33,30.62,1277.88,1258.57,1259.5657142857142,28.034454312000584,11,2
24-11-2016,1259.55,391.5,0.32,30.61,1266.75,1270.31,1258.0285714285715,27.63935806573545,11,3
25-11-2016,1255.67,392.02,0.33,30.61,1259.55,1238.49,1260.482857142857,26.347824523916117,11,4
26-11-2016,1236.91,398.68,0.37,30.61,1255.67,1303.99,1250.8999999999999,19.084187171588674,11,5
27-11-2016,1212.36,393.74,0.34,30.18,1236.91,1232.92,1247.962857142857,23.405486332832822,11,6
28-11-2016,1228.54,396.84,0.3,30.28,1212.36,1226.62,1248.2371428571428,23.123234861853202,11,0
29-11-2016,1206.16,396.76,0.39,30.3,1228.54,1277.88,1237.9914285714287,23.682160253785,11,1
30-11-2016,1236.13,390.25,0.35,30.42,1206.16,1266.75,1233.6171428571429,20.031380144074795,11,2
01-12-2016,1204.98,400.19,0.3,30.07,1236.13,1259.55,1225.8214285714287,18.840107420588033,12,3
02-12-2016,1183.35,399.17,0.32,29.87,1204.98,1255.67,1215.49,19.5593711555422,12,4
03-12-2016,1186.97,400.85,0.34,29.99,1183.35,1236.91,1208.3557142857142,19.552074789435732,12,5
04-12-2016,1195.05,412.56,0.38,30.37,1186.97,1212.36,1205.8828571428571,20.049540073106897,12,6
05-12-2016,1166.36,394.09,0.3,29.55,1195.05,1228.54,1197.0,22.016200095996133,12,0
06-12-2016,1152.81,407.09,0.36,29.76,1166.36,1206.16,1189.3785714285714,26.98927467753309,12,1
07-12-2016,1166.8,401.41,0.37,29.86,1152.81,1236.13,1179.4742857142858,18.293702793722478,12,2
08-12-2016,1158.15,404.06,0.31,29.63,1166.8,1204.98,1172.7842857142857,15.805317519906161,12,3
09-12-2016,1133.81,403.79,0.32,29.38,1158.15,1183.35,1165.7071428571428,20.638182021271927,12,4
10-12-2016,1125.63,403.37,0.29,29.19,1133.81,1186.97,1156.9442857142858,22.993339511803345,12,5
11-12-2016,1130.84,403.7,0.31,29.31,1125.63,1195.05,1147.7714285714285,17.38083755996853,12,6
12-12-2016,1087.79,407.43,0.32,28.92,1130.84,1166.36,1136.547142857143,26.403616364868732,12,0
13-12-2016,1079.51,402.22,0.34,28.81,1087.79,1152.81,1126.0757142857142,32.67033611558163,12,1
14-12-2016,1083.98,410.42,0.35,29.0,1079.51,1166.8,1114.2442857142855,30.38038833258099,12,2
15-12-2016,1084.57,407.41,0.29,28.79,1083.98,1158.15,1103.7328571428573,24.890522101324596,12,3
16-12-2016,1085.36,405.87,0.25,28.66,1084.57,1133.81,1096.8114285714285,21.65953479692933,12,4
17-12-2016,1098.3,408.88,0.31,29.02,1085.36,1125.63,1092.9071428571428,17.700350010000847,12,5
18-12-2016,1076.86,415.28,0.31,28.87,1098.3,1130.84,1085.1957142857143,6.857606135169461,12,6
19-12-2016,1048.13,410.16,0.31,28.48,1076.86,1087.79,1079.53,15.408845944251848,12,0
20-12-2016,1041.56,413.87,0.29,28.4,1048.13,1079.51,1074.1085714285714,21.057747923731156,12,1
21-12-2016,1014.14,411.02,0.3,28.08,1041.56,1083.98,1064.1314285714286,30.173258816697437,12,2
22-12-2016,1023.44,416.69,0.34,28.39,1014.14,1084.57,1055.3985714285714,32.05924433949459,12,3
23-12-2016,1009.67,417.17,0.31,28.15,1023.44,1085.36,1044.5857142857144,33.01959209174367,12,4
24-12-2016,1012.13,421.75,0.28,28.15,1009.67,1098.3,1032.2757142857142,24.66156581751891,12,5
25-12-2016,982.99,415.71,0.28,27.74,1012.13,1076.86,1018.8657142857144,21.724346447518847,12,6
26-12-2016,998.89,419.2,0.28,27.97,982.99,1048.13,1011.8314285714285,18.384531023465883,12,0
27-12-2016,1008.77,417.95,0.34,28.24,998.89,1041.56,1007.147142857143,12.909509046045285,12,1
28-12-2016,972.12,422.59,0.28,27.71,1008.77,1014.14,1001.1442857142857,17.915045685265955,12,2
29-12-2016,973.66,416.45,0.28,27.64,972.12,1023.44,994.0328571428571,17.464121997491475,12,3
30-12-2016,971.58,421.94,0.27,27.67,973.66,1009.67,988.5914285714285,17.712142189831045,12,4
31-12-2016,946.12,419.35,0.31,27.47,971.58,1012.13,979.1614285714286,20.451583010111154,12,5
01-01-2017,950.24,420.32,0.34,27.62,946.12,982.99,974.482857142857,23.015108598699836,1,6
02-01-2017,939.86,421.38,0.29,27.37,950.24,998.89,966.0500000000001,23.39306663665748,1,0
03-01-2017,934.32,422.44,0.28,27.29,939.86,1008.77,955.4142857142857,16.700194467087396,1,1
04-01-2017,912.66,421.71,0.27,27.01,934.32,972.12,946.92,21.280494981722537,1,2
05-01-2017,918.66,423.34,0.2,26.89,912.66,973.66,939.0628571428572,19.868794389108057,1,3
06-01-2017,918.99,428.45,0.29,27.23,918.66,971.58,931.5500000000001,14.82715863993512,1,4
07-01-2017,926.87,426.94,0.27,27.24,918.99,946.12,928.8000000000001,13.38997012694474,1,5
08-01-2017,911.08,427.03,0.28,27.09,926.87,950.24,923.2057142857144,10.88577337194013,1,6
09-01-2017,922.28,423.01,0.24,27.04,911.08,939.86,920.6942857142857,8.065783403070242,1,0
10-01-2017,867.89,422.0,0.25,26.45,922.28,934.32,911.2042857142858,19.843357290839663,1,1
11-01-2017,885.86,428.74,0.25,26.75,867.89,912.66,907.3757142857143,21.985453415957938,1,2
12-01-2017,867.1,428.94,0.29,26.66,885.86,918.66,900.01,25.868844839571693,1,3
13-01-2017,890.05,431.43,0.25,26.83,867.1,918.99,895.8757142857143,24.611981402803277,1,4
14-01-2017,836.0,424.79,0.32,26.34,890.05,926.87,882.8942857142857,29.09562043627782,1,5
15-01-2017,827.69,426.51,0.27,26.12,836.0,911.08,870.9814285714285,32.50383640361412,1,6
16-01-2017,823.48,422.12,0.21,25.83,827.69,922.28,856.867142857143,27.596337748755747,1,0
17-01-2017,793.05,426.83,0.25,25.68,823.48,867.89,846.1757142857142,35.87089110367884,1,1
18-01-2017,809.01,432.02,0.23,25.87,793.05,885.86,835.1971428571429,33.37431533095611,1,2
19-01-2017,797.93,427.43,0.18,25.53,809.01,867.1,825.3157142857143,32.58480927117224,1,3
20-01-2017,803.48,431.65,0.29,25.98,797.93,890.05,812.9485714285713,16.25969395836331,1,4
21-01-2017,798.62,429.22,0.27,25.84,803.48,836.0,807.6085714285713,13.295339319462302,1,5
22-01-2017,812.84,431.41,0.26,26.0,798.62,827.69,805.4871428571429,10.433896227046942,1,6
23-01-2017,792.3,426.76,0.25,25.67,812.84,823.48,801.0328571428571,7.793911543214618,1,0
24-01-2017,763.79,431.42,0.2,25.27,792.3,793.05,796.8528571428571,16.152749729074745,1,1
25-01-2017,752.44,421.21,0.22,25.05,763.79,809.01,788.7714285714285,22.109603063367146,1,2
26-01-2017,764.71,431.31,0.26,25.45,752.44,797.93,784.0257142857143,23.346761272291545,1,3
27-01-2017,733.53,426.72,0.2,24.86,764.71,803.48,774.0328571428572,28.115165370492548,1,4
28-01-2017,769.55,436.95,0.16,25.29,733.53,798.62,769.88,25.941022853143057,1,5
29-01-2017,754.52,435.88,0.23,25.32,769.55,812.84,761.5485714285714,17.991197318494745,1,6
30-01-2017,726.73,435.22,0.23,24.99,754.52,792.3,752.1814285714287,16.30223954818337,1,0
31-01-2017,704.84,439.29,0.23,24.81,726.73,763.79,743.76,23.110556029672832,1,1
01-02-2017,739.49,431.12,0.25,25.14,704.84,752.44,741.91,22.816367663017317,2,2
02-02-2017,715.35,440.91,0.25,25.01,739.49,764.71,734.8585714285713,22.21506578022453,2,3
03-02-2017,727.94,438.5,0.23,25.06,715.35,733.53,734.0600000000001,22.370711507102076,2,4
04-02-2017,687.33,434.84,0.26,24.64,727.94,769.55,722.3142857142858,22.215282170286038,2,5
05-02-2017,695.97,440.05,0.18,24.57,687.33,754.52,713.95,18.833467551162084,2,6
06-02-2017,699.9,432.64,0.24,24.69,695.97,726.73,710.1171428571428,18.52671738715565,2,0
07-02-2017,697.08,434.05,0.24,24.68,699.9,704.84,709.0085714285715,19.117844568702306,2,1
08-02-2017,687.92,435.23,0.18,24.41,697.08,739.49,701.6414285714285,14.880852830166244,2,2
09-02-2017,698.74,435.93,0.18,24.54,687.92,715.35,699.2685714285715,13.599748071921606,2,3
10-02-2017,675.64,434.52,0.2,24.32,698.74,727.94,691.7971428571428,8.710355358817731,2,4
11-02-2017,685.45,442.95,0.2,24.55,675.64,687.33,691.5285714285714,8.898011816490744,2,5
12-02-2017,687.48,438.19,0.24,24.63,685.45,695.97,690.3157142857143,8.769408678589707,2,6
13-02-2017,691.6,440.79,0.2,24.59,687.48,699.9,689.13,7.760633565246503,2,0
14-02-2017,693.77,437.99,0.19,24.55,691.6,697.08,688.657142857143,7.281558245107174,2,1
15-02-2017,672.16,434.05,0.2,24.28,693.77,687.92,686.4057142857143,9.611246636387117,2,2
16-02-2017,670.08,441.91,0.25,24.52,672.16,698.74,682.3114285714286,9.585653218208613,2,3
17-02-2017,710.05,434.71,0.22,24.77,670.08,675.64,687.2271428571429,13.583563246692288,2,4
18-02-2017,705.09,441.74,0.22,24.81,710.05,685.45,690.0328571428572,15.099107826078772,2,5
19-02-2017,699.88,437.68,0.22,24.7,705.09,687.48,691.8042857142856,15.472458172683995,2,6
20-02-2017,739.69,450.12,0.26,25.44,699.88,691.6,698.6742857142857,23.80127227493203,2,0
21-02-2017,732.8,446.88,0.2,25.14,739.69,693.77,704.25,26.838702154426382,2,1
22-02-2017,760.2,444.6,0.27,25.62,732.8,672.16,716.8271428571428,29.763619691554954,2,2
23-02-2017,759.77,449.32,0.24,25.59,760.2,670.08,729.64,25.24825670550959,2,3
24-02-2017,803.25,442.4,0.23,25.95,759.77,710.05,742.9542857142858,35.63383076850875,2,4
25-02-2017,816.34,447.97,0.31,26.42,803.25,705.09,758.8471428571428,40.41925684386259,2,5
26-02-2017,805.56,447.35,0.21,25.99,816.34,699.88,773.9442857142857,33.94063192161697,2,6
27-02-2017,842.45,448.2,0.23,26.47,805.56,739.69,788.6242857142857,38.56371129147194,2,0
28-02-2017,857.43,452.43,0.21,26.64,842.45,732.8,806.4285714285714,37.24219445225525,2,1
01-03-2017,889.33,451.12,0.28,27.19,857.43,760.2,824.8757142857143,42.18090557632229,3,2
02-03-2017,873.51,450.15,0.3,27.06,889.33,759.77,841.1242857142859,34.04359942640119,3,3
03-03-2017,921.73,443.78,0.3,27.51,873.51,803.25,858.0500000000001,40.84780899877598,3,4
04-03-2017,950.24,446.89,0.29,27.84,921.73,816.34,877.1785714285714,48.664184786687315,3,5
05-03-2017,924.58,450.51,0.26,27.52,950.24,805.56,894.1814285714287,39.376839397707286,3,6
06-03-2017,956.57,451.89,0.25,27.87,924.58,842.45,910.4842857142858,37.98886672748387,3,0
07-03-2017,963.4,448.06,0.22,27.8,956.57,857.43,925.6228571428571,34.253966054700975,3,1
08-03-2017,1017.93,461.47,0.33,28.93,963.4,889.33,943.9942857142858,44.498832515454694,3,2
09-03-2017,1059.12,458.81,0.29,29.23,1017.93,873.51,970.51,50.4069942236891,3,3
10-03-2017,1097.08,456.05,0.26,29.53,1059.12,921.73,995.5600000000001,63.89203054111675,3,4
11-03-2017,1091.98,454.67,0.32,29.63,1097.08,950.24,1015.8085714285714,69.36140964267778,3,5
12-03-2017,1145.12,454.17,0.26,30.04,1091.98,924.58,1047.314285714286,71.08276158984236,3,6
13-03-2017,1105.88,451.98,0.3,29.69,1145.12,956.57,1068.6442857142858,61.001624529502095,3,0
14-03-2017,1119.64,456.23,0.29,29.87,1105.88,963.4,1090.9642857142858,41.561431583119635,3,1
15-03-2017,1174.24,457.36,0.31,30.56,1119.64,1017.93,1113.2942857142857,37.582245301538144,3,2
16-03-2017,1203.3,452.33,0.3,30.78,1174.24,1059.12,1133.8914285714286,42.172325613122815,3,3
17-03-2017,1213.1,458.52,0.26,30.86,1203.3,1097.08,1150.4657142857143,47.726649039835365,3,4
18-03-2017,1185.83,457.13,0.31,30.69,1213.1,1091.98,1163.8728571428571,41.309385016922796,3,5
19-03-2017,1246.47,451.08,0.34,31.37,1185.83,1145.12,1178.3514285714284,50.40173093210728,3,6
20-03-2017,1234.47,455.26,0.31,31.21,1246.47,1105.88,1196.7214285714288,42.38119607741766,3,0
21-03-2017,1294.02,457.21,0.33,31.96,1234.47,1119.64,1221.6328571428571,40.739835425248216,3,1
22-03-2017,1300.24,465.95,0.28,32.0,1294.02,1174.24,1239.6328571428571,44.014022657288336,3,2
23-03-2017,1281.36,461.31,0.31,31.82,1300.24,1203.3,1250.7842857142857,43.15476522824389,3,3
24-03-2017,1301.42,454.58,0.3,31.92,1281.36,1213.1,1263.4014285714286,43.21173969674353,3,4
25-03-2017,1296.89,461.45,0.34,32.08,1301.42,1185.83,1279.2671428571427,27.524650596805817,3,5
26-03-2017,1327.41,454.12,0.32,32.26,1296.89,1246.47,1290.8300000000002,28.43654573490548,3,6
27-03-2017,1356.83,463.9,0.34,32.79,1327.41,1234.47,1308.31,25.47063799750631,3,0
28-03-2017,1313.24,458.24,0.35,32.25,1356.83,1294.02,1311.0557142857142,24.69766713486862,3,1
29-03-2017,1350.14,459.66,0.34,32.65,1313.24,1300.24,1318.1842857142858,28.03192992353703,3,2
30-03-2017,1324.91,464.86,0.33,32.41,1350.14,1281.36,1324.4057142857143,22.85096121766897,3,3
31-03-2017,1317.64,455.19,0.29,32.08,1324.91,1301.42,1326.7228571428573,20.86802315688215,3,4
01-04-2017,1332.58,454.7,0.32,32.33,1317.64,1296.89,1331.8214285714287,16.202803696244015,4,5
02-04-2017,1308.14,457.56,0.3,32.03,1332.58,1327.41,1329.0685714285714,18.54493140867218,4,6
03-04-2017,1316.98,463.37,0.31,32.24,1308.14,1356.83,1323.3757142857144,14.213040792575448,4,0
04-04-2017,1298.32,453.78,0.31,31.9,1316.98,1313.24,1321.2442857142858,16.858817531826425,4,1
05-04-2017,1369.88,448.73,0.29,32.57,1298.32,1350.14,1324.064285714286,23.022170370567032,4,2
06-04-2017,1319.56,457.23,0.26,32.04,1369.88,1324.91,1323.3,23.078151283555055,4,3
07-04-2017,1297.31,460.63,0.3,31.96,1319.56,1317.64,1320.3957142857143,25.099823277693012,4,4
08-04-2017,1313.55,462.69,0.32,32.23,1297.31,1332.58,1317.6771428571428,24.585494852511157,4,5
09-04-2017,1300.07,456.26,0.27,31.83,1313.55,1308.14,1316.5242857142857,25.2864593917659,4,6
10-04-2017,1291.29,456.09,0.31,31.85,1300.07,1316.98,1312.8542857142857,27.01453118671686,4,0
11-04-2017,1304.02,461.43,0.37,32.25,1291.29,1298.32,1313.6685714285716,26.58592072794136,4,1
12-04-2017,1300.17,449.96,0.34,31.96,1304.02,1369.88,1303.7099999999998,9.739454125703281,4,2
13-04-2017,1263.03,454.94,0.36,31.67,1300.17,1319.56,1295.6342857142859,15.896863272507016,4,3
14-04-2017,1254.22,456.6,0.32,31.48,1263.03,1297.31,1289.4785714285715,22.223661885906044,4,4
15-04-2017,1252.93,457.07,0.34,31.53,1254.22,1313.55,1280.8185714285714,23.075030103680202,4,5
16-04-2017,1198.82,453.08,0.29,30.72,1252.93,1300.07,1266.3542857142857,36.70463497395771,4,6
17-04-2017,1207.93,454.55,0.29,30.84,1198.82,1291.29,1254.445714285714,40.583843606844596,4,0
18-04-2017,1263.0,444.86,0.22,31.11,1207.93,1304.02,1248.5857142857144,34.779014197810305,4,1
19-04-2017,1259.48,450.97,0.34,31.51,1263.0,1300.17,1242.7728571428572,27.321239426672964,4,2
20-04-2017,1208.16,454.44,0.35,31.02,1259.48,1263.03,1234.9342857142856,28.391009056357355,4,3
21-04-2017,1216.2,448.67,0.29,30.85,1208.16,1254.22,1229.5028571428572,27.71530306183927,4,4
22-04-2017,1200.28,451.85,0.29,30.71,1216.2,1252.93,1221.9814285714288,27.440752193634573,4,5
23-04-2017,1248.85,452.65,0.28,31.24,1200.28,1198.82,1229.1285714285714,26.913026851058316,4,6
24-04-2017,1196.41,449.2,0.31,30.69,1248.85,1207.93,1227.4828571428573,28.717105653998793,4,0
25-04-2017,1159.45,450.43,0.33,30.36,1196.41,1263.0,1212.69,33.623490796367584,4,1
26-04-2017,1131.53,445.73,0.24,29.71,1159.45,1259.48,1194.4114285714288,38.388655194199494,4,2
27-04-2017,1107.43,447.82,0.31,29.68,1131.53,1208.16,1180.0214285714285,49.61413455477329,4,3
28-04-2017,1133.52,450.1,0.28,29.91,1107.43,1216.2,1168.21,49.40698162540839,4,4
29-04-2017,1103.05,447.84,0.29,29.57,1133.52,1200.28,1154.32,52.461279371870546,4,5
30-04-2017,1078.76,444.53,0.3,29.28,1103.05,1248.85,1130.0214285714285,39.058852359217866,4,6
01-05-2017,1083.13,446.78,0.28,29.3,1078.76,1196.41,1113.8385714285714,29.188277571983978,5,0
02-05-2017,1063.51,447.87,0.28,29.1,1083.13,1159.45,1100.1328571428571,26.612558886291485,5,1
03-05-2017,1105.97,437.38,0.28,29.42,1063.51,1131.53,1096.4814285714285,23.109633221217326,5,2
04-05-2017,1078.97,448.14,0.31,29.36,1105.97,1107.43,1092.4157142857143,23.364501462080735,5,3
05-05-2017,1050.75,442.18,0.29,28.9,1078.97,1133.52,1080.5914285714284,19.761801898760655,5,4
06-05-2017,1067.42,444.23,0.29,29.12,1050.75,1103.05,1075.5014285714285,17.468616076243535,5,5
07-05-2017,1030.05,446.32,0.24,28.58,1067.42,1078.76,1068.5428571428572,24.314527011843538,5,6
08-05-2017,1001.81,436.6,0.27,28.22,1030.05,1083.13,1056.9257142857143,33.77119278179115,5,0
09-05-2017,1034.27,438.31,0.3,28.69,1001.81,1063.51,1052.7485714285715,34.6187562016968,5,1
10-05-2017,1005.53,439.17,0.27,28.29,1034.27,1105.97,1038.3999999999999,29.287802352972815,5,2
11-05-2017,966.82,436.81,0.29,27.89,1005.53,1078.97,1022.3785714285715,33.733318064180594,5,3
12-05-2017,971.39,445.05,0.32,28.14,966.82,1050.75,1011.0414285714285,35.87664348317955,5,4
13-05-2017,949.21,435.36,0.3,27.7,971.39,1067.42,994.1542857142857,32.58617900130172,5,5
14-05-2017,930.54,435.83,0.27,27.41,949.21,1030.05,979.9385714285714,35.85810853376347,5,6
15-05-2017,960.14,437.92,0.25,27.71,930.54,1001.81,973.9857142857143,35.072287662838214,5,0
16-05-2017,966.86,432.45,0.19,27.53,960.14,1034.27,964.3557142857143,22.904928768823332,5,1
17-05-2017,902.04,434.72,0.26,27.04,966.86,1005.53,949.5714285714286,25.18503287574759,5,2
18-05-2017,925.48,436.68,0.25,27.3,902.04,966.82,943.6657142857142,25.312897804048408,5,3
19-05-2017,896.74,433.9,0.27,27.0,925.48,971.39,933.0014285714286,27.33055215235288,5,4
20-05-2017,890.96,434.24,0.26,26.91,896.74,949.21,924.68,30.281444263224316,5,5
21-05-2017,881.14,432.25,0.25,26.74,890.96,930.54,917.6228571428571,34.19201744768723,5,6
22-05-2017,869.07,428.38,0.21,26.43,881.14,960.14,904.6128571428571,32.60730016130754,5,0
23-05-2017,876.09,434.32,0.23,26.66,869.07,966.86,891.6457142857143,18.89107007481321,5,1
24-05-2017,855.25,438.87,0.27,26.61,876.09,902.04,884.9614285714285,22.52807243461183,5,2
25-05-2017,865.75,432.47,0.31,26.75,855.25,925.48,876.4285714285714,14.507130923070552,5,3
26-05-2017,854.52,432.82,0.25,26.45,865.75,896.74,870.397142857143,13.388586823967447,5,4
27-05-2017,845.83,434.1,0.26,26.4,854.52,890.96,863.95,12.683844054546377,5,5
28-05-2017,830.35,427.02,0.28,26.19,845.83,881.14,856.6942857142857,15.439265804159005,5,6
29-05-2017,830.56,436.99,0.23,26.18,830.35,869.07,851.1928571428572,17.06950566974814,5,0
30-05-2017,846.26,431.56,0.26,26.37,830.56,876.09,846.9314285714287,13.073861236034412,5,1
31-05-2017,838.56,436.26,0.23,26.26,846.26,855.25,844.5471428571428,12.823439104866672,5,2
01-06-2017,813.2,427.93,0.28,26.01,838.56,865.75,837.04,13.694435609644193,6,3
02-06-2017,826.5,436.55,0.26,26.22,813.2,854.52,833.0371428571427,11.680514706533426,6,4
03-06-2017,833.98,432.83,0.26,26.25,826.5,845.83,831.3442857142857,10.293832874013107,6,5
04-06-2017,796.6,431.98,0.23,25.73,833.98,830.35,826.5228571428571,16.729373084773254,6,6
05-06-2017,828.35,430.82,0.27,26.19,796.6,830.56,826.2071428571428,16.661201151463704,6,0
06-06-2017,810.22,429.15,0.31,26.08,828.35,846.26,821.0585714285714,14.908000568566758,6,1
07-06-2017,828.51,434.14,0.22,26.09,810.22,838.56,819.6228571428572,13.34344872248282,6,2
08-06-2017,809.09,430.5,0.24,25.88,828.51,813.2,819.0357142857143,13.757183404974269,6,3
09-06-2017,794.13,423.28,0.26,25.67,809.09,826.5,814.4114285714286,16.07509194226838,6,4
10-06-2017,797.35,426.24,0.27,25.78,794.13,833.98,809.1785714285714,14.531203699362885,6,5
11-06-2017,822.92,429.5,0.23,25.99,797.35,796.6,812.9385714285714,14.133756788355331,6,6
12-06-2017,827.01,431.26,0.17,25.88,822.92,828.35,812.7471428571429,13.897331535569082,6,0
13-06-2017,810.87,430.07,0.29,26.04,827.01,810.22,812.84,13.87979226549636,6,1
14-06-2017,835.07,434.54,0.27,26.32,810.87,828.51,813.7771428571428,15.266347210215583,6,2
15-06-2017,802.3,423.71,0.2,25.59,835.07,809.09,812.8071428571429,15.819488734138135,6,3
16-06-2017,827.66,431.03,0.23,26.07,802.3,794.13,817.5971428571429,14.216776139811932,6,4
17-06-2017,812.31,424.38,0.3,26.01,827.66,797.35,819.7342857142856,11.53787799257003,6,5
18-06-2017,822.58,433.38,0.3,26.25,812.31,822.92,819.6857142857143,11.522937786784174,6,6
19-06-2017,835.14,430.56,0.28,26.29,822.58,827.01,820.8471428571428,12.730645066512833,6,0
20-06-2017,823.7,432.47,0.25,26.1,835.14,810.87,822.6800000000001,11.954746616581685,6,1
21-06-2017,833.23,428.19,0.26,26.18,823.7,835.07,822.4171428571428,11.653343889610744,6,2
22-06-2017,856.81,435.75,0.25,26.52,833.23,802.3,830.2042857142858,13.9552533204561,6,3
23-06-2017,835.48,435.09,0.29,26.39,856.81,827.66,831.3214285714286,14.03043290918188,6,4
24-06-2017,859.81,433.69,0.23,26.46,835.48,812.31,838.1071428571429,14.770246798080228,6,5
25-06-2017,832.74,431.41,0.23,26.13,859.81,822.58,839.5585714285714,13.42838216685306,6,6
26-06-2017,861.26,434.06,0.29,26.67,832.74,835.14,843.2900000000001,15.469820080833037,6,0
27-06-2017,878.58,429.81,0.26,26.71,861.26,823.7,851.13,17.641092180852926,6,1
28-06-2017,821.48,435.43,0.3,26.27,878.58,833.23,849.4514285714286,20.025975156091565,6,2
29-06-2017,850.84,438.4,0.24,26.46,821.48,856.81,848.5985714285715,19.786047633430893,6,3
30-06-2017,875.86,436.62,0.26,26.78,850.84,835.48,854.3671428571428,21.162387006421138,6,4
01-07-2017,867.43,430.63,0.23,26.51,875.86,859.81,855.4557142857144,21.67870833878518,7,5
02-07-2017,880.34,434.65,0.26,26.8,867.43,832.74,862.2557142857142,20.814027206945095,7,6
03-07-2017,868.96,429.17,0.22,26.47,880.34,861.26,863.3557142857144,20.955621248361606,7,0
04-07-2017,884.01,435.9,0.25,26.83,868.96,878.58,864.1314285714286,21.700372061765908,7,1
05-07-2017,884.4,435.75,0.22,26.74,884.01,821.48,873.12,11.913204158972523,7,2
06-07-2017,909.99,427.96,0.28,27.09,884.4,850.84,881.5699999999999,14.228654187941752,7,3
07-07-2017,899.83,430.71,0.28,27.02,909.99,875.86,884.9942857142858,15.456772902888352,7,4
08-07-2017,905.8,434.06,0.21,26.92,899.83,867.43,890.4757142857143,14.986227963415852,7,5
09-07-2017,898.32,434.3,0.31,27.14,905.8,880.34,893.0442857142856,14.492178185885981,7,6
10-07-2017,901.85,431.44,0.34,27.23,898.32,868.96,897.7428571428571,10.025726431348279,7,0
11-07-2017,907.63,437.33,0.27,27.17,901.85,884.01,901.1171428571428,8.49072771574408,7,1
12-07-2017,926.31,437.17,0.25,27.32,907.63,884.4,907.1042857142857,9.459129377034651,7,2
13-07-2017,917.89,435.95,0.35,27.51,926.31,909.99,908.2328571428571,10.295139167405297,7,3
14-07-2017,934.97,434.32,0.23,27.31,917.89,899.83,913.2528571428572,13.563451766035799,7,4
15-07-2017,970.38,440.98,0.27,27.93,934.97,905.8,922.4785714285715,24.886315134074035,7,5
16-07-2017,955.61,443.46,0.28,27.83,970.38,898.32,930.6628571428572,25.03713689321507,7,6
17-07-2017,940.81,436.32,0.31,27.65,955.61,901.85,936.2285714285715,21.668305908687277,7,0
18-07-2017,972.54,436.24,0.28,27.91,940.81,907.63,945.5014285714286,21.27531153596717,7,1
19-07-2017,950.61,440.48,0.26,27.67,972.54,926.31,948.9728571428572,19.53315191692325,7,2
20-07-2017,928.07,437.88,0.25,27.35,950.61,917.89,950.4271428571428,17.05503319090689,7,3
21-07-2017,951.69,439.03,0.27,27.69,928.07,934.97,952.8157142857143,15.641715439965084,7,4
22-07-2017,942.37,442.51,0.25,27.57,951.69,970.38,948.8142857142857,13.883493625099291,7,5
23-07-2017,975.02,433.58,0.28,27.9,942.37,955.61,951.5871428571429,17.045258103343663,7,6
24-07-2017,987.66,445.36,0.26,28.15,975.02,940.81,958.28,20.875778628195313,7,0
25-07-2017,1023.48,441.38,0.24,28.44,987.66,972.54,965.5571428571428,32.382566150264836,7,1
26-07-2017,1005.63,440.08,0.32,28.46,1023.48,950.61,973.4171428571428,34.741289418734624,7,2
27-07-2017,1002.09,441.64,0.27,28.29,1005.63,928.07,983.9914285714286,29.509331534603543,7,3
28-07-2017,1027.56,442.25,0.25,28.52,1002.09,951.69,994.8299999999999,29.60101237007681,7,4
29-07-2017,978.35,436.68,0.28,27.98,1027.56,942.37,999.97,20.78429374953061,7,5
30-07-2017,1029.76,448.56,0.29,28.76,978.35,975.02,1007.7900000000001,20.119625576373114,7,6
31-07-2017,1046.31,443.84,0.24,28.73,1029.76,987.66,1016.1685714285715,22.420103648715873,7,0
01-08-2017,1010.99,445.72,0.3,28.54,1046.31,1023.48,1014.3842857142857,22.237510245188798,8,1
02-08-2017,1066.85,447.98,0.26,29.08,1010.99,1005.63,1023.13,29.176595072079866,8,2
03-08-2017,1058.49,441.42,0.34,29.13,1066.85,1002.09,1031.1871428571428,30.168602174164025,8,3
04-08-2017,1050.97,447.21,0.31,29.04,1058.49,1027.56,1034.5314285714287,30.98597232543299,8,4
05-08-2017,1077.89,445.04,0.28,29.22,1050.97,978.35,1048.7514285714285,22.61613320071542,8,5
06-08-2017,1116.5,449.49,0.27,29.68,1077.89,1029.76,1061.142857142857,32.20584559480335,8,6
07-08-2017,1083.14,439.34,0.29,29.23,1116.5,1046.31,1066.4042857142858,32.38667722852849,8,0
08-08-2017,1091.46,447.07,0.32,29.52,1083.14,1010.99,1077.9,22.080786519810722,8,1
09-08-2017,1084.61,445.75,0.3,29.36,1091.46,1066.85,1080.4371428571428,21.614920552162825,8,2
10-08-2017,1083.9,449.95,0.29,29.38,1084.61,1058.49,1084.0671428571427,19.32746208058133,8,3
11-08-2017,1124.41,450.59,0.3,29.88,1083.9,1050.97,1094.5585714285714,18.270830512572775,8,4
12-08-2017,1097.83,446.85,0.28,29.47,1124.41,1077.89,1097.4071428571428,16.728219385506492,8,5
13-08-2017,1123.65,447.34,0.29,29.79,1097.83,1116.5,1098.4285714285713,18.238453359659964,8,6
14-08-2017,1119.72,450.01,0.24,29.64,1123.65,1083.14,1103.6542857142856,18.367883980057936,8,0
15-08-2017,1146.48,447.68,0.33,30.17,1119.72,1091.46,1111.5142857142857,23.37077580879301,8,1
16-08-2017,1150.83,454.48,0.32,30.29,1146.48,1084.61,1120.9742857142858,24.057578748456585,8,2
17-08-2017,1172.77,450.62,0.28,30.36,1150.83,1083.9,1133.67,24.673291227561986,8,3
18-08-2017,1147.96,441.95,0.37,30.23,1172.77,1124.41,1137.0342857142857,24.805427401508613,8,4
19-08-2017,1160.28,451.64,0.31,30.32,1147.96,1097.83,1145.9557142857143,18.87723219219849,8,5
20-08-2017,1152.64,449.76,0.28,30.12,1160.28,1123.65,1150.097142857143,16.151233920135493,8,6
21-08-2017,1171.25,448.14,0.34,30.49,1152.64,1119.72,1157.4585714285715,10.88203631154519,8,0
22-08-2017,1196.16,450.1,0.33,30.76,1171.25,1146.48,1164.5557142857142,17.005870414991943,8,1
23-08-2017,1211.8,455.53,0.33,31.02,1196.16,1150.83,1173.2657142857145,23.265770176480796,8,2
24-08-2017,1182.96,460.52,0.3,30.67,1211.8,1172.77,1174.7214285714285,23.54667735129044,8,3
25-08-2017,1229.3,457.36,0.33,31.24,1182.96,1147.96,1186.3414285714284,27.821309835312054,8,4
26-08-2017,1247.51,454.55,0.31,31.34,1229.3,1160.28,1198.8028571428572,33.21530104950976,8,5
27-08-2017,1234.35,458.98,0.34,31.35,1247.51,1152.64,1210.4757142857143,28.279374614221297,8,6
28-08-2017,1274.31,456.18,0.27,31.54,1234.35,1171.25,1225.1985714285713,31.137222862983077,8,0
29-08-2017,1222.84,455.87,0.31,31.08,1274.31,1196.16,1229.01,28.51255629835205,8,1
30-08-2017,1219.6,454.74,0.38,31.24,1222.84,1211.8,1230.1242857142856,27.87312855131486,8,2
31-08-2017,1214.8,453.09,0.3,30.92,1219.6,1182.96,1234.672857142857,20.522366428108484,8,3
01-09-2017,1296.4,458.66,0.31,31.95,1214.8,1229.3,1244.2585714285713,30.727773229101437,9,4
02-09-2017,1284.77,461.24,0.32,31.88,1296.4,1247.51,1249.5814285714284,34.39343611241954,9,5
03-09-2017,1275.94,460.86,0.29,31.69,1284.77,1234.35,1255.5228571428572,34.91209089235747,9,6
04-09-2017,1291.08,460.25,0.26,31.76,1275.94,1274.31,1257.9185714285716,36.93305223805755,9,0
05-09-2017,1265.8,458.85,0.33,31.67,1291.08,1222.84,1264.0557142857142,33.546637117672546,9,1
06-09-2017,1356.53,465.17,0.34,32.8,1265.8,1219.6,1283.6171428571429,42.128568578534015,9,2
07-09-2017,1309.7,458.61,0.33,32.16,1356.53,1214.8,1297.1742857142858,29.740099673193576,9,3
08-09-2017,1316.56,466.94,0.33,32.35,1309.7,1296.4,1300.0542857142857,30.61586400171472,9,4
09-09-2017,1338.52,460.91,0.34,32.54,1316.56,1284.77,1307.732857142857,32.80565333103827,9,5
10-09-2017,1340.02,462.41,0.37,32.67,1338.52,1275.94,1316.8871428571426,31.364344253886042,9,6
11-09-2017,1341.13,460.32,0.33,32.53,1340.02,1291.08,1324.037142857143,30.18328053425629,9,0
12-09-2017,1323.83,464.49,0.32,32.37,1341.13,1265.8,1332.3271428571427,16.29719783100624,9,1
13-09-2017,1361.56,470.58,0.33,32.91,1323.83,1356.53,1333.0457142857142,17.600943021275697,9,2
14-09-2017,1403.21,469.44,0.36,33.45,1361.56,1309.7,1346.4042857142856,28.831706422586432,9,3
15-09-2017,1397.37,471.76,0.39,33.5,1403.21,1316.56,1357.9485714285713,30.98798876369968,9,4
16-09-2017,1410.7,470.63,0.33,33.46,1397.37,1338.52,1368.26,35.17218977165732,9,5
17-09-2017,1365.7,465.11,0.35,32.93,1410.7,1340.02,1371.9285714285713,33.00844509544783,9,6
18-09-2017,1360.67,468.59,0.36,32.96,1365.7,1341.13,1374.72,30.716454873571415,9,0
19-09-2017,1389.11,467.47,0.32,33.14,1360.67,1323.83,1384.0457142857142,21.0930516656928,9,1
20-09-2017,1400.54,476.0,0.35,33.48,1389.11,1361.56,1389.6142857142856,19.230584024020853,9,2
21-09-2017,1433.64,467.05,0.31,33.6,1400.54,1403.21,1393.9614285714285,25.29831577304212,9,3
22-09-2017,1369.68,475.52,0.3,32.98,1433.64,1397.37,1390.0057142857142,26.79696615735186,9,4
23-09-2017,1458.5,476.1,0.36,34.16,1369.68,1410.7,1396.8342857142857,37.07036635784619,9,5
24-09-2017,1422.02,480.23,0.34,33.75,1458.5,1365.7,1404.8799999999999,35.25411134416595,9,6
25-09-2017,1421.65,472.33,0.36,33.69,1422.02,1360.67,1413.5914285714284,29.587722920482502,9,0
26-09-2017,1412.97,477.17,0.36,33.67,1421.65,1389.11,1417.0,27.605305649461695,9,1
27-09-2017,1402.59,483.71,0.33,33.55,1412.97,1400.54,1417.292857142857,27.41177831656298,9,2
28-09-2017,1473.57,473.26,0.36,34.29,1402.59,1433.64,1422.997142857143,34.59419301669579,9,3
29-09-2017,1460.31,470.34,0.32,33.98,1473.57,1369.68,1435.9442857142858,27.55806346434756,9,4
30-09-2017,1430.64,469.59,0.4,33.88,1460.31,1458.5,1431.9642857142858,25.70724142931322,9,5
01-10-2017,1436.54,480.06,0.32,33.85,1430.64,1422.02,1434.0385714285715,25.35449758167747,10,6
02-10-2017,1468.02,470.71,0.36,34.19,1436.54,1421.65,1440.662857142857,27.5414715863752,10,0
03-10-2017,1527.53,477.06,0.33,34.86,1468.02,1412.97,1457.0285714285712,39.69749338374742,10,1
04-10-2017,1481.97,480.73,0.38,34.55,1527.53,1402.59,1468.3685714285716,32.180981665460315,10,2
05-10-2017,1454.36,480.33,0.36,34.17,1481.97,1473.57,1465.6242857142856,32.48117652690148,10,3
06-10-2017,1493.96,481.82,0.35,34.61,1454.36,1460.31,1470.4314285714286,34.01732814737265,10,4
07-10-2017,1498.9,481.61,0.39,34.78,1493.96,1430.64,1480.1828571428573,30.288999496129488,10,5
08-10-2017,1438.52,486.24,0.37,34.11,1498.9,1436.54,1480.4657142857143,29.81910900588924,10,6
09-10-2017,1515.96,478.21,0.38,34.89,1438.52,1468.02,1487.314285714286,31.91578389927338,10,0
10-10-2017,1516.54,479.82,0.34,34.8,1515.96,1527.53,1485.7442857142858,29.808522191454735,10,1
11-10-2017,1547.36,480.01,0.33,35.12,1516.54,1481.97,1495.0857142857144,37.64461663910435,10,2
12-10-2017,1584.49,486.76,0.38,35.78,1547.36,1454.36,1513.6757142857143,45.493825169706575,10,3
13-10-2017,1569.79,487.59,0.36,35.57,1584.49,1493.96,1524.5085714285713,48.91621558971486,10,4
14-10-2017,1536.16,486.4,0.39,35.27,1569.79,1498.9,1529.8314285714284,47.676696064424085,10,5
15-10-2017,1517.73,489.79,0.37,35.05,1536.16,1438.52,1541.1471428571426,27.540134176808742,10,6
16-10-2017,1625.36,481.17,0.38,36.16,1517.73,1515.96,1556.7757142857142,39.366655457445525,10,0
17-10-2017,1559.79,492.77,0.33,35.44,1625.36,1516.54,1562.9542857142856,35.16947391188228,10,1
18-10-2017,1563.14,492.76,0.43,35.78,1559.79,1547.36,1565.2085714285715,34.502732949041246,10,2
19-10-2017,1566.57,490.23,0.37,35.6,1563.14,1584.49,1562.6485714285716,33.48341949312903,10,3
20-10-2017,1577.24,494.85,0.4,35.88,1566.57,1569.79,1563.712857142857,33.86447780703743,10,4
21-10-2017,1571.81,481.95,0.35,35.48,1577.24,1536.16,1568.8057142857142,31.63769000056593,10,5
22-10-2017,1563.74,486.9,0.39,35.58,1571.81,1517.73,1575.3785714285714,22.80415271289136,10,6
23-10-2017,1568.5,486.6,0.34,35.48,1563.74,1625.36,1567.2557142857142,5.880506942878587,10,0
24-10-2017,1587.06,492.83,0.39,35.93,1568.5,1559.79,1571.1514285714288,8.54126147706136,10,1
25-10-2017,1576.31,486.4,0.37,35.66,1587.06,1563.14,1573.032857142857,7.909575872110794,10,2
26-10-2017,1575.36,494.04,0.38,35.78,1576.31,1566.57,1574.2885714285715,7.393439498605173,10,3
27-10-2017,1602.91,497.01,0.4,36.19,1575.36,1577.24,1577.9557142857143,13.19291079476343,10,4
28-10-2017,1596.55,494.92,0.35,35.94,1602.91,1571.81,1581.49,14.519279137311127,10,5
29-10-2017,1651.55,493.87,0.36,36.57,1596.55,1563.74,1594.0342857142857,28.156361541196915,10,6
30-10-2017,1535.25,489.44,0.4,35.33,1651.55,1568.5,1589.2842857142857,35.12439601243828,10,0
31-10-2017,1648.13,490.59,0.45,36.76,1535.25,1587.06,1598.0085714285713,41.48778471975675,10,1
01-11-2017,1656.94,499.48,0.38,36.77,1648.13,1576.31,1609.527142857143,45.461999777946744,11,2
02-11-2017,1564.2,498.24,0.4,35.78,1656.94,1575.36,1607.9328571428573,47.028580924901696,11,3
03-11-2017,1619.05,495.62,0.38,36.29,1564.2,1602.91,1610.2385714285715,47.13680813284757,11,4
04-11-2017,1622.46,494.75,0.44,36.5,1619.05,1596.55,1613.94,46.89945699757269,11,5
05-11-2017,1596.17,488.99,0.33,35.79,1622.46,1651.55,1606.0285714285715,44.08416247307966,11,6
06-11-2017,1618.95,493.42,0.39,36.29,1596.17,1535.25,1617.9857142857145,31.136860715855704,11,0
07-11-2017,1613.3,505.96,0.34,36.26,1618.95,1648.13,1613.01,28.157291536423884,11,1
08-11-2017,1702.52,493.88,0.31,36.99,1613.3,1656.94,1619.5214285714285,41.91738439223297,11,2
09-11-2017,1682.57,500.41,0.4,37.13,1702.52,1564.2,1636.4314285714286,39.69766551851068,11,3
10-11-2017,1696.89,504.35,0.39,37.32,1682.57,1619.05,1647.5514285714285,44.61496737963862,11,4
11-11-2017,1684.7,495.95,0.38,37.03,1696.89,1622.46,1656.4428571428573,44.98148867934481,11,5
12-11-2017,1633.36,502.39,0.39,36.58,1684.7,1596.17,1661.7557142857145,38.389281862327984,11,6
13-11-2017,1655.56,506.09,0.48,37.15,1633.36,1618.95,1666.9857142857143,33.80584064781207,11,0
14-11-2017,1690.14,503.05,0.38,37.2,1655.56,1613.3,1677.962857142857,24.72343875374172,11,1
15-11-2017,1642.43,515.23,0.41,36.92,1690.14,1702.52,1669.3785714285714,25.203146251071143,11,2
16-11-2017,1704.91,497.61,0.37,37.25,1642.43,1682.57,1672.57,28.367715217605475,11,3
17-11-2017,1679.86,509.3,0.4,37.23,1704.91,1696.89,1670.137142857143,26.61019147764048,11,4
18-11-2017,1679.54,504.99,0.39,37.13,1679.86,1684.7,1669.3999999999999,26.207972705530533,11,5
19-11-2017,1716.33,509.49,0.38,37.58,1679.54,1633.36,1681.252857142857,25.95270937320444,11,6
20-11-2017,1711.84,508.83,0.45,37.73,1716.33,1655.56,1689.292857142857,25.377870750124153,11,0
21-11-2017,1690.72,504.72,0.43,37.38,1711.84,1690.14,1689.3757142857144,25.38204408445555,11,1
22-11-2017,1740.78,509.3,0.4,37.91,1690.72,1642.43,1703.4257142857143,22.068725878610145,11,2
23-11-2017,1675.26,501.46,0.33,36.86,1740.78,1704.91,1699.19,24.452973234363103,11,3
24-11-2017,1730.69,512.14,0.39,37.81,1675.26,1679.86,1706.4514285714286,25.28896361958815,11,4
25-11-2017,1733.1,511.55,0.48,38.1,1730.69,1679.54,1714.1028571428574,23.851278592072454,11,5
26-11-2017,1708.18,513.59,0.39,37.58,1733.1,1716.33,1712.9385714285713,23.923252585845823,11,6
27-11-2017,1730.67,515.94,0.43,37.98,1708.18,1711.84,1715.6285714285716,24.82094574385732,11,0
28-11-2017,1684.45,513.75,0.44,37.46,1730.67,1690.72,1714.732857142857,25.956779277804326,11,1
29-11-2017,1754.51,513.48,0.4,38.12,1684.45,1740.78,1716.6942857142858,28.63378939711883,11,2
30-11-2017,1722.45,509.86,0.37,37.62,1754.51,1675.26,1723.4357142857145,22.05131731299847,11,3
01-12-2017,1714.16,511.16,0.33,37.43,1722.45,1730.69,1721.0742857142857,22.03006798079725,12,4
02-12-2017,1765.23,519.57,0.42,38.39,1714.16,1733.1,1725.6642857142856,27.597028739314357,12,5
03-12-2017,1712.44,521.19,0.37,37.67,1765.23,1708.18,1726.2728571428574,27.191190187448033,12,6
04-12-2017,1692.14,514.87,0.4,37.45,1712.44,1730.67,1720.7685714285715,29.915998745701824,12,0
05-12-2017,1689.02,516.6,0.36,37.32,1692.14,1684.45,1721.4214285714286,29.028007985728188,12,1
06-12-2017,1758.05,513.23,0.39,38.13,1689.02,1754.51,1721.9271428571428,29.723054864475852,12,2
07-12-2017,1700.14,522.36,0.4,37.64,1758.05,1722.45,1718.74,30.83304774643252,12,3
08-12-2017,1796.22,520.79,0.41,38.73,1700.14,1714.16,1730.462857142857,42.27737247996815,12,4
09-12-2017,1676.71,526.6,0.37,37.35,1796.22,1765.23,1717.817142857143,43.36948647543929,12,5
10-12-2017,1795.76,515.4,0.44,38.73,1676.71,1712.44,1729.7199999999998,52.185412074005704,12,6
11-12-2017,1749.51,517.96,0.38,38.07,1795.76,1692.14,1737.9157142857143,49.74786925325083,12,0
12-12-2017,1739.97,520.96,0.35,37.92,1749.51,1689.02,1745.1942857142858,44.89188674179929,12,1
13-12-2017,1725.73,523.15,0.4,37.94,1739.97,1758.05,1740.577142857143,45.01120590634403,12,2
14-12-2017,1754.8,520.01,0.4,38.22,1725.73,1700.14,1748.3857142857141,41.42535972773039,12,3
15-12-2017,1740.23,517.72,0.4,38.02,1754.8,1796.22,1740.3871428571426,35.65323581121308,12,4
16-12-2017,1774.74,525.48,0.44,38.64,1740.23,1676.71,1754.3914285714288,23.732605860984116,12,5
17-12-2017,1742.2,525.25,0.39,38.12,1774.74,1795.76,1746.74,15.312746324563754,12,6
18-12-2017,1741.43,518.84,0.4,38.05,1742.2,1749.51,1745.5857142857144,15.373558314148898,12,0
19-12-2017,1723.17,528.77,0.37,37.9,1741.43,1739.97,1743.185714285714,17.55318476056518,12,1
20-12-2017,1730.22,528.42,0.42,38.12,1723.17,1725.73,1743.827142857143,16.87806042796286,12,2
21-12-2017,1738.73,524.5,0.4,38.1,1730.22,1754.8,1741.5314285714287,16.216754123009885,12,3
22-12-2017,1672.88,524.69,0.39,37.34,1738.73,1740.23,1731.91,30.66273634234962,12,4
23-12-2017,1680.77,527.09,0.34,37.31,1672.88,1774.74,1718.4857142857143,29.327549538023437,12,5
24-12-2017,1741.83,521.55,0.44,38.22,1680.77,1742.2,1718.4328571428573,29.277977340371603,12,6
25-12-2017,1720.09,525.7,0.36,37.79,1741.83,1741.43,1715.3842857142859,27.543967190146827,12,0
26-12-2017,1704.86,516.91,0.38,37.56,1720.09,1723.17,1712.7685714285715,27.550772178280315,12,1
27-12-2017,1706.52,530.05,0.41,37.85,1704.86,1730.22,1709.382857142857,26.484338588619654,12,2
28-12-2017,1711.76,520.17,0.36,37.62,1706.52,1738.73,1705.53,23.270172610743394,12,3
29-12-2017,1679.54,533.48,0.35,37.42,1711.76,1672.88,1706.4814285714288,21.80262478738529,12,4
30-12-2017,1666.98,526.12,0.33,37.11,1679.54,1680.77,1704.5114285714285,24.91400438079303,12,5
31-12-2017,1691.01,527.0,0.41,37.64,1666.98,1741.83,1697.2514285714285,18.907252954519304,12,6
01-01-2018,1649.66,525.62,0.38,37.06,1691.01,1720.09,1687.19,23.020362725214973,1,0
02-01-2018,1685.45,527.42,0.48,37.79,1649.66,1704.86,1684.417142857143,21.666410804360865,1,1
03-01-2018,1615.76,535.01,0.36,36.76,1685.45,1706.52,1671.4514285714286,31.26525996937904,1,2
04-01-2018,1691.08,518.83,0.36,37.37,1615.76,1711.76,1668.4971428571428,27.581709346533735,1,3
05-01-2018,1667.64,535.14,0.37,37.37,1691.08,1679.54,1666.797142857143,27.151010241671184,1,4
06-01-2018,1654.21,531.52,0.4,37.26,1667.64,1666.98,1664.972857142857,27.562567438647665,1,5
07-01-2018,1668.46,525.32,0.37,37.24,1654.21,1691.01,1661.7514285714285,25.231444950422322,1,6
08-01-2018,1681.04,526.22,0.4,37.48,1668.46,1649.66,1666.2342857142855,25.51120398122959,1,0
09-01-2018,1654.23,538.26,0.36,37.23,1681.04,1685.45,1661.7742857142855,24.291792754726306,1,1
10-01-2018,1563.26,527.46,0.34,36.0,1654.23,1615.76,1654.2742857142857,42.297649996643756,1,2
11-01-2018,1571.86,526.92,0.33,36.06,1563.26,1691.08,1637.2428571428572,48.548110404113785,1,3
12-01-2018,1582.83,537.01,0.32,36.3,1571.86,1667.64,1625.1271428571429,50.25062709867439,1,4
13-01-2018,1593.34,533.94,0.37,36.52,1582.83,1654.21,1616.4314285714286,49.64214420180589,1,5
14-01-2018,1598.94,528.84,0.37,36.51,1593.34,1668.46,1606.5,44.14861228472736,1,6
15-01-2018,1555.03,534.09,0.36,36.06,1598.94,1681.04,1588.4985714285715,32.96257748244569,1,0
16-01-2018,1572.17,529.12,0.42,36.36,1555.03,1654.23,1576.775714285714,15.828313088848704,1,1
17-01-2018,1536.87,538.53,0.41,36.07,1572.17,1563.26,1573.0057142857145,21.654538290435934,1,2
18-01-2018,1532.02,538.68,0.37,35.9,1536.87,1571.86,1567.314285714286,26.66234476883005,1,3
19-01-2018,1500.96,536.75,0.32,35.37,1532.02,1582.83,1555.6185714285714,35.2843437559245,1,4
20-01-2018,1505.28,536.34,0.36,35.54,1500.96,1593.34,1543.0385714285715,35.29206777194544,1,5
21-01-2018,1484.35,542.65,0.35,35.36,1505.28,1598.94,1526.668571428571,31.40254948704434,1,6
22-01-2018,1485.34,535.43,0.35,35.27,1484.35,1555.03,1516.712857142857,31.954621843223567,1,0
23-01-2018,1530.83,530.68,0.35,35.71,1485.34,1572.17,1510.8071428571427,22.383937480779032,1,1
24-01-2018,1467.16,537.99,0.35,35.1,1530.83,1536.87,1500.8485714285712,24.282478201773813,1,2
25-01-2018,1553.18,545.32,0.36,36.2,1467.16,1532.02,1503.8714285714284,29.554439276578275,1,3
26-01-2018,1486.16,532.33,0.35,35.24,1553.18,1500.96,1501.7571428571428,30.31698133296635,1,4
27-01-2018,1468.03,535.44,0.37,35.14,1486.16,1505.28,1496.435714285714,32.76584240595696,1,5
28-01-2018,1430.72,539.09,0.37,34.77,1468.03,1484.35,1488.7742857142857,41.23754513270661,1,6
29-01-2018,1461.31,537.38,0.33,34.97,1430.72,1485.34,1485.3414285714287,42.55038559503668,1,0
30-01-2018,1418.15,533.69,0.4,34.64,1461.31,1530.83,1469.2442857142858,43.76997405267724,1,1
31-01-2018,1425.96,543.05,0.33,34.65,1418.15,1467.16,1463.3585714285714,46.76458326147752,1,2
01-02-2018,1477.71,548.52,0.31,35.25,1425.96,1553.18,1452.577142857143,27.221185202157322,2,3
02-02-2018,1399.93,539.67,0.37,34.43,1477.71,1486.16,1440.2585714285717,28.94719469919341,2,4
03-02-2018,1420.87,535.23,0.33,34.49,1399.93,1468.03,1433.5214285714285,26.815981819672693,2,5
04-02-2018,1364.26,532.75,0.36,33.91,1420.87,1430.72,1424.027142857143,37.57855891963971,2,6
05-02-2018,1370.54,540.84,0.28,33.85,1364.26,1461.31,1411.06,38.224608129676376,2,0
06-02-2018,1404.43,544.8,0.39,34.62,1370.54,1418.15,1409.1000000000001,38.152155028700406,2,1
07-02-2018,1335.44,542.39,0.37,33.75,1404.43,1425.96,1396.1685714285716,46.015404460025266,2,2
08-02-2018,1384.04,540.62,0.3,34.06,1335.44,1477.71,1382.787142857143,28.720387482475477,2,3
09-02-2018,1346.89,538.38,0.3,33.61,1384.04,1399.93,1375.2099999999998,30.391883784995628,2,4
10-02-2018,1306.23,536.5,0.4,33.43,1346.89,1420.87,1358.8328571428572,32.50109932207754,2,5
11-02-2018,1324.15,545.15,0.32,33.51,1306.23,1364.26,1353.1028571428574,34.836630967180994,2,6
12-02-2018,1321.67,545.79,0.32,33.49,1324.15,1370.54,1346.1214285714286,35.647190833029434,2,0
13-02-2018,1303.06,535.42,0.27,32.99,1321.67,1404.43,1331.6399999999999,27.721075015242818,2,1
14-02-2018,1242.25,549.33,0.33,32.69,1303.06,1335.44,1318.3271428571427,43.48611836525453,2,2
15-02-2018,1251.57,545.22,0.33,32.73,1242.25,1384.04,1299.402857142857,38.6818030923709,2,3
16-02-2018,1252.4,549.11,0.36,32.89,1251.57,1346.89,1285.9042857142856,35.72219471475512,2,4
17-02-2018,1246.21,537.5,0.3,32.47,1252.4,1306.23,1277.33,37.20287668089838,2,5
18-02-2018,1251.66,537.69,0.29,32.51,1246.21,1324.15,1266.9742857142858,31.676686935961452,2,6
19-02-2018,1231.77,543.28,0.35,32.54,1251.66,1321.67,1254.1314285714286,22.780191269753455,2,0
20-02-2018,1188.65,546.42,0.36,32.13,1231.77,1303.06,1237.787142857143,22.867317809712404,2,1
21-02-2018,1216.35,552.36,0.29,32.32,1188.65,1242.25,1234.087142857143,24.087650165117054,2,2
22-02-2018,1211.5,547.92,0.36,32.41,1216.35,1251.57,1228.3628571428574,24.0015483627704,2,3
23-02-2018,1200.64,544.09,0.33,32.15,1211.5,1252.4,1220.9685714285715,23.325559249171448,2,4
24-02-2018,1202.04,540.97,0.36,32.21,1200.64,1246.21,1214.6585714285716,21.240443677568344,2,5
25-02-2018,1187.19,551.13,0.33,32.09,1202.04,1251.66,1205.4485714285713,15.80393772513578,2,6
26-02-2018,1169.87,541.86,0.25,31.53,1187.19,1231.77,1196.6057142857142,15.938585107814163,2,0
27-02-2018,1149.59,553.5,0.32,31.68,1169.87,1188.65,1191.0257142857142,23.991179529965706,2,1
28-02-2018,1107.79,545.45,0.36,31.21,1149.59,1216.35,1175.517142857143,36.64404076804983,2,2
01-03-2018,1141.71,553.96,0.3,31.53,1107.79,1211.5,1165.547142857143,34.66281615521899,3,3
02-03-2018,1128.3,550.29,0.31,31.36,1141.71,1200.64,1155.212857142857,33.20974691980037,3,4
03-03-2018,1120.84,547.03,0.32,31.26,1128.3,1202.04,1143.6128571428571,27.88104416643213,3,5
04-03-2018,1081.38,545.68,0.23,30.53,1120.84,1187.19,1128.497142857143,28.97896692103696,3,6
05-03-2018,1077.04,546.78,0.37,30.92,1081.38,1169.87,1115.2357142857143,28.118051649651694,3,0
06-03-2018,1110.83,550.47,0.29,31.11,1077.04,1149.59,1109.6985714285715,23.69360914438269,3,1
07-03-2018,1081.31,549.26,0.33,30.88,1110.83,1107.79,1105.9157142857143,26.04618005080901,3,2
08-03-2018,1087.35,546.63,0.31,30.85,1081.31,1141.71,1098.15,21.259239559959347,3,3
09-03-2018,1066.98,548.84,0.35,30.78,1087.35,1128.3,1089.3899999999999,19.30938804487983,3,4
10-03-2018,1059.46,550.25,0.33,30.65,1066.98,1120.84,1080.6214285714284,16.358495681249853,3,5
11-03-2018,1069.29,540.86,0.31,30.57,1059.46,1081.38,1078.8942857142856,16.894510802008615,3,6
12-03-2018,1034.68,552.59,0.29,30.29,1069.29,1077.04,1072.8428571428572,23.831607663156504,3,0
13-03-2018,1039.22,546.59,0.34,30.4,1034.68,1110.83,1062.6128571428571,19.843455440286395,3,1
14-03-2018,1022.1,546.16,0.25,29.93,1039.22,1081.31,1054.1542857142856,22.925432643810183,3,2
15-03-2018,1016.14,544.14,0.33,30.08,1022.1,1087.35,1043.9814285714285,21.494860183002825,3,3
16-03-2018,1012.18,544.02,0.28,29.88,1016.14,1066.98,1036.1528571428573,21.700863818689886,3,4
17-03-2018,1015.82,546.3,0.35,30.17,1012.18,1059.46,1029.9185714285716,20.098519372170678,3,5
18-03-2018,997.26,549.5,0.31,29.88,1015.82,1069.29,1019.6285714285715,14.136165709043244,3,6
19-03-2018,1022.94,561.63,0.33,30.4,997.26,1034.68,1017.9514285714286,12.673578064364118,3,0
20-03-2018,978.96,551.02,0.31,29.7,1022.94,1039.22,1009.342857142857,15.87946442665336,3,1
21-03-2018,986.56,554.5,0.25,29.65,978.96,1022.1,1004.2657142857144,16.777050651785995,3,2
22-03-2018,977.25,555.85,0.28,29.66,986.56,1016.14,998.71,18.536473055425148,3,3
23-03-2018,1006.02,555.02,0.32,30.09,977.25,1012.18,997.8299999999999,17.926606855021493,3,4
24-03-2018,979.63,554.47,0.31,29.76,1006.02,1015.82,992.66,17.07179447708534,3,5
25-03-2018,990.22,549.88,0.34,29.9,979.63,997.26,991.6542857142857,16.962656884244417,3,6
26-03-2018,942.53,562.02,0.31,29.45,990.22,1022.94,980.1671428571428,19.309361904113885,3,0
27-03-2018,969.63,563.99,0.27,29.66,942.53,978.96,978.8342857142858,19.724128081429033,3,1
28-03-2018,977.25,548.85,0.28,29.56,969.63,986.56,977.5042857142856,19.42802259381927,3,2
29-03-2018,960.43,552.17,0.3,29.48,977.25,977.25,975.1014285714285,20.476567443956693,3,3
30-03-2018,974.82,555.87,0.23,29.48,960.43,1006.02,970.6442857142857,15.38829193161561,3,4
31-03-2018,945.38,553.22,0.35,29.48,974.82,979.63,965.7514285714286,17.372189872137135,3,5
01-04-2018,976.54,560.18,0.31,29.8,945.38,990.22,963.7971428571428,14.729254014060889,4,6
02-04-2018,990.16,555.08,0.34,29.97,976.54,942.53,970.6014285714285,14.261406462439538,4,0
03-04-2018,943.39,568.42,0.25,29.37,990.16,969.63,966.8528571428571,17.61382952334306,4,1
04-04-2018,941.11,564.48,0.34,29.56,943.39,977.25,961.6899999999999,19.276455414171405,4,2
05-04-2018,972.98,560.53,0.37,29.95,941.11,960.43,963.482857142857,19.71829329524729,4,3
06-04-2018,974.95,564.6,0.26,29.7,972.98,974.82,963.5014285714286,19.730807914365403,4,4
07-04-2018,939.28,565.39,0.32,29.49,974.95,945.38,962.63,20.771793374699357,4,5
08-04-2018,941.65,558.35,0.3,29.36,939.28,976.54,957.6457142857142,21.061714758600164,4,6
09-04-2018,945.02,557.68,0.25,29.23,941.65,990.16,951.1971428571429,15.666930899532817,4,0
10-04-2018,928.23,562.17,0.32,29.32,945.02,943.39,949.0314285714285,17.825180156740664,4,1
11-04-2018,937.3,566.19,0.33,29.51,928.23,941.11,948.4871428571429,18.162350907231268,4,2
12-04-2018,937.97,563.44,0.28,29.33,937.3,972.98,943.4857142857144,14.80335644055019,4,3
13-04-2018,944.55,556.22,0.34,29.48,937.97,974.95,939.1428571428571,5.685430837741604,4,4
14-04-2018,960.1,560.23,0.25,29.44,944.55,939.28,942.1171428571428,9.757075576766916,4,5
15-04-2018,968.03,564.06,0.26,29.61,960.1,941.65,945.8857142857144,13.802452508134587,4,6
16-04-2018,994.59,564.6,0.31,30.07,968.03,945.02,952.9671428571428,22.961481306978804,4,0
17-04-2018,954.08,574.43,0.3,29.72,994.59,928.23,956.6600000000001,20.23705182747425,4,1
18-04-2018,993.12,559.8,0.28,29.89,954.08,937.3,964.6342857142857,22.23595800887919,4,2
19-04-2018,976.67,568.96,0.33,29.99,993.12,937.97,970.1628571428571,19.089899348714898,4,3
20-04-2018,984.5,574.02,0.32,30.12,976.67,944.55,975.87,15.853918548249805,4,4
21-04-2018,1002.66,578.18,0.33,30.41,984.5,960.1,981.95,16.9229961886542,4,5
22-04-2018,976.04,566.64,0.3,29.86,1002.66,968.03,983.0942857142858,16.074424673145625,4,6
23-04-2018,1008.91,571.33,0.33,30.38,976.04,994.59,985.1400000000001,18.508231502078658,4,0
24-04-2018,1011.16,572.32,0.3,30.33,1008.91,954.08,993.2942857142856,14.732039751483725,4,1
25-04-2018,1023.54,571.26,0.37,30.67,1011.16,993.12,997.64,18.640342450391476,4,2
26-04-2018,1026.54,570.56,0.29,30.45,1023.54,976.67,1004.7642857142856,18.819117812461158,4,3
27-04-2018,1073.61,573.66,0.37,31.26,1026.54,984.5,1017.4942857142858,29.776041743421047,4,4
28-04-2018,1023.48,560.74,0.31,30.34,1073.61,1002.66,1020.4685714285714,29.078984638742757,4,5
29-04-2018,1032.84,576.13,0.27,30.54,1023.48,976.04,1028.5828571428572,21.57076317172647,4,6
30-04-2018,1038.72,574.26,0.36,30.85,1032.84,1008.91,1032.8414285714284,19.918915991762727,4,0
01-05-2018,1047.84,573.34,0.32,30.82,1038.72,1011.16,1038.0814285714284,17.996522283121788,5,1
02-05-2018,1054.33,584.47,0.34,31.11,1047.84,1023.54,1042.48,17.608614369142835,5,2
03-05-2018,1097.94,572.64,0.36,31.49,1054.33,1026.54,1052.68,25.670436303288316,5,3
04-05-2018,1111.22,574.59,0.33,31.58,1097.94,1073.61,1058.0528571428572,33.51771010193526,5,4
05-05-2018,1081.07,586.35,0.3,31.31,1111.22,1023.48,1066.28,30.554123016943475,5,5
06-05-2018,1084.77,574.02,0.35,31.33,1081.07,1032.84,1073.6985714285713,27.20210373519352,5,6
07-05-2018,1119.85,576.03,0.32,31.66,1084.77,1038.72,1085.2885714285715,27.098228372968695,5,0
08-05-2018,1108.64,578.62,0.35,31.66,1119.85,1047.84,1093.9742857142858,22.43764014417032,5,1
09-05-2018,1142.15,583.92,0.26,31.84,1108.64,1054.33,1106.52,21.087719965290866,5,2
10-05-2018,1143.13,581.71,0.34,32.06,1142.15,1097.94,1112.9757142857145,24.641068603166545,5,3
11-05-2018,1117.46,575.46,0.31,31.6,1143.13,1111.22,1113.8671428571429,24.6798073427932,5,4
12-05-2018,1191.07,579.73,0.38,32.69,1117.46,1081.07,1129.5814285714284,33.69128098317013,5,5
13-05-2018,1206.7,580.11,0.35,32.78,1191.07,1084.77,1147.0,37.9165267396847,5,6
14-05-2018,1166.17,583.32,0.34,32.34,1206.7,1119.85,1153.6171428571429,36.40017935593296,5,0
15-05-2018,1181.26,586.41,0.35,32.59,1166.17,1108.64,1163.9914285714287,31.45801934250828,5,1
16-05-2018,1206.24,587.11,0.31,32.76,1181.26,1142.15,1173.1471428571429,33.31352563865686,5,2
17-05-2018,1217.97,577.57,0.39,32.99,1206.24,1143.13,1183.8385714285712,34.07506196062341,5,3
18-05-2018,1235.88,591.63,0.4,33.42,1217.97,1117.46,1200.7557142857145,23.329261209321167,5,4
19-05-2018,1276.81,588.57,0.35,33.69,1235.88,1191.07,1213.0042857142857,36.29916291834779,5,5
20-05-2018,1239.16,594.64,0.39,33.47,1276.81,1206.7,1217.6414285714286,37.41575222131781,5,6
21-05-2018,1236.09,590.95,0.33,33.21,1239.16,1166.17,1227.6299999999999,29.978525647558946,5,0
22-05-2018,1233.75,594.8,0.32,33.2,1236.09,1181.26,1235.1285714285714,21.93152026088799,5,1
23-05-2018,1259.49,592.55,0.35,33.55,1233.75,1206.24,1242.7357142857143,19.32096776146226,5,2
24-05-2018,1286.7,597.45,0.36,33.95,1259.49,1217.97,1252.554285714286,21.92595939154033,5,3
25-05-2018,1340.64,594.29,0.34,34.45,1286.7,1235.88,1267.52,38.29216455971204,5,4
26-05-2018,1297.76,592.09,0.37,34.03,1340.64,1276.81,1270.5128571428572,39.923243736920895,5,5
27-05-2018,1326.59,604.07,0.36,34.5,1297.76,1239.16,1283.0028571428572,42.096785195676645,5,6
28-05-2018,1332.21,598.24,0.33,34.39,1326.59,1236.09,1296.7342857142855,39.86121291731512,5,0
29-05-2018,1372.7,597.47,0.37,34.95,1332.21,1233.75,1316.5842857142857,37.81337896264886,5,1
30-05-2018,1416.96,589.38,0.39,35.39,1372.7,1259.49,1339.08,44.44516509139667,5,2
31-05-2018,1353.62,590.03,0.37,34.63,1416.96,1286.7,1348.6399999999999,38.03557150880637,5,3
01-06-2018,1365.91,598.29,0.4,34.97,1353.62,1340.64,1352.25,38.347656164814865,6,4
02-06-2018,1415.51,598.3,0.33,35.32,1365.91,1297.76,1369.0714285714287,36.228903483553104,6,5
03-06-2018,1417.92,595.37,0.38,35.46,1415.51,1326.59,1382.1185714285714,34.79730900927968,6,6
04-06-2018,1458.97,599.69,0.33,35.83,1417.92,1332.21,1400.2271428571428,37.383040590769745,6,0
05-06-2018,1438.27,607.33,0.34,35.73,1458.97,1372.7,1409.5942857142857,37.55054853447186,6,1
06-06-2018,1425.26,603.73,0.35,35.57,1438.27,1416.96,1410.7800000000002,37.95080499807129,6,2
07-06-2018,1461.08,595.59,0.34,35.82,1425.26,1353.62,1426.1314285714286,32.287101360874246,6,3
08-06-2018,1485.91,601.22,0.36,36.24,1461.08,1365.91,1443.2742857142857,26.281982965010656,6,4
09-06-2018,1489.57,598.54,0.37,36.27,1485.91,1415.51,1453.8542857142857,28.087181451802124,6,5
10-06-2018,1492.38,601.22,0.4,36.43,1489.57,1417.92,1464.4914285714283,26.249618047140366,6,6
11-06-2018,1518.38,601.74,0.37,36.64,1492.38,1458.97,1472.9785714285715,32.922954215675084,6,0
12-06-2018,1532.18,602.08,0.33,36.68,1518.38,1438.27,1486.3942857142858,35.45837929046538,6,1
13-06-2018,1548.92,598.95,0.42,37.09,1532.18,1425.26,1504.06,30.362536674907503,6,2
14-06-2018,1539.7,605.04,0.36,36.9,1548.92,1461.08,1515.2914285714287,26.048723851419346,6,3
15-06-2018,1527.83,603.56,0.38,36.8,1539.7,1485.91,1521.28,22.782019957307,6,4
16-06-2018,1546.9,592.67,0.4,36.92,1527.83,1489.57,1529.47,19.559525386244726,6,5
17-06-2018,1586.81,617.47,0.39,37.69,1546.9,1492.38,1542.9599999999998,22.112579376194724,6,6
18-06-2018,1540.23,613.39,0.42,37.2,1586.81,1518.38,1546.0814285714284,19.445951959749884,6,0
19-06-2018,1583.64,606.84,0.41,37.56,1540.23,1532.18,1553.4328571428573,22.7594754731165,6,1
20-06-2018,1571.83,609.34,0.37,37.35,1583.64,1548.92,1556.7057142857143,23.63285203355636,6,2
21-06-2018,1593.54,604.09,0.46,37.79,1571.83,1539.7,1564.3971428571429,25.834518068108277,6,3
22-06-2018,1639.1,618.64,0.4,38.32,1593.54,1527.83,1580.2928571428572,32.86127087943256,6,4
23-06-2018,1617.11,620.17,0.39,38.07,1639.1,1546.9,1590.322857142857,31.66331089991691,6,5
24-06-2018,1622.09,612.19,0.43,38.13,1617.11,1586.81,1595.362857142857,33.75004084656501,6,6
25-06-2018,1589.81,616.95,0.41,37.78,1622.09,1540.23,1602.4457142857143,24.063893323955853,6,0
26-06-2018,1660.49,613.3,0.41,38.52,1589.81,1583.64,1613.4242857142856,30.676285008239663,6,1
27-06-2018,1666.2,606.37,0.48,38.69,1660.49,1571.83,1626.905714285714,30.080879229838164,6,2
28-06-2018,1719.89,611.38,0.39,39.09,1666.2,1593.54,1644.9557142857143,42.19270231418551,6,3
29-06-2018,1654.36,614.51,0.39,38.4,1719.89,1639.1,1647.1357142857141,42.23393022093506,6,4
30-06-2018,1678.09,612.08,0.41,38.7,1654.36,1617.11,1655.847142857143,41.28686341293377,6,5
01-07-2018,1686.73,613.67,0.44,38.91,1678.09,1622.09,1665.0814285714284,39.67562745928261,7,6
02-07-2018,1734.53,614.72,0.36,39.22,1686.73,1589.81,1685.7557142857142,30.578494543935733,7,0
03-07-2018,1690.93,615.17,0.35,38.7,1734.53,1660.49,1690.1042857142857,28.47897578753218,7,1
04-07-2018,1709.32,616.22,0.39,39.04,1690.93,1666.2,1696.2642857142857,27.075579314950634,7,2
05-07-2018,1726.14,611.1,0.36,39.07,1709.32,1719.89,1697.1571428571426,28.069335412123298,7,3
06-07-2018,1719.62,613.15,0.4,39.15,1726.14,1654.36,1706.48,21.571201481035526,7,4
07-07-2018,1706.17,610.69,0.43,39.05,1719.62,1678.09,1710.4914285714287,17.6699532433209,7,5
08-07-2018,1731.86,622.19,0.39,39.38,1706.17,1686.73,1716.9385714285713,15.67595975651317,7,6
09-07-2018,1764.84,607.26,0.37,39.48,1731.86,1734.53,1721.2685714285715,23.552283985942687,7,0
10-07-2018,1704.53,623.66,0.42,39.19,1764.84,1690.93,1723.2114285714285,21.061768229531356,7,1
11-07-2018,1745.72,625.08,0.44,39.73,1704.53,1709.32,1728.4114285714288,21.54828873997117,7,2
12-07-2018,1724.16,616.99,0.37,39.16,1745.72,1726.14,1728.1285714285716,21.59601693880536,7,3
13-07-2018,1788.12,605.83,0.44,39.93,1724.16,1719.62,1737.9142857142856,30.699028137280756,7,4
14-07-2018,1706.32,617.14,0.44,39.17,1788.12,1706.17,1737.935714285714,30.673218425420515,7,5
15-07-2018,1740.35,618.81,0.45,39.61,1706.32,1731.86,1739.1485714285714,30.56058268894498,7,6
16-07-2018,1773.26,614.3,0.45,39.91,1740.35,1764.84,1740.3514285714286,31.877649656478408,7,0
17-07-2018,1813.93,616.92,0.48,40.5,1773.26,1704.53,1755.98,37.67840451331256,7,1
18-07-2018,1764.68,627.19,0.41,39.88,1813.93,1745.72,1758.6885714285713,37.4989797321811,7,2
19-07-2018,1751.27,623.02,0.42,39.7,1764.68,1724.16,1762.5614285714285,34.62865067572226,7,3
20-07-2018,1830.7,615.24,0.41,40.45,1751.27,1788.12,1768.6442857142858,42.67215519016572,7,4
21-07-2018,1725.97,611.98,0.42,39.26,1830.7,1706.32,1771.4514285714286,38.31251902822201,7,5
22-07-2018,1703.0,618.33,0.47,39.24,1725.97,1740.35,1766.1157142857141,45.32494708848082,7,6
23-07-2018,1787.84,618.93,0.38,39.93,1703.0,1773.26,1768.1985714285713,46.03737736109511,7,0
24-07-2018,1757.97,622.46,0.39,39.68,1787.84,1813.93,1760.2042857142858,41.397545360889616,7,1
25-07-2018,1741.22,617.33,0.46,39.63,1757.97,1764.68,1756.8528571428571,41.92113059637514,7,2
26-07-2018,1795.91,622.49,0.45,40.28,1741.22,1751.27,1763.23,44.26041045150267,7,3
27-07-2018,1780.22,629.49,0.41,40.09,1795.91,1830.7,1756.0185714285715,34.46333773187379,7,4
28-07-2018,1753.26,623.85,0.45,39.82,1780.22,1725.97,1759.9171428571428,31.949519930848325,7,5
29-07-2018,1728.93,619.45,0.43,39.43,1753.26,1703.0,1763.6214285714286,24.997402150780896,7,6
30-07-2018,1795.63,618.65,0.46,40.26,1728.93,1787.84,1764.734285714286,26.38990012435785,7,0
31-07-2018,1786.37,617.64,0.42,40.02,1795.63,1757.97,1768.7914285714285,27.342539158264074,7,1
01-08-2018,1760.08,625.07,0.45,39.92,1786.37,1741.22,1771.4857142857143,25.001925830628622,8,2
02-08-2018,1818.97,615.92,0.5,40.6,1760.08,1795.91,1774.7800000000002,29.812813799922136,8,3
03-08-2018,1723.52,619.02,0.43,39.36,1818.97,1780.22,1766.68,35.28821144049131,8,4
04-08-2018,1705.84,618.81,0.42,39.13,1723.52,1753.26,1759.9057142857143,42.17368802828267,8,5
05-08-2018,1728.56,615.81,0.44,39.4,1705.84,1728.93,1759.8528571428574,42.21918825776982,8,6
06-08-2018,1744.99,611.21,0.4,39.4,1728.56,1795.63,1752.6185714285714,39.30503675469413,8,0
07-08-2018,1749.85,619.29,0.49,39.84,1744.99,1786.37,1747.4014285714286,36.39434820070994,8,1
08-08-2018,1730.21,617.06,0.42,39.38,1749.85,1760.08,1743.1342857142859,36.4111497837347,8,2
09-08-2018,1744.0,619.48,0.4,39.51,1730.21,1818.97,1732.4242857142856,15.282867158146578,8,3
10-08-2018,1689.11,614.01,0.39,38.79,1744.0,1723.52,1727.5085714285717,22.46882093675228,8,4
11-08-2018,1767.58,622.27,0.44,39.93,1689.11,1705.84,1736.3285714285714,24.56533155257314,8,5
12-08-2018,1714.79,611.53,0.44,39.19,1767.58,1728.56,1734.3614285714284,25.810866205686388,8,6
13-08-2018,1746.05,623.85,0.39,39.56,1714.79,1744.99,1734.512857142857,25.886613473859153,8,0
14-08-2018,1716.21,606.38,0.42,39.07,1746.05,1749.85,1729.707142857143,25.686581915044986,8,1
15-08-2018,1713.5,616.65,0.36,39.01,1716.21,1730.21,1727.32,26.398650218059583,8,2
16-08-2018,1710.51,616.37,0.41,39.12,1713.5,1744.0,1722.5357142857142,25.901931625013667,8,3
17-08-2018,1700.15,609.63,0.42,38.94,1710.51,1689.11,1724.112857142857,23.776355702216247,8,4
18-08-2018,1699.2,615.11,0.45,39.1,1700.15,1767.58,1714.3442857142857,15.57334031521642,8,5
19-08-2018,1712.79,618.76,0.38,39.09,1699.2,1714.79,1714.0585714285714,15.582144085068354,8,6
20-08-2018,1671.48,601.09,0.36,38.32,1712.79,1746.05,1703.4057142857143,15.555915120628788,8,0
21-08-2018,1679.38,613.84,0.37,38.62,1671.48,1716.21,1698.1442857142858,16.690445227940195,8,1
22-08-2018,1648.01,598.62,0.36,38.02,1679.38,1713.5,1688.7885714285715,23.580955188905175,8,2
23-08-2018,1685.54,605.49,0.44,38.78,1648.01,1710.51,1685.2214285714285,21.54851072087857,8,3
24-08-2018,1615.15,617.54,0.44,38.16,1685.54,1700.15,1673.0785714285714,32.76438586261731,8,4
25-08-2018,1679.75,606.14,0.4,38.6,1615.15,1699.2,1670.2999999999997,30.954713157591378,8,5
26-08-2018,1617.63,602.62,0.43,37.94,1679.75,1712.79,1656.7057142857143,30.067319389000748,8,6
27-08-2018,1568.97,606.72,0.39,37.34,1617.63,1671.48,1642.0614285714287,43.59348668040284,8,0
28-08-2018,1605.65,617.06,0.39,37.89,1568.97,1679.38,1631.5285714285715,41.9501316758496,8,1
29-08-2018,1573.79,597.45,0.38,37.23,1605.65,1648.01,1620.9257142857143,46.24940066537978,8,2
30-08-2018,1608.53,600.55,0.38,37.66,1573.79,1685.54,1609.9242857142858,36.435948758154055,8,3
31-08-2018,1557.16,612.19,0.34,37.13,1608.53,1615.15,1601.6399999999999,41.31550596731688,8,4
01-09-2018,1554.08,613.2,0.39,37.26,1557.16,1679.75,1583.6871428571428,26.28837557701592,9,5
02-09-2018,1504.57,602.99,0.38,36.53,1554.08,1617.63,1567.5357142857142,35.18474189058105,9,6
03-09-2018,1535.72,596.78,0.4,36.85,1504.57,1568.97,1562.7857142857142,37.148444048710026,9,0
04-09-2018,1471.86,612.09,0.38,36.3,1535.72,1605.65,1543.672857142857,45.00568620161484,9,1
05-09-2018,1485.98,608.9,0.37,36.38,1471.86,1573.79,1531.1285714285714,47.386672679362846,9,2
06-09-2018,1540.89,603.72,0.35,36.86,1485.98,1608.53,1521.4657142857143,33.969812999781375,9,3
07-09-2018,1531.87,595.78,0.37,36.71,1540.89,1557.16,1517.8528571428571,30.731328051542793,9,4
08-09-2018,1512.34,598.65,0.39,36.59,1531.87,1554.08,1511.8899999999999,26.253835275416087,9,5
09-09-2018,1465.17,597.31,0.33,35.86,1512.34,1504.57,1506.2614285714285,31.735872147372824,9,6
10-09-2018,1480.07,598.85,0.37,36.17,1465.17,1535.72,1498.3114285714287,30.0520645040302,9,0
11-09-2018,1471.4,603.37,0.37,36.14,1480.07,1471.86,1498.2457142857143,30.119971700519635,9,1
12-09-2018,1431.13,599.8,0.34,35.55,1471.4,1485.98,1490.41,39.512779789185544,9,2
13-09-2018,1490.96,589.65,0.34,36.07,1431.13,1540.89,1483.2771428571427,32.82145422044635,9,3
14-09-2018,1464.47,600.47,0.37,36.02,1490.96,1531.87,1473.6485714285716,25.18916528234006,9,4
15-09-2018,1426.0,594.56,0.32,35.35,1464.47,1512.34,1461.314285714286,24.205308548059385,9,5
16-09-2018,1422.36,595.46,0.37,35.48,1426.0,1465.17,1455.1985714285713,28.154744673341288,9,6
17-09-2018,1416.92,598.28,0.33,35.34,1422.36,1480.07,1446.1771428571428,28.9628950638256,9,0
18-09-2018,1350.06,585.21,0.38,34.55,1416.92,1471.4,1428.8428571428574,43.840746159383315,9,1
19-09-2018,1385.31,589.42,0.42,35.13,1350.06,1431.13,1422.297142857143,46.76540769783588,9,2
20-09-2018,1364.48,586.19,0.32,34.55,1385.31,1490.96,1404.2285714285715,39.717631025624335,9,3
21-09-2018,1346.65,580.43,0.36,34.39,1364.48,1464.47,1387.3971428571426,34.56425066179534,9,4
22-09-2018,1354.44,588.53,0.32,34.47,1346.65,1426.0,1377.1742857142856,31.708488798847537,9,5
23-09-2018,1395.03,597.78,0.37,35.2,1354.44,1422.36,1373.2700000000002,26.46678169583913,9,6
24-09-2018,1356.77,576.48,0.3,34.26,1395.03,1416.92,1364.677142857143,18.49779420574376,9,0
25-09-2018,1317.64,584.03,0.35,34.08,1356.77,1350.06,1360.0457142857142,25.50062538919276,9,1
26-09-2018,1335.01,586.26,0.31,34.19,1317.64,1385.31,1352.8600000000001,24.251298247073322,9,2
27-09-2018,1344.54,582.92,0.33,34.31,1335.01,1364.48,1350.0114285714285,23.826282007219344,9,3
28-09-2018,1323.32,580.9,0.3,33.95,1344.54,1346.65,1346.6785714285713,25.915014585259367,9,4
29-09-2018,1293.26,574.47,0.36,33.7,1323.32,1354.44,1337.9385714285713,32.37313362889341,9,5
30-09-2018,1267.22,580.65,0.3,33.32,1293.26,1395.03,1319.68,30.8117288274305,9,6
01-10-2018,1288.49,575.14,0.34,33.6,1267.22,1356.77,1309.9257142857143,27.770791524667164,10,0
02-10-2018,1271.86,567.59,0.32,33.25,1288.49,1317.64,1303.3857142857141,30.86904698733857,10,1
03-10-2018,1273.61,582.29,0.32,33.47,1271.86,1335.01,1294.6142857142856,29.0554652674244,10,2
04-10-2018,1258.22,580.26,0.33,33.3,1273.61,1344.54,1282.282857142857,21.728777166342894,10,3
05-10-2018,1258.0,575.15,0.3,33.14,1258.22,1323.32,1272.9514285714286,13.716897643202593,10,4
06-10-2018,1213.65,575.02,0.33,32.73,1258.0,1293.26,1261.5785714285714,23.5504702207992,10,5
07-10-2018,1245.18,577.96,0.36,33.21,1213.65,1267.22,1258.43,24.136558716361485,10,6
08-10-2018,1211.63,573.13,0.29,32.56,1245.18,1288.49,1247.4500000000003,25.61950558984999,10,0
09-10-2018,1243.21,575.3,0.35,33.12,1211.63,1271.86,1243.357142857143,23.248740262887555,10,1
10-10-2018,1174.92,568.87,0.36,32.3,1243.21,1273.61,1229.2585714285717,30.60512671030874,10,2
11-10-2018,1217.95,575.27,0.29,32.66,1174.92,1258.22,1223.5057142857145,27.92100335899652,10,3
12-10-2018,1176.73,569.82,0.27,32.06,1217.95,1258.0,1211.8957142857143,28.083392397876068,10,4
13-10-2018,1150.55,568.32,0.32,31.9,1176.73,1213.65,1202.8814285714286,36.33978372189393,10,5
14-10-2018,1145.92,560.75,0.29,31.65,1150.55,1245.18,1188.7014285714286,36.44952602738039,10,6
15-10-2018,1141.32,566.88,0.36,31.89,1145.92,1211.63,1178.6571428571428,38.69641314744581,10,0
16-10-2018,1148.75,560.9,0.31,31.74,1141.32,1243.21,1165.162857142857,27.19427005475863,10,1
17-10-2018,1142.98,560.86,0.28,31.59,1148.75,1174.92,1160.6,27.953263375408397,10,2
18-10-2018,1113.16,559.15,0.27,31.2,1142.98,1217.95,1145.6299999999999,18.62406328744979,10,3
19-10-2018,1116.92,557.12,0.33,31.39,1113.16,1176.73,1137.0857142857144,15.422682275564869,10,4
20-10-2018,1153.04,570.54,0.28,31.84,1116.92,1150.55,1137.4414285714286,15.808865053738334,10,5
21-10-2018,1137.54,566.07,0.3,31.66,1153.04,1145.92,1136.2442857142858,15.371037545972246,10,6
22-10-2018,1105.05,567.8,0.32,31.38,1137.54,1141.32,1131.0628571428572,19.04819739007113,10,0
23-10-2018,1090.6,552.85,0.28,30.89,1105.05,1148.75,1122.7557142857142,22.428963311746642,10,1
24-10-2018,1085.82,557.74,0.29,30.93,1090.6,1142.98,1114.59,24.175826080368758,10,2
25-10-2018,1089.21,550.78,0.29,30.87,1085.82,1113.16,1111.1685714285713,26.03516751666128,10,3
26-10-2018,1051.65,552.58,0.31,30.54,1089.21,1116.92,1101.8442857142857,34.07776638669729,10,4
27-10-2018,1060.73,550.73,0.31,30.61,1051.65,1153.04,1088.6571428571428,28.342674370597578,10,5
28-10-2018,1028.35,559.43,0.28,30.28,1060.73,1137.54,1073.0585714285714,26.96928155551372,10,6
29-10-2018,1062.54,551.33,0.29,30.58,1028.35,1105.05,1066.9857142857143,23.0690433678183,10,0
30-10-2018,1062.21,556.96,0.28,30.63,1062.54,1090.6,1062.93,20.587681592030936,10,1
31-10-2018,1036.16,554.06,0.24,30.17,1062.21,1085.82,1055.8357142857144,19.931107894602142,10,2
01-11-2018,1070.27,560.71,0.29,30.8,1036.16,1089.21,1053.1299999999999,15.420515555632601,11,3
02-11-2018,1013.7,543.24,0.34,30.07,1070.27,1051.65,1047.7085714285715,21.500174750155328,11,4
03-11-2018,1005.43,554.46,0.26,29.9,1013.7,1060.73,1039.8085714285714,25.67292700402271,11,5
04-11-2018,1033.15,553.16,0.26,30.19,1005.43,1028.35,1040.4942857142855,25.378276049400846,11,6
05-11-2018,1044.96,543.07,0.26,30.18,1033.15,1062.54,1037.9828571428573,23.643602175028672,11,0
06-11-2018,1053.55,550.96,0.3,30.51,1044.96,1062.21,1036.7457142857143,22.35616011840115,11,1
07-11-2018,1011.35,547.25,0.3,29.98,1053.55,1036.16,1033.2014285714286,24.342873309325537,11,2
08-11-2018,1037.05,544.02,0.28,30.16,1011.35,1070.27,1028.4557142857143,18.432456751780325,11,3
09-11-2018,1014.43,540.68,0.25,29.77,1037.05,1013.7,1028.56,18.336876324358627,11,4
10-11-2018,1010.14,540.4,0.28,29.81,1014.43,1005.43,1029.2328571428573,17.40965509358763,11,5
11-11-2018,1027.85,551.69,0.23,30.02,1010.14,1033.15,1028.475714285714,17.32595341983387,11,6
12-11-2018,1022.43,542.08,0.28,29.97,1027.85,1044.96,1025.2571428571428,15.776757920361234,11,0
13-11-2018,981.05,544.76,0.31,29.64,1022.43,1053.55,1014.9,17.777932950753538,11,1
14-11-2018,1036.0,537.26,0.24,29.93,981.05,1011.35,1018.4214285714285,19.331035865171245,11,2
15-11-2018,1034.07,536.63,0.23,29.87,1036.0,1037.05,1017.9957142857144,18.87996809424169,11,3
16-11-2018,998.0,543.98,0.33,29.87,1034.07,1014.43,1015.6485714285715,20.36037772129656,11,4
17-11-2018,1017.64,532.79,0.26,29.73,998.0,1010.14,1016.7199999999999,20.21903228812287,11,5
18-11-2018,1021.2,536.08,0.31,29.96,1017.64,1027.85,1015.7700000000001,19.759940958114107,11,6
19-11-2018,1019.36,537.26,0.28,29.87,1021.2,1022.43,1015.3314285714285,19.621067273567707,11,0
20-11-2018,1007.53,536.82,0.28,29.73,1019.36,981.05,1019.1142857142856,13.511683656731485,11,1
21-11-2018,1008.86,534.78,0.29,29.75,1007.53,1036.0,1015.2371428571429,11.620319436702735,11,2
22-11-2018,1024.88,536.44,0.25,29.83,1008.86,1034.07,1013.9242857142856,9.455456726475438,11,3
23-11-2018,1051.76,536.88,0.29,30.26,1024.88,998.0,1021.6042857142857,14.728179178236946,11,4
24-11-2018,1045.29,536.22,0.27,30.11,1051.76,1017.64,1025.5542857142857,17.017616222792604,11,5
25-11-2018,1033.82,528.05,0.24,29.78,1045.29,1021.2,1027.357142857143,17.14742810096265,11,6
26-11-2018,1061.32,530.18,0.29,30.27,1033.82,1019.36,1033.3514285714286,20.82549273415979,11,0
27-11-2018,999.19,535.6,0.28,29.62,1061.32,1007.53,1032.16,22.702890418068502,11,1
28-11-2018,1081.87,533.46,0.28,30.51,999.19,1008.86,1042.59,26.643408190422967,11,2
29-11-2018,1033.62,522.99,0.25,29.74,1081.87,1024.88,1043.8385714285714,25.86867953634048,11,3
30-11-2018,1067.4,529.41,0.33,30.44,1033.62,1051.76,1046.0728571428572,27.302561366002987,11,4
01-12-2018,1060.23,518.72,0.31,30.15,1067.4,1045.29,1048.2071428571428,27.81038398052712,12,5
02-12-2018,1064.5,526.39,0.32,30.34,1060.23,1033.82,1052.59,27.581714957585618,12,6
03-12-2018,1120.9,533.3,0.28,30.95,1064.5,1061.32,1061.1014285714286,37.96366307783296,12,0
04-12-2018,1096.86,520.49,0.24,30.38,1120.9,999.19,1075.0542857142857,28.07820379890656,12,1
05-12-2018,1121.47,520.13,0.35,30.98,1096.86,1081.87,1080.7114285714285,33.20204533288902,12,2
06-12-2018,1122.01,525.98,0.29,30.89,1121.47,1033.62,1093.3385714285716,28.827391735764387,12,3
07-12-2018,1141.18,515.51,0.27,30.89,1122.01,1067.4,1103.8785714285714,31.156761400278526,12,4
08-12-2018,1141.58,518.49,0.3,31.03,1141.18,1060.23,1115.5,27.065535895947843,12,5
09-12-2018,1122.01,522.81,0.33,30.96,1141.58,1064.5,1123.7157142857143,15.078427036872045,12,6
10-12-2018,1177.79,516.91,0.29,31.38,1122.01,1120.9,1131.8428571428572,25.22532042368751,12,0
11-12-2018,1155.13,517.8,0.33,31.26,1177.79,1096.86,1140.1671428571428,21.02116133354772,12,1
12-12-2018,1140.94,521.11,0.33,31.15,1155.13,1121.47,1142.9485714285713,19.357148058376243,12,2
13-12-2018,1172.94,519.05,0.26,31.27,1140.94,1122.01,1150.2242857142858,19.742952208478883,12,3
14-12-2018,1222.25,517.7,0.27,31.83,1172.94,1141.18,1161.8057142857144,32.92846532368225,12,4
15-12-2018,1216.29,514.52,0.32,31.87,1222.25,1141.58,1172.4785714285715,37.120954741949916,12,5
16-12-2018,1198.03,516.8,0.21,31.37,1216.29,1122.01,1183.3385714285716,30.40836860066472,12,6
17-12-2018,1205.34,514.14,0.29,31.65,1198.03,1177.79,1187.2742857142857,31.339167643269324,12,0
18-12-2018,1212.99,515.94,0.25,31.64,1205.34,1155.13,1195.5400000000002,28.990369665370693,12,1
19-12-2018,1272.67,511.46,0.28,32.34,1212.99,1140.94,1214.3585714285714,30.363233484274453,12,2
20-12-2018,1241.7,512.23,0.29,32.03,1272.67,1172.94,1224.1814285714286,25.45647162551338,12,3
21-12-2018,1248.83,508.43,0.29,32.06,1241.7,1222.25,1227.9785714285715,27.05268096918616,12,4
22-12-2018,1267.92,511.9,0.28,32.29,1248.83,1216.29,1235.3542857142857,30.190981466429346,12,5
23-12-2018,1255.36,508.31,0.27,32.07,1267.92,1198.03,1243.5442857142857,25.841071222112205,12,6
24-12-2018,1248.8,506.71,0.37,32.27,1255.36,1205.34,1249.7528571428572,19.599304166501256,12,0
25-12-2018,1254.34,512.0,0.36,32.38,1248.8,1212.99,1255.66,11.030791751645719,12,1
26-12-2018,1260.76,511.53,0.26,32.15,1254.34,1272.67,1253.9585714285713,8.626278511263664,12,2
27-12-2018,1264.55,513.62,0.35,32.49,1260.76,1241.7,1257.222857142857,7.458696745703282,12,3
28-12-2018,1284.41,508.48,0.29,32.46,1264.55,1248.83,1262.3057142857142,11.702176232348178,12,4
29-12-2018,1270.74,511.77,0.3,32.38,1284.41,1267.92,1262.7085714285713,11.973070378445962,12,5
30-12-2018,1287.39,512.27,0.3,32.58,1270.74,1255.36,1267.2842857142857,14.541536894001306,12,6
31-12-2018,1269.15,511.81,0.28,32.31,1287.39,1248.8,1270.1914285714286,12.051206618172575,12,0
01-01-2019,1271.67,506.65,0.33,32.41,1269.15,1254.34,1272.6671428571428,9.826865750466714,1,1
02-01-2019,1220.99,510.69,0.3,31.81,1271.67,1260.76,1266.9857142857143,21.917270098553182,1,2
03-01-2019,1281.95,511.66,0.28,32.45,1220.99,1264.55,1269.4714285714285,22.571907635094103,1,3
04-01-2019,1261.59,510.34,0.26,32.14,1281.95,1284.41,1266.2114285714285,21.68528258874865,1,4
05-01-2019,1266.9,501.96,0.27,32.11,1261.59,1270.74,1265.6628571428573,21.60003295856347,1,5
06-01-2019,1169.25,511.34,0.25,31.09,1266.9,1287.39,1248.7857142857142,40.06010727943193,1,6
07-01-2019,1266.82,519.96,0.29,32.42,1169.25,1269.15,1248.452857142857,39.871938634554624,1,0
08-01-2019,1203.73,509.71,0.26,31.48,1266.82,1271.67,1238.7471428571428,41.51369441294065,1,1
09-01-2019,1214.94,508.51,0.28,31.65,1203.73,1220.99,1237.8828571428571,42.00507100907801,1,2
10-01-2019,1152.3,513.34,0.33,31.17,1214.94,1281.95,1219.3614285714286,47.553066998395195,1,3
11-01-2019,1168.93,513.45,0.32,31.33,1152.3,1261.59,1206.1242857142856,46.72844988412194,1,4
12-01-2019,1115.42,517.44,0.28,30.66,1168.93,1266.9,1184.4842857142855,48.91632476559199,1,5
13-01-2019,1104.26,507.79,0.28,30.4,1115.42,1169.25,1175.2,57.67337311678673,1,6
14-01-2019,1133.49,516.39,0.34,31.03,1104.26,1266.82,1156.1528571428573,42.354165365533305,1,0
15-01-2019,1070.23,516.26,0.29,30.17,1133.49,1203.73,1137.0814285714284,47.145818276425985,1,1
16-01-2019,1055.55,513.73,0.26,29.88,1070.23,1214.94,1114.3114285714285,41.417539532832734,1,2
17-01-2019,1044.51,516.2,0.23,29.7,1055.55,1152.3,1098.912857142857,44.8363159036388,1,3
18-01-2019,1013.9,519.56,0.28,29.56,1044.51,1168.93,1076.7657142857142,42.726036892892104,1,4
19-01-2019,983.8,519.45,0.29,29.25,1013.9,1115.42,1057.962857142857,51.033850764084534,1,5
20-01-2019,963.41,511.68,0.24,28.76,983.8,1104.26,1037.8414285714284,57.139358422664166,1,6
21-01-2019,973.36,520.35,0.27,29.08,963.41,1133.49,1014.9657142857143,42.69183171567324,1,0
22-01-2019,907.93,517.27,0.25,28.25,973.36,1070.23,991.78,50.94934804948837,1,1
23-01-2019,888.06,518.43,0.25,28.04,907.93,1055.55,967.8528571428571,55.16442806565415,1,2
24-01-2019,877.35,519.03,0.18,27.72,888.06,1044.51,943.972857142857,52.56956271275899,1,3
25-01-2019,854.26,518.71,0.24,27.64,877.35,1013.9,921.1671428571428,51.79967944377009,1,4
26-01-2019,831.97,524.91,0.28,27.59,854.26,983.8,899.4771428571429,52.97688732341028,1,5
27-01-2019,801.19,520.23,0.22,27.0,831.97,963.41,876.3028571428571,55.756798005360864,1,6
28-01-2019,754.41,516.54,0.24,26.49,801.19,973.36,845.0242857142857,53.606995145899404,1,0
29-01-2019,771.23,520.21,0.22,26.67,754.41,907.93,825.4957142857144,51.73839897573623,1,1
30-01-2019,713.97,523.24,0.25,26.16,771.23,888.06,800.6257142857143,58.10227817024427,1,2
31-01-2019,713.69,528.28,0.23,26.17,713.97,877.35,777.2457142857144,54.924311513564625,1,3
01-02-2019,682.33,526.31,0.2,25.7,713.69,854.26,752.6842857142857,53.158608853496794,2,4
02-02-2019,674.04,520.85,0.27,25.74,682.33,831.97,730.1228571428571,47.06484700719293,2,5
03-02-2019,663.14,535.5,0.26,25.79,674.04,801.19,710.4014285714286,40.833442351663805,2,6
04-02-2019,648.81,526.82,0.21,25.36,663.14,754.41,695.3157142857142,41.36810037422984,2,0
05-02-2019,637.25,531.71,0.24,25.39,648.81,771.23,676.1757142857142,29.755082399017827,2,1
06-02-2019,639.51,526.33,0.24,25.34,637.25,713.97,665.5385714285713,27.191035550096625,2,2
07-02-2019,617.22,529.85,0.24,25.14,639.51,713.69,651.7571428571429,22.81353524724047,2,3
08-02-2019,602.2,531.76,0.17,24.79,617.22,682.33,640.3100000000001,24.92219760242296,2,4
09-02-2019,609.86,533.97,0.25,25.15,602.2,674.04,631.1414285714285,22.0897649214878,2,5
10-02-2019,608.89,533.89,0.2,24.98,609.86,663.14,623.3914285714285,18.159140424404914,2,6
11-02-2019,581.85,533.7,0.21,24.71,608.89,648.81,613.8257142857143,20.073168540092677,2,0
12-02-2019,601.44,529.25,0.3,25.13,581.85,637.25,608.71,17.507653564490067,2,1
13-02-2019,602.69,528.78,0.23,24.93,601.44,639.51,603.4499999999999,11.053165459158434,2,2
14-02-2019,592.2,533.27,0.21,24.82,602.69,617.22,599.8757142857143,9.836630278655369,2,3
15-02-2019,610.44,536.49,0.15,24.89,592.2,602.2,601.0528571428573,10.622758138875975,2,4
16-02-2019,594.47,532.25,0.26,24.98,610.44,609.86,598.8542857142858,10.074639542218158,2,5
17-02-2019,597.89,538.46,0.18,24.86,594.47,608.89,597.2828571428571,9.054637328116462,2,6
18-02-2019,595.22,540.85,0.19,24.9,597.89,581.85,599.1928571428572,6.224472438988007,2,0
19-02-2019,597.87,531.45,0.21,24.86,595.22,601.44,598.6828571428571,6.15553873708231,2,1
20-02-2019,586.59,532.55,0.26,24.89,597.87,602.69,596.3828571428572,7.308601586057292,2,2
21-02-2019,583.63,536.32,0.25,24.88,586.59,592.2,595.1585714285715,8.709581751529493,2,3
22-02-2019,617.23,539.04,0.22,25.21,583.63,610.44,596.1285714285715,10.81804422958432,2,4
23-02-2019,591.76,536.26,0.23,24.91,617.23,594.47,595.7414285714285,10.935148876592507,2,5
24-02-2019,591.16,545.18,0.21,24.97,591.76,597.89,594.78,11.010355731500875,2,6
25-02-2019,579.58,542.01,0.23,24.86,591.16,595.22,592.5457142857142,12.404769052221585,2,0
26-02-2019,597.12,541.19,0.23,25.04,579.58,597.87,592.4385714285714,12.35425355710494,2,1
27-02-2019,590.83,535.65,0.25,24.96,597.12,586.59,593.0442857142856,12.121461486647894,2,2
28-02-2019,624.41,537.02,0.25,25.35,590.83,583.63,598.87,16.016583072996486,2,3
01-03-2019,618.84,544.82,0.24,25.37,624.41,617.23,599.1,16.332618691875403,3,4
02-03-2019,601.6,535.19,0.22,24.98,618.84,591.76,600.5057142857142,16.015975209322328,3,5
03-03-2019,635.32,549.78,0.25,25.65,601.6,591.16,606.8142857142857,19.93813085285662,3,6
04-03-2019,622.86,545.55,0.22,25.36,635.32,579.58,612.9971428571429,16.499186560062107,3,0
05-03-2019,609.99,561.32,0.2,25.38,622.86,597.12,614.8357142857143,15.092137972212779,3,1
06-03-2019,587.48,558.14,0.22,25.15,609.99,590.83,614.3571428571429,16.0056934810836,3,2
07-03-2019,642.22,548.11,0.23,25.65,587.48,624.41,616.9014285714286,19.004641914190195,3,3
08-03-2019,603.0,549.33,0.26,25.32,642.22,618.84,614.6385714285715,19.666835390743294,3,4
09-03-2019,601.83,555.07,0.23,25.29,603.0,601.6,614.6714285714286,19.641597379539323,3,5
10-03-2019,633.43,559.09,0.2,25.61,601.83,635.32,614.4014285714285,19.320819020422633,3,6
11-03-2019,651.2,545.21,0.23,25.71,633.43,622.86,618.45,23.831405050217864,3,0
12-03-2019,641.26,545.42,0.24,25.63,651.2,609.99,622.9171428571428,24.888592242439337,3,1
13-03-2019,633.94,551.44,0.24,25.63,641.26,587.48,629.5542857142857,19.467934197178117,3,2
14-03-2019,636.26,557.65,0.26,25.81,633.94,642.22,628.7028571428572,18.944984133284933,3,3
15-03-2019,641.2,558.13,0.27,25.9,636.26,603.0,634.16,15.494909916944744,3,4
16-03-2019,642.17,561.53,0.22,25.81,641.2,601.83,639.9228571428572,6.151028950001904,3,5
17-03-2019,638.79,552.25,0.22,25.64,642.17,633.43,640.6885714285714,5.508068108386015,3,6
18-03-2019,638.85,548.07,0.21,25.55,638.79,651.2,638.9242857142857,2.975852019002034,3,0
19-03-2019,639.06,563.07,0.26,25.91,638.85,641.26,638.61,2.7989760033929656,3,1
20-03-2019,633.21,556.32,0.28,25.81,639.06,633.94,638.5057142857142,3.007783553659556,3,2
21-03-2019,640.85,551.76,0.23,25.68,633.21,636.26,639.1614285714286,2.93607690974727,3,3
22-03-2019,626.61,562.23,0.23,25.67,640.85,641.2,637.0771428571428,5.395926594239899,3,4
23-03-2019,647.38,565.9,0.28,26.11,626.61,642.17,637.8214285714286,6.4682569228463604,3,5
24-03-2019,639.2,562.51,0.26,25.91,647.38,638.79,637.88,6.480334353583591,3,6
25-03-2019,640.08,561.71,0.26,25.91,639.2,638.85,638.0557142857143,6.527523412877535,3,0
26-03-2019,657.47,563.74,0.21,25.98,640.08,639.06,640.6857142857143,9.858490177118053,3,1
27-03-2019,674.13,563.46,0.26,26.31,657.47,633.21,646.5314285714286,15.311032436992072,3,2
28-03-2019,670.89,559.68,0.22,26.1,674.13,640.85,650.8228571428572,17.505775917596527,3,3
29-03-2019,643.6,563.16,0.21,25.82,670.89,626.61,653.25,14.510818952339683,3,4
30-03-2019,652.84,569.36,0.24,26.1,643.6,647.38,654.03,14.287731333825569,3,5
31-03-2019,678.34,569.03,0.23,26.35,652.84,639.2,659.6214285714286,15.149446005931463,3,6
01-04-2019,657.59,568.88,0.24,26.14,678.34,640.08,662.1228571428572,12.619386823869227,4,0
02-04-2019,669.09,564.1,0.2,26.09,657.59,657.47,663.7828571428572,12.66949316838596,4,1
03-04-2019,680.88,568.29,0.28,26.52,669.09,674.13,664.7471428571428,13.795146144342894,4,2
04-04-2019,664.81,559.66,0.28,26.21,680.88,670.89,663.8785714285714,13.53282851513197,4,3
05-04-2019,680.29,570.81,0.19,26.28,664.81,643.6,669.12,11.288867672811818,4,4
06-04-2019,665.09,576.92,0.28,26.46,680.29,652.84,670.87,9.077409689310576,4,5
07-04-2019,676.59,564.07,0.23,26.26,665.09,678.34,670.62,8.858858090498428,4,6
08-04-2019,690.59,568.5,0.28,26.63,676.59,657.59,675.3342857142858,9.524746465865631,4,0
09-04-2019,669.61,573.06,0.25,26.37,690.59,669.09,675.4085714285715,9.46979835864025,4,1
10-04-2019,697.7,577.65,0.25,26.75,669.61,680.88,677.8114285714286,12.679495821468631,4,2
11-04-2019,694.9,570.22,0.25,26.61,697.7,664.81,682.11,12.637614490121488,4,3
12-04-2019,705.11,569.45,0.29,26.83,694.9,680.29,685.6557142857143,15.253080407107712,4,4
13-04-2019,704.11,563.93,0.22,26.54,705.11,665.09,691.2299999999999,13.515683482567017,4,5
14-04-2019,721.8,573.76,0.27,27.02,704.11,676.59,697.6885714285714,15.9386609941567,4,6
15-04-2019,709.4,582.98,0.29,27.07,721.8,690.59,700.3757142857141,16.12693487840661,4,0
16-04-2019,705.71,575.2,0.28,26.89,709.4,669.61,705.5328571428571,8.719907710356336,4,1
17-04-2019,716.27,574.13,0.33,27.15,705.71,697.7,708.1857142857143,8.76441452155844,4,2
18-04-2019,725.31,576.01,0.24,27.0,716.27,694.9,712.5299999999999,8.61695034999493,4,3
19-04-2019,722.6,574.77,0.29,27.11,725.31,705.11,715.0285714285714,8.642525534818708,4,4
20-04-2019,726.26,571.37,0.26,27.01,722.6,704.11,718.1928571428572,8.010413460644275,4,5
21-04-2019,720.37,579.18,0.3,27.17,726.26,721.8,717.9885714285714,7.920823670553128,4,6
22-04-2019,724.79,576.7,0.26,27.07,720.37,709.4,720.1871428571429,7.246798636442039,4,0
23-04-2019,718.96,576.01,0.25,26.96,724.79,705.71,722.08,3.6953664681979643,4,1
24-04-2019,765.08,571.7,0.3,27.57,718.96,716.27,729.0528571428571,16.108140503395855,4,2
25-04-2019,729.24,582.46,0.25,27.17,765.08,725.31,729.6142857142856,16.02421486081966,4,3
26-04-2019,740.9,579.77,0.22,27.17,729.24,722.6,732.2285714285715,16.18115408801241,4,4
27-04-2019,744.9,574.4,0.25,27.23,740.9,726.26,734.8914285714285,16.564440254754633,4,5
28-04-2019,771.38,581.82,0.28,27.72,744.9,720.37,742.1785714285714,19.979618305163086,4,6
29-04-2019,759.68,575.13,0.31,27.59,771.38,724.79,747.1628571428572,19.25766835515542,4,0
30-04-2019,785.66,574.05,0.27,27.74,759.68,718.96,756.6914285714286,19.47742233852707,4,1
01-05-2019,763.78,574.39,0.3,27.59,785.66,765.08,756.5057142857142,19.390109899269113,5,2
02-05-2019,781.91,569.93,0.22,27.49,763.78,729.24,764.03,17.13433492535712,5,3
03-05-2019,771.16,580.53,0.25,27.61,781.91,740.9,768.352857142857,13.823548403979878,5,4
04-05-2019,818.38,570.1,0.26,28.02,771.16,744.9,778.85,19.697256154119444,5,5
05-05-2019,776.1,573.1,0.26,27.59,818.38,771.38,779.5242857142857,19.47849400165284,5,6
06-05-2019,802.7,569.39,0.27,27.87,776.1,759.68,785.67,18.953450873152487,5,0
07-05-2019,812.69,578.82,0.29,28.17,802.7,785.66,789.5314285714285,21.529459219560636,5,1
08-05-2019,814.91,578.74,0.25,28.08,812.69,763.78,796.8357142857143,19.952332242266337,5,2
09-05-2019,811.62,578.13,0.27,28.09,814.91,781.91,801.08,19.400488825483006,5,3
10-05-2019,817.95,575.02,0.27,28.12,811.62,771.16,807.7642857142857,14.915911925606862,5,4
11-05-2019,826.14,574.63,0.24,28.11,817.95,818.38,808.8728571428572,16.079373655210922,5,5
12-05-2019,828.99,582.43,0.27,28.35,826.14,776.1,816.4285714285714,8.965629609054707,5,6
13-05-2019,851.49,577.93,0.27,28.53,828.99,802.7,823.3985714285715,14.041954313892148,5,0
14-05-2019,876.38,582.16,0.27,28.87,851.49,812.69,832.4971428571429,23.43760917437162,5,1
15-05-2019,840.27,576.79,0.27,28.39,876.38,814.91,836.12,22.192953836771466,5,2
16-05-2019,833.75,581.95,0.28,28.42,840.27,811.62,839.2814285714285,19.538712366823315,5,3
17-05-2019,859.57,587.38,0.26,28.73,833.75,817.95,845.2271428571429,18.256064484912187,5,4
18-05-2019,907.41,584.26,0.31,29.37,859.57,826.14,856.8371428571428,27.563706036694075,5,5
19-05-2019,860.78,579.82,0.24,28.57,907.41,828.99,861.3785714285714,24.678796856549035,5,6
20-05-2019,905.74,583.15,0.25,29.16,860.78,851.49,869.1285714285714,29.166113573006097,5,0
21-05-2019,912.99,581.05,0.36,29.54,905.74,876.38,874.3585714285715,33.62475399097362,5,1
22-05-2019,883.85,582.42,0.25,28.9,912.99,840.27,880.5842857142856,30.11224659900384,5,2
23-05-2019,908.56,581.09,0.24,29.13,883.85,833.75,891.2714285714286,23.202620131216136,5,3
24-05-2019,932.59,582.06,0.3,29.59,908.56,859.57,901.7028571428572,22.988077862463253,5,4
25-05-2019,906.56,584.04,0.22,29.09,932.59,907.41,901.5814285714285,22.955128278597428,5,5
26-05-2019,916.26,578.64,0.27,29.27,906.56,860.78,909.5071428571429,14.563726302381589,5,6
27-05-2019,916.85,578.77,0.34,29.49,916.26,905.74,911.0942857142857,14.689598198700137,5,0
28-05-2019,916.5,577.26,0.23,29.13,916.85,912.99,911.5957142857143,14.824381782700243,5,1
29-05-2019,929.64,576.51,0.22,29.24,916.5,883.85,918.1371428571429,9.78786104369543,5,2
30-05-2019,926.9,578.54,0.24,29.3,929.64,908.56,920.7571428571429,9.23605744590334,5,3
31-05-2019,955.6,585.22,0.31,29.92,926.9,932.59,924.0442857142856,15.865053689559373,5,4
01-06-2019,948.99,580.55,0.32,29.81,955.6,906.56,930.1057142857143,16.174061391806976,6,5
02-06-2019,973.79,587.39,0.27,30.04,948.99,916.26,938.3242857142858,21.654099578893064,6,6
03-06-2019,949.8,585.41,0.31,29.86,973.79,916.85,943.0314285714285,19.70129812018085,6,0
04-06-2019,990.57,576.29,0.33,30.25,949.8,916.5,953.6128571428571,22.734260279969497,6,1
05-06-2019,1007.21,588.86,0.34,30.64,990.57,929.64,964.6942857142858,27.505905339992943,6,2
06-06-2019,964.12,589.87,0.28,29.99,1007.21,926.9,970.0114285714286,22.035829481860034,6,3
07-06-2019,1014.56,581.69,0.22,30.26,964.12,955.6,978.4342857142857,26.437791673524263,6,4
08-06-2019,1038.05,588.62,0.27,30.77,1014.56,948.99,991.1571428571427,30.95079628179934,6,5
09-06-2019,1001.23,582.92,0.28,30.31,1038.05,973.79,995.0771428571427,30.110880488799744,6,6
10-06-2019,1062.56,587.71,0.28,31.07,1001.23,949.8,1011.1857142857143,31.95701428334682,6,0
11-06-2019,1047.4,581.62,0.29,30.84,1062.56,990.57,1019.3042857142856,33.046918594215526,6,1
12-06-2019,1034.4,579.46,0.33,30.78,1047.4,1007.21,1023.1885714285714,32.98633071875375,6,2
13-06-2019,1054.84,586.42,0.33,31.11,1034.4,964.12,1036.1485714285714,21.853961066292047,6,3
14-06-2019,1074.87,587.98,0.29,31.24,1054.84,1014.56,1044.7642857142857,23.73198464602992,6,4
15-06-2019,1073.99,587.03,0.33,31.33,1074.87,1038.05,1049.8985714285714,25.83207659004003,6,5
16-06-2019,1091.43,583.68,0.31,31.42,1073.99,1001.23,1062.7842857142857,19.138597002900504,6,6
17-06-2019,1071.38,587.74,0.3,31.23,1091.43,1062.56,1064.0442857142857,19.409783492853148,6,0
18-06-2019,1101.35,591.27,0.33,31.7,1071.38,1047.4,1071.7514285714285,22.208563985252766,6,1
19-06-2019,1078.9,590.18,0.3,31.34,1101.35,1034.4,1078.1085714285714,14.901911989867118,6,2
20-06-2019,1114.84,591.68,0.36,31.95,1078.9,1054.84,1086.68,16.461508638883775,6,3
21-06-2019,1109.64,588.1,0.26,31.54,1114.84,1074.87,1091.6471428571429,17.51601906287246,6,4
22-06-2019,1124.69,597.29,0.29,31.93,1109.64,1073.99,1098.89,19.380868573623466,6,5
23-06-2019,1178.05,586.68,0.3,32.41,1124.69,1091.43,1111.2642857142857,35.10104882439897,6,6
24-06-2019,1188.77,595.09,0.32,32.7,1178.05,1071.38,1128.0342857142857,40.4974299008327,6,0
25-06-2019,1193.07,598.94,0.35,32.9,1188.77,1101.35,1141.1371428571429,45.01120220357334,6,1
26-06-2019,1171.65,596.2,0.31,32.5,1193.07,1078.9,1154.3871428571429,36.47986874717317,6,2
27-06-2019,1204.01,593.55,0.27,32.7,1171.65,1114.84,1167.1257142857144,35.93335955032452,6,3
28-06-2019,1254.18,592.62,0.34,33.46,1204.01,1109.64,1187.7742857142857,38.808364157394216,6,4
29-06-2019,1247.72,600.72,0.34,33.5,1254.18,1124.69,1205.3500000000001,32.88377563482506,6,5
30-06-2019,1315.06,589.65,0.27,33.89,1247.72,1178.05,1224.9228571428573,50.16202604704471,6,6
01-07-2019,1289.88,592.49,0.33,33.83,1315.06,1188.77,1239.3671428571429,52.51874703834567,7,0
02-07-2019,1304.35,595.92,0.28,33.89,1289.88,1193.07,1255.2642857142857,53.00884355689776,7,1
03-07-2019,1312.14,604.47,0.31,34.19,1304.35,1171.65,1275.3342857142857,41.39945404518867,7,2
04-07-2019,1342.88,601.1,0.31,34.49,1312.14,1204.01,1295.172857142857,34.165714156316724,7,3
05-07-2019,1356.62,595.38,0.36,34.71,1342.88,1254.18,1309.8071428571427,35.59020685260425,7,4
06-07-2019,1399.15,599.3,0.34,35.18,1356.62,1247.72,1331.44,37.530978759797016,7,5
07-07-2019,1427.36,598.62,0.31,35.4,1399.15,1315.06,1347.4828571428573,50.96105595267053,7,6
08-07-2019,1405.12,598.95,0.37,35.33,1427.36,1289.88,1363.945714285714,47.764957118929296,7,0
09-07-2019,1413.1,607.89,0.31,35.37,1405.12,1304.35,1379.4814285714288,42.55179683970433,7,1
10-07-2019,1422.07,597.36,0.36,35.47,1413.1,1312.14,1395.185714285714,32.701882645701374,7,2
11-07-2019,1507.58,612.6,0.33,36.55,1422.07,1342.88,1418.7142857142858,45.53004643719666,7,3
12-07-2019,1487.35,609.66,0.35,36.35,1507.58,1356.62,1437.3899999999999,42.52762945037689,7,4
13-07-2019,1481.63,611.78,0.38,36.4,1487.35,1399.15,1449.172857142857,41.58249940954469,7,5
14-07-2019,1576.45,605.09,0.39,37.4,1481.63,1427.36,1470.4714285714285,61.81004757282068,7,6
15-07-2019,1661.24,607.47,0.41,38.44,1576.45,1405.12,1507.06,87.24836731997941,7,0
16-07-2019,1614.33,602.08,0.37,37.72,1661.24,1413.1,1535.8071428571427,84.2291016047599,7,1
17-07-2019,1664.05,607.37,0.39,38.41,1614.33,1422.07,1570.3757142857144,79.28055580388938,7,2
18-07-2019,1666.73,613.22,0.37,38.46,1664.05,1507.58,1593.1114285714286,81.07085058322727,7,3
19-07-2019,1686.37,618.02,0.39,38.81,1666.73,1487.35,1621.542857142857,72.21282820347898,7,4
20-07-2019,1742.96,607.13,0.41,39.35,1686.37,1481.63,1658.8757142857144,52.75489672602766,7,5
21-07-2019,1730.8,611.64,0.39,39.22,1742.96,1576.45,1680.9257142857143,44.11001732683744,7,6
22-07-2019,1773.73,613.57,0.35,39.61,1730.8,1661.24,1696.9957142857143,54.91137643428069,7,0
23-07-2019,1800.98,608.33,0.41,40.02,1773.73,1614.33,1723.66,53.37567798166678,7,1
24-07-2019,1794.15,618.99,0.42,40.12,1800.98,1664.05,1742.2457142857143,51.78684609603172,7,2
25-07-2019,1874.21,613.38,0.39,40.85,1794.15,1666.73,1771.8857142857141,60.07426927207828,7,3
26-07-2019,1860.74,616.86,0.38,40.72,1874.21,1686.37,1796.7957142857142,54.607839747673324,7,4
27-07-2019,1866.1,616.46,0.46,41.01,1860.74,1742.96,1814.3871428571426,54.207453889162856,7,5
28-07-2019,1935.44,615.65,0.44,41.72,1866.1,1730.8,1843.6214285714286,56.73794715727737,7,6
29-07-2019,1910.49,620.38,0.42,41.45,1935.44,1773.73,1863.1585714285716,52.009393840171434,7,0
30-07-2019,1967.68,620.2,0.4,42.02,1910.49,1800.98,1886.972857142857,56.74295131390878,7,1
31-07-2019,1990.96,620.26,0.41,42.32,1967.68,1794.15,1915.0885714285712,51.61131091426488,7,2
01-08-2019,2055.07,619.32,0.48,43.23,1990.96,1874.21,1940.9257142857145,69.80114799849689,8,3
02-08-2019,2057.24,625.37,0.45,43.25,2055.07,1860.74,1968.997142857143,71.6663916384772,8,4
03-08-2019,2062.74,632.85,0.43,43.36,2057.24,1866.1,1997.0885714285716,62.57320098057862,8,5
04-08-2019,2117.95,626.1,0.47,44.0,2062.74,1935.44,2023.1614285714284,70.16743580623881,8,6
05-08-2019,2163.27,631.18,0.43,44.46,2117.95,1910.49,2059.272857142857,67.5131201358663,8,0
06-08-2019,2154.75,620.0,0.5,44.42,2163.27,1967.68,2085.997142857143,62.015387261119976,8,1
07-08-2019,2156.22,628.53,0.5,44.55,2154.75,1990.96,2109.6057142857144,50.121665593919325,8,2
08-08-2019,2126.47,622.97,0.45,43.99,2156.22,2055.07,2119.805714285714,44.07393063828913,8,3
09-08-2019,2157.36,621.79,0.45,44.32,2126.47,2057.24,2134.1085714285714,35.86763138201904,8,4
10-08-2019,2208.5,626.22,0.39,44.78,2157.36,2062.74,2154.9314285714286,29.224401578529296,8,5
11-08-2019,2216.78,636.66,0.43,45.14,2208.5,2117.95,2169.05,32.11094102229782,8,6
12-08-2019,2253.92,636.13,0.44,45.58,2216.78,2163.27,2182.0,45.05971260454512,8,0
13-08-2019,2283.46,633.23,0.49,46.02,2253.92,2154.75,2200.387142857143,56.81435578983347,8,1
14-08-2019,2322.09,624.89,0.48,46.3,2283.46,2156.22,2224.0828571428574,68.67516162204402,8,2
15-08-2019,2315.64,632.27,0.45,46.24,2322.09,2126.47,2251.1071428571427,60.60792487082275,8,3
16-08-2019,2356.84,635.4,0.48,46.84,2315.64,2157.36,2279.604285714286,55.896069586712855,8,4
17-08-2019,2356.24,635.34,0.51,46.92,2356.84,2208.5,2300.71,52.353412177921044,8,5
18-08-2019,2285.69,625.64,0.51,45.99,2356.24,2216.78,2310.554285714286,38.61835567761486,8,6
19-08-2019,2345.36,631.01,0.44,46.53,2285.69,2253.92,2323.617142857143,30.977928010347284,8,0
20-08-2019,2394.46,635.72,0.5,47.32,2345.36,2283.46,2339.474285714286,35.12777526748461,8,1
21-08-2019,2362.33,639.26,0.46,46.89,2394.46,2322.09,2345.222857142857,35.10130895680427,8,2
22-08-2019,2454.56,625.79,0.53,47.95,2362.33,2315.64,2365.0685714285714,51.1779739174056,8,3
23-08-2019,2508.2,636.58,0.53,48.7,2454.56,2356.84,2386.691428571429,74.00582284044116,8,4
24-08-2019,2506.51,638.53,0.48,48.56,2508.2,2356.24,2408.1585714285716,84.71963948395256,8,5
25-08-2019,2454.11,642.51,0.49,48.06,2506.51,2285.69,2432.218571428572,65.98649039228441,8,6
26-08-2019,2539.92,642.04,0.5,49.04,2454.11,2345.36,2460.0128571428572,64.25577995128812,8,0
27-08-2019,2489.23,641.79,0.45,48.32,2539.92,2394.46,2473.5514285714285,57.80173798677079,8,1
28-08-2019,2475.55,634.99,0.53,48.31,2489.23,2362.33,2489.7257142857147,31.221736476005045,8,2
29-08-2019,2470.17,629.56,0.51,48.11,2475.55,2454.56,2491.9557142857147,28.751142503277702,8,3
30-08-2019,2490.19,637.51,0.55,48.57,2470.17,2508.2,2489.382857142857,27.84682190990319,8,4
31-08-2019,2491.32,644.82,0.49,48.51,2490.19,2506.51,2487.2128571428575,26.864239374092055,8,5
01-09-2019,2520.52,646.96,0.5,48.9,2491.32,2454.11,2496.7000000000003,24.87853693458911,9,6
02-09-2019,2522.95,643.56,0.47,48.78,2520.52,2539.92,2494.2757142857145,20.386284488444506,9,0
03-09-2019,2517.55,642.18,0.49,48.76,2522.95,2489.23,2498.3214285714284,21.966876904969993,9,1
04-09-2019,2537.8,641.94,0.48,48.96,2517.55,2475.55,2507.214285714286,23.74061699374868,9,2
05-09-2019,2571.48,637.14,0.55,49.48,2537.8,2470.17,2521.687142857143,27.90835938953379,9,3
06-09-2019,2559.13,639.27,0.5,49.22,2571.48,2490.19,2531.535714285714,27.093037763307542,9,4
07-09-2019,2446.62,648.41,0.52,48.15,2559.13,2491.32,2525.15,40.232925156798444,9,5
08-09-2019,2395.2,634.94,0.51,47.35,2446.62,2520.52,2507.247142857143,63.684259100256725,9,6
09-09-2019,2548.7,647.9,0.48,49.16,2395.2,2522.95,2510.925714285714,65.46136974259875,9,0
10-09-2019,2440.09,637.83,0.51,47.89,2548.7,2517.55,2499.86,70.50746130733776,9,1
11-09-2019,2485.81,646.08,0.53,48.58,2440.09,2537.8,2492.432857142857,68.55610153114418,9,2
12-09-2019,2436.95,631.9,0.48,47.69,2485.81,2571.48,2473.214285714286,61.16106682558518,9,3
13-09-2019,2401.56,641.86,0.54,47.61,2436.95,2559.13,2450.7042857142856,52.67824119352858,9,4
14-09-2019,2498.12,634.85,0.49,48.44,2401.56,2446.62,2458.0614285714287,55.531760110389975,9,5
15-09-2019,2498.89,631.11,0.5,48.43,2498.12,2395.2,2472.8742857142856,49.46737337454894,9,6
16-09-2019,2430.21,639.16,0.53,47.86,2498.89,2548.7,2455.9471428571424,38.18187035511781,9,0
17-09-2019,2331.44,642.87,0.49,46.69,2430.21,2440.09,2440.425714285714,60.97992534632596,9,1
18-09-2019,2410.69,633.08,0.51,47.5,2331.44,2485.81,2429.694285714286,58.20887986590544,9,2
19-09-2019,2440.19,629.39,0.5,47.75,2410.69,2436.95,2430.157142857143,58.289017180038684,9,3
20-09-2019,2346.78,636.18,0.51,46.83,2440.19,2401.56,2422.3314285714287,65.94305104374257,9,4
21-09-2019,2406.13,635.81,0.43,47.25,2346.78,2498.12,2409.19,56.86330773593662,9,5
22-09-2019,2384.23,638.64,0.45,47.1,2406.13,2498.89,2392.8100000000004,41.02721738884701,9,6
23-09-2019,2395.72,640.25,0.52,47.46,2384.23,2430.21,2387.882857142857,37.725248713311295,9,0
24-09-2019,2361.64,634.68,0.53,47.03,2395.72,2331.44,2392.197142857143,31.3893993329154,9,1
25-09-2019,2300.61,643.94,0.47,46.3,2361.64,2410.69,2376.4714285714285,45.14218035965879,9,2
26-09-2019,2376.29,635.19,0.49,47.08,2300.61,2440.19,2367.342857142857,35.551745252252175,9,3
27-09-2019,2303.69,631.81,0.5,46.25,2376.29,2346.78,2361.1871428571426,42.71448806296281,9,4
28-09-2019,2292.79,624.91,0.51,46.06,2303.69,2406.13,2344.9957142857143,44.29134071022739,9,5
29-09-2019,2238.88,631.24,0.43,45.31,2292.79,2384.23,2324.2314285714288,55.487932450430755,9,6
30-09-2019,2241.9,630.35,0.46,45.42,2238.88,2395.72,2302.2571428571428,52.85393006971064,9,0
01-10-2019,2206.64,636.37,0.47,45.14,2241.9,2361.64,2280.1142857142854,56.192228067965445,10,1
02-10-2019,2217.48,633.32,0.5,45.31,2206.64,2300.61,2268.2385714285715,59.806842258694935,10,2
03-10-2019,2274.09,624.49,0.55,45.97,2217.48,2376.29,2253.6385714285716,37.25622606969586,10,3
04-10-2019,2133.49,630.75,0.47,44.24,2274.09,2303.69,2229.324285714286,51.83370938467666,10,4
05-10-2019,2105.62,632.71,0.43,43.84,2133.49,2292.79,2202.585714285714,61.08818157855816,10,5
06-10-2019,2206.34,636.45,0.48,45.17,2105.62,2238.88,2197.9371428571426,59.07079163015295,10,6
07-10-2019,2121.96,632.65,0.51,44.26,2206.34,2241.9,2180.802857142857,61.53705894672571,10,0
08-10-2019,2084.9,631.44,0.47,43.71,2121.96,2206.64,2163.4114285714286,69.6819265014645,10,1
09-10-2019,2129.56,627.34,0.43,44.03,2084.9,2217.48,2150.8514285714286,66.14587274316817,10,2
10-10-2019,2047.79,628.41,0.49,43.31,2129.56,2274.09,2118.522857142857,48.9380828920136,10,3
11-10-2019,2117.51,632.13,0.47,44.08,2047.79,2133.49,2116.2400000000002,48.49423711469283,10,4
12-10-2019,2054.51,618.63,0.42,43.03,2117.51,2105.62,2108.938571428572,53.90543987040367,10,5
13-10-2019,1991.59,622.96,0.46,42.51,2054.51,2206.34,2078.26,50.21653844437861,10,6
14-10-2019,2065.85,620.27,0.48,43.36,1991.59,2121.96,2070.2442857142855,46.41257152152263,10,0
15-10-2019,1946.49,625.43,0.48,42.1,2065.85,2084.9,2050.4714285714285,64.92089145738258,10,1
16-10-2019,1973.21,629.09,0.44,42.33,1946.49,2129.56,2028.1357142857144,59.87552389672095,10,2
17-10-2019,1936.8,619.41,0.43,41.76,1973.21,2047.79,2012.28,67.95410976044984,10,3
18-10-2019,1950.27,609.92,0.47,41.89,1936.8,2117.51,1988.3885714285714,52.41318359236985,10,4
19-10-2019,1937.81,619.19,0.39,41.65,1950.27,2054.51,1971.717142857143,46.04969008738807,10,5
20-10-2019,1865.15,625.21,0.44,41.07,1937.81,1991.59,1953.6542857142856,59.72325282980603,10,6
21-10-2019,1818.37,622.78,0.38,40.33,1865.15,2065.85,1918.2999999999997,55.325826699664255,10,0
22-10-2019,1837.82,621.68,0.45,40.74,1818.37,1946.49,1902.775714285714,61.04781291664711,10,1
23-10-2019,1780.2,617.63,0.41,39.92,1837.82,1973.21,1875.202857142857,67.20986130876823,10,2
24-10-2019,1846.34,612.15,0.45,40.7,1780.2,1936.8,1862.28,61.877362042464696,10,3
25-10-2019,1765.81,620.5,0.43,39.86,1846.34,1950.27,1835.9285714285713,57.265876816999736,10,4
26-10-2019,1729.9,613.31,0.37,39.17,1765.81,1937.81,1806.2271428571426,48.927314019302166,10,5
27-10-2019,1727.13,627.71,0.45,39.59,1729.9,1865.15,1786.51,49.034659850630945,10,6
28-10-2019,1660.4,619.24,0.45,38.72,1727.13,1818.37,1763.9428571428573,65.51097636129226,10,0
29-10-2019,1652.73,613.09,0.43,38.49,1660.4,1837.82,1737.5014285714285,68.02763101088036,10,1
30-10-2019,1698.81,612.47,0.38,38.84,1652.73,1780.2,1725.8742857142859,66.4505793446388,10,2
31-10-2019,1624.44,614.56,0.39,38.07,1698.81,1846.34,1694.1742857142856,50.39307652748156,10,3
01-11-2019,1594.55,613.4,0.4,37.75,1624.44,1765.81,1669.7085714285715,51.3810884238428,11,4
02-11-2019,1622.3,619.64,0.37,38.06,1594.55,1729.9,1654.337142857143,46.2073160564695,11,5
03-11-2019,1622.62,614.66,0.44,38.2,1622.3,1727.13,1639.4071428571428,34.05275109506377,11,6
04-11-2019,1591.34,609.76,0.39,37.63,1622.62,1660.4,1629.5414285714287,36.84644506984575,11,0
05-11-2019,1581.54,622.24,0.3,37.43,1591.34,1652.73,1619.3714285714286,39.13308081770579,11,1
06-11-2019,1515.82,612.86,0.39,36.83,1581.54,1698.81,1593.2299999999998,38.334448824339056,11,2
07-11-2019,1481.34,616.04,0.37,36.43,1515.82,1624.44,1572.787142857143,53.90905140891085,11,3
08-11-2019,1544.84,608.98,0.37,37.04,1481.34,1594.55,1565.685714285714,53.83852983911353,11,4
09-11-2019,1479.95,613.44,0.36,36.35,1544.84,1622.3,1545.3500000000001,55.74072448995932,11,5
10-11-2019,1466.83,612.91,0.39,36.28,1479.95,1622.62,1523.0942857142857,50.61239961942961,11,6
11-11-2019,1493.76,601.9,0.4,36.46,1466.83,1591.34,1509.1542857142854,41.25620674803673,11,0
12-11-2019,1459.28,620.75,0.37,36.25,1493.76,1581.54,1491.6885714285713,29.790496487150605,11,1
13-11-2019,1443.05,617.0,0.35,35.95,1459.28,1515.82,1481.292857142857,32.53646862329529,11,2
14-11-2019,1473.63,608.58,0.36,36.21,1443.05,1481.34,1480.1914285714286,32.66485339960259,11,3
15-11-2019,1389.73,604.98,0.36,35.22,1473.63,1544.84,1458.032857142857,34.0802292217624,11,4
16-11-2019,1417.58,611.93,0.33,35.54,1389.73,1479.95,1449.122857142857,35.51790145557326,11,5
17-11-2019,1384.62,610.56,0.37,35.27,1417.58,1466.83,1437.3785714285714,41.73468957934071,11,6
18-11-2019,1379.41,611.8,0.37,35.23,1384.62,1493.76,1421.0428571428572,38.21911987222666,11,0
19-11-2019,1400.54,610.95,0.4,35.54,1379.41,1459.28,1412.6514285714286,34.71210712345812,11,1
20-11-2019,1366.38,612.47,0.39,35.15,1400.54,1443.05,1401.6985714285715,35.60617616299674,11,2
21-11-2019,1358.54,617.1,0.33,34.95,1366.38,1473.63,1385.2571428571428,20.01285646296869,11,3
22-11-2019,1363.15,612.91,0.37,35.06,1358.54,1389.73,1381.4600000000003,21.489834030641198,11,4
23-11-2019,1320.76,605.18,0.32,34.33,1363.15,1417.58,1367.6285714285714,25.204346469411334,11,5
24-11-2019,1301.99,617.19,0.37,34.44,1320.76,1384.62,1355.8242857142857,33.803056497439684,11,6
25-11-2019,1289.97,618.84,0.33,34.2,1301.99,1379.41,1343.047142857143,39.7777013389048,11,0
26-11-2019,1261.42,626.57,0.31,33.93,1289.97,1400.54,1323.172857142857,41.000496628784596,11,1
27-11-2019,1349.12,606.05,0.35,34.75,1261.42,1366.38,1320.707142857143,38.40590914351972,11,2
28-11-2019,1268.75,613.18,0.26,33.68,1349.12,1358.54,1307.8799999999999,38.657801282501204,11,3
29-11-2019,1283.02,602.27,0.29,33.77,1268.75,1363.15,1296.4328571428573,30.5846931836847,11,4
30-11-2019,1275.66,615.7,0.33,34.0,1283.02,1320.76,1289.99,29.330500620751323,11,5
01-12-2019,1283.18,610.86,0.34,34.05,1275.66,1301.99,1287.3028571428572,28.90645989751655,12,6
02-12-2019,1288.99,623.59,0.32,34.23,1283.18,1289.97,1287.162857142857,28.893759830455867,12,0
03-12-2019,1284.29,610.95,0.29,33.91,1288.99,1261.42,1290.43,26.708098646862997,12,1
04-12-2019,1245.98,607.09,0.31,33.49,1284.29,1349.12,1275.695714285714,14.671556219497916,12,2
05-12-2019,1250.01,613.75,0.34,33.71,1245.98,1268.75,1273.0185714285712,17.5730413118927,12,3
06-12-2019,1254.81,607.01,0.35,33.7,1250.01,1283.02,1268.9885714285715,18.123225824416355,12,4
07-12-2019,1237.63,621.17,0.33,33.65,1254.81,1275.66,1263.5557142857144,21.22478257215208,12,5
08-12-2019,1273.81,607.97,0.36,33.96,1237.63,1283.18,1262.217142857143,20.04346835771066,12,6
09-12-2019,1243.7,619.05,0.34,33.72,1273.81,1288.99,1255.7471428571428,17.046583933636065,12,0
10-12-2019,1243.88,609.33,0.3,33.46,1243.7,1284.29,1249.9742857142858,11.806561533106338,12,1
11-12-2019,1237.06,618.78,0.32,33.58,1243.88,1245.98,1248.7,12.752955212953108,12,2
12-12-2019,1242.99,629.26,0.28,33.68,1237.06,1250.01,1247.6971428571428,12.907847373068718,12,3
13-12-2019,1215.99,623.61,0.32,33.41,1242.99,1254.81,1242.1514285714288,17.02518079050117,12,4
14-12-2019,1178.57,618.24,0.35,33.01,1215.99,1237.63,1233.7142857142858,29.616993352379644,12,5
15-12-2019,1210.01,623.08,0.34,33.4,1178.57,1273.81,1224.6000000000001,24.616164066118557,12,6
16-12-2019,1181.87,624.02,0.36,33.16,1210.01,1243.7,1215.7671428571427,27.539791039019395,12,0
17-12-2019,1178.98,626.96,0.31,33.02,1181.87,1243.88,1206.4957142857143,27.42227188317338,12,1
18-12-2019,1197.09,618.41,0.36,33.25,1178.98,1237.06,1200.7857142857142,23.937241456942544,12,2
19-12-2019,1205.0,628.83,0.31,33.33,1197.09,1242.99,1195.3585714285714,15.64358487097967,12,3
20-12-2019,1173.14,612.9,0.36,32.9,1205.0,1215.99,1189.2371428571428,14.571869834466572,12,4
21-12-2019,1172.95,623.85,0.31,32.9,1173.14,1178.57,1188.4342857142858,15.38943020066701,12,5
22-12-2019,1195.58,625.08,0.33,33.24,1172.95,1210.01,1186.3728571428571,12.759380489373852,12,6
23-12-2019,1158.39,631.19,0.36,33.0,1195.58,1181.87,1183.0185714285715,16.63739104994466,12,0
24-12-2019,1200.19,628.56,0.3,33.25,1158.39,1178.98,1186.0485714285714,17.678132846791296,12,1
25-12-2019,1150.95,621.77,0.31,32.63,1200.19,1197.09,1179.457142857143,21.138299927049356,12,2
26-12-2019,1096.05,624.22,0.35,32.17,1150.95,1205.0,1163.892857142857,34.85577748101135,12,3
27-12-2019,1139.44,630.47,0.3,32.59,1096.05,1173.14,1159.0785714285714,35.68319512434294,12,4
28-12-2019,1123.82,629.3,0.26,32.28,1139.44,1172.95,1152.06,37.29537594210349,12,5
29-12-2019,1133.52,626.94,0.37,32.69,1123.82,1195.58,1143.1942857142858,32.26247916544639,12,6
30-12-2019,1112.4,627.54,0.29,32.22,1133.52,1158.39,1136.6242857142856,33.317736446235564,12,0
31-12-2019,1087.28,633.51,0.3,32.05,1112.4,1200.19,1120.4942857142858,23.214397728580014,12,1
01-01-2020,1056.19,627.2,0.33,31.7,1087.28,1150.95,1106.9571428571428,29.320529050570823,1,2
02-01-2020,1064.55,628.79,0.28,31.67,1056.19,1096.05,1102.4571428571428,33.40611356930549,1,3
03-01-2020,1039.65,639.21,0.26,31.48,1064.55,1139.44,1088.2014285714286,36.171439667433184,1,4
04-01-2020,1030.93,619.89,0.3,31.23,1039.65,1123.82,1074.9314285714286,37.92299629004366,1,5
05-01-2020,1037.53,616.16,0.24,31.07,1030.93,1133.52,1061.2185714285713,29.66162190914786,1,6
06-01-2020,1040.78,627.41,0.28,31.39,1037.53,1112.4,1050.9871428571428,19.766522805111126,1,0
07-01-2020,1000.23,617.92,0.29,30.83,1040.78,1087.28,1038.5514285714285,20.49747824199556,1,1
08-01-2020,954.03,617.21,0.28,30.27,1000.23,1056.19,1023.9571428571428,36.20009240970874,1,2
09-01-2020,963.69,612.17,0.24,30.19,954.03,1064.55,1009.5485714285714,37.40271845219546,1,3
10-01-2020,956.48,611.73,0.33,30.37,963.69,1039.65,997.6671428571428,39.403424011176874,1,4
11-01-2020,905.87,617.55,0.28,29.73,956.48,1030.93,979.8014285714286,48.992840438993234,1,5
12-01-2020,892.8,610.17,0.32,29.6,905.87,1037.53,959.1257142857143,51.06540735729245,1,6
13-01-2020,873.73,606.75,0.27,29.19,892.8,1040.78,935.2614285714287,45.248446908304636,1,0
14-01-2020,839.59,591.94,0.24,28.51,873.73,1000.23,912.3128571428572,47.487156408906706,1,1
15-01-2020,839.1,589.21,0.28,28.59,839.59,954.03,895.8942857142857,50.43642230801489,1,2
16-01-2020,805.22,577.08,0.26,27.97,839.1,963.69,873.2557142857142,50.499222719090014,1,3
17-01-2020,790.3,582.35,0.23,27.79,805.22,956.48,849.5157142857144,43.419052214806406,1,4
18-01-2020,749.53,586.13,0.3,27.6,790.3,905.87,827.1814285714287,49.39784051568323,1,5
19-01-2020,733.2,579.49,0.24,27.14,749.53,892.8,804.3814285714286,50.87355548428589,1,6
20-01-2020,725.75,571.42,0.2,26.82,733.2,873.73,783.2414285714285,47.913275623212186,1,0
21-01-2020,689.37,567.58,0.29,26.63,725.75,839.59,761.7814285714286,51.9407583786158,1,1
22-01-2020,692.75,559.76,0.24,26.41,689.37,839.1,740.8742857142857,44.561699869184885,1,2
23-01-2020,645.38,558.91,0.23,25.84,692.75,805.22,718.04,46.98124803216409,1,3
24-01-2020,631.21,556.49,0.19,25.52,645.38,790.3,695.3128571428571,44.62007422452835,1,4
25-01-2020,617.99,541.1,0.3,25.49,631.21,749.53,676.5214285714285,45.6676531870405,1,5
26-01-2020,572.5,544.57,0.2,24.73,617.99,733.2,653.5642857142857,52.332258329804176,1,6
27-01-2020,549.89,542.39,0.24,24.56,572.5,725.75,628.4414285714286,54.08552807925111,1,0
28-01-2020,533.95,531.73,0.26,24.29,549.89,689.37,606.2385714285714,56.740692754653274,1,1
29-01-2020,543.09,531.64,0.25,24.36,533.95,692.75,584.8585714285715,45.863604462338195,1,2
30-01-2020,508.83,535.7,0.23,23.98,543.09,645.38,565.3514285714285,44.86019260930935,1,3
31-01-2020,520.78,518.79,0.18,23.72,508.83,631.21,549.5757142857143,36.47320928064779,1,4
01-02-2020,477.97,516.24,0.21,23.3,520.78,617.99,529.5728571428572,30.626333284738465,2,5
02-02-2020,470.62,507.12,0.23,23.15,477.97,572.5,515.0185714285715,31.031550841210457,2,6
03-02-2020,469.19,506.51,0.2,23.03,470.62,549.89,503.49000000000007,30.907465656776697,2,0
04-02-2020,461.4,503.39,0.23,22.99,469.19,533.95,493.1257142857143,31.154069213552987,2,1
05-02-2020,451.7,498.25,0.24,22.84,461.4,543.09,480.07000000000005,25.330990242349223,2,2
06-02-2020,436.57,489.55,0.25,22.57,451.7,508.83,469.7471428571429,26.360125008570044,2,3
07-02-2020,428.36,490.67,0.19,22.32,436.57,520.78,456.5442857142857,18.51788401957905,2,4
08-02-2020,420.05,492.04,0.29,22.55,428.36,477.97,448.27000000000004,20.211371386534484,2,5
09-02-2020,418.16,484.79,0.24,22.27,420.05,470.62,440.7757142857143,20.26876320587416,2,6
10-02-2020,406.92,483.69,0.22,22.07,418.16,469.19,431.88,19.364220441946646,2,0
11-02-2020,404.52,476.14,0.25,22.03,406.92,461.4,423.75428571428574,16.65726453820296,2,1
12-02-2020,410.12,476.92,0.29,22.22,404.52,451.7,417.8142857142857,11.709912975578865,2,2
13-02-2020,408.47,472.13,0.18,21.8,410.12,436.57,413.80000000000007,8.616551900702822,2,3
14-02-2020,405.97,464.5,0.21,21.76,408.47,428.36,410.6014285714286,6.098757874343152,2,4
15-02-2020,414.03,466.21,0.15,21.69,405.97,420.05,409.74142857142857,4.838585979035902,2,5
16-02-2020,415.53,458.3,0.22,21.81,414.03,418.16,409.36571428571426,4.125501411412622,2,6
17-02-2020,408.76,456.57,0.23,21.74,415.53,406.92,409.62857142857143,4.000422595575194,2,0
18-02-2020,418.57,456.5,0.22,21.82,408.76,404.52,411.63571428571424,4.503176126792952,2,1
19-02-2020,398.97,453.78,0.2,21.5,418.57,410.12,410.04285714285714,6.608506422306613,2,2
20-02-2020,405.55,445.31,0.15,21.3,398.97,408.47,409.6257142857143,6.813319936876295,2,3
21-02-2020,401.35,450.22,0.23,21.56,405.55,405.97,408.96571428571434,7.4229595554758925,2,4
22-02-2020,392.58,445.35,0.26,21.49,401.35,414.03,405.90142857142854,9.198892013524944,2,5
23-02-2020,405.27,437.69,0.2,21.34,392.58,415.53,404.4357142857143,8.168728699265017,2,6
24-02-2020,404.63,431.63,0.23,21.34,405.27,408.76,403.8457142857143,7.950580391530632,2,0
25-02-2020,416.21,433.34,0.17,21.31,404.63,418.57,403.5085714285715,7.24046137640006,2,1
26-02-2020,409.43,429.13,0.23,21.35,416.21,398.97,405.0028571428571,7.227034232677725,2,2
27-02-2020,397.04,427.88,0.2,21.11,409.43,405.55,403.7871428571429,7.811766155419192,2,3
28-02-2020,417.65,423.07,0.19,21.24,397.04,401.35,406.11571428571426,9.259459769817878,2,4
29-02-2020,412.72,414.36,0.19,21.06,417.65,392.58,408.99285714285713,7.267289072755641,2,5
01-03-2020,407.75,416.63,0.2,21.07,412.72,405.27,409.34714285714284,7.114390847687733,3,6
02-03-2020,401.56,413.73,0.22,21.02,407.75,404.63,408.9085714285714,7.53579331876766,3,0
03-03-2020,395.94,413.64,0.17,20.8,401.56,416.21,406.0128571428571,8.133325916681938,3,1
04-03-2020,399.9,406.08,0.2,20.83,395.94,409.43,404.65142857142854,8.262583188274107,3,2
05-03-2020,410.19,410.62,0.21,21.04,399.9,397.04,406.53000000000003,7.720755575554152,3,3
06-03-2020,415.65,395.85,0.18,20.8,410.19,417.65,406.2442857142857,7.264169732016421,3,4
07-03-2020,412.88,403.01,0.26,21.11,415.65,412.72,406.26714285714286,7.288154119320765,3,5
08-03-2020,397.91,394.95,0.18,20.59,412.88,407.75,404.8614285714286,7.879444625721924,3,6
09-03-2020,393.08,395.2,0.19,20.57,397.91,401.56,403.65000000000003,9.038285235085304,3,0
10-03-2020,401.91,389.59,0.18,20.56,393.08,395.94,404.5028571428571,8.452174698479961,3,1
11-03-2020,387.88,389.72,0.26,20.65,401.91,399.9,402.7857142857143,10.51291722416679,3,2
12-03-2020,402.7,381.89,0.23,20.61,387.88,410.19,401.7157142857142,10.002484452816761,3,3
13-03-2020,399.06,376.62,0.18,20.34,402.7,415.65,399.3457142857143,7.893756724704827,3,4
14-03-2020,396.52,381.13,0.24,20.56,399.06,412.88,397.0085714285715,5.1710812160601805,3,5
15-03-2020,388.15,373.42,0.21,20.27,396.52,397.91,395.6142857142857,6.116834303417144,3,6
16-03-2020,403.08,371.34,0.22,20.44,388.15,393.08,397.0428571428571,6.576758862355139,3,0
17-03-2020,395.32,371.26,0.2,20.29,403.08,401.91,396.1014285714286,6.226257378480542,3,1
18-03-2020,390.52,361.58,0.18,20.04,395.32,387.88,396.4785714285714,5.7032517867516885,3,2
19-03-2020,378.09,363.29,0.22,20.04,390.52,402.7,392.96285714285716,8.246960478475438,3,3
20-03-2020,398.28,356.88,0.19,20.09,378.09,399.06,392.8514285714286,8.155612440300978,3,4
21-03-2020,410.97,355.22,0.26,20.42,398.28,396.52,394.9157142857143,10.677697718240692,3,5
22-03-2020,409.96,352.84,0.17,20.1,410.97,388.15,398.0314285714286,11.523029735118797,3,6
23-03-2020,394.58,345.51,0.25,20.06,409.96,403.08,396.81714285714287,11.348892330688736,3,0
24-03-2020,393.34,344.64,0.2,19.89,394.58,395.32,396.53428571428566,11.416896625709409,3,1
25-03-2020,400.81,347.64,0.21,20.04,393.34,390.52,398.0042857142857,11.173308756234482,3,2
26-03-2020,390.13,343.5,0.23,19.93,400.81,378.09,399.72428571428566,8.101170402817877,3,3
27-03-2020,399.24,338.09,0.19,19.83,390.13,398.28,399.8614285714286,8.080745486016692,3,4
28-03-2020,402.37,336.12,0.23,19.96,399.24,410.97,398.6328571428571,6.634726103383049,3,5
29-03-2020,405.48,331.92,0.12,19.6,402.37,409.96,397.9928571428572,5.474631537090655,3,6
30-03-2020,395.84,333.56,0.18,19.7,405.48,394.58,398.17285714285714,5.363300333461569,3,0
31-03-2020,394.93,326.76,0.18,19.59,395.84,393.34,398.40000000000003,5.15409869172618,3,1
01-04-2020,389.96,325.23,0.17,19.48,394.93,400.81,396.85,5.887789624075821,4,2
02-04-2020,390.17,324.95,0.2,19.57,389.96,390.13,396.8557142857143,5.880195169278268,4,3
03-04-2020,394.29,317.43,0.22,19.57,390.17,399.24,396.1485714285714,5.843199546745233,4,4
04-04-2020,398.38,320.82,0.22,19.67,394.29,402.37,395.5785714285715,5.304976997412834,4,5
05-04-2020,402.12,310.51,0.21,19.53,398.38,405.48,395.09857142857146,4.320414441124318,4,6
06-04-2020,389.76,315.96,0.18,19.38,402.12,395.84,394.23,4.737538037562825,4,0
07-04-2020,405.96,308.54,0.21,19.55,389.76,394.93,395.80571428571426,6.511379415719988,4,1
08-04-2020,393.28,306.49,0.21,19.38,405.96,389.96,396.28000000000003,6.1240046802755685,4,2
09-04-2020,394.93,300.14,0.23,19.37,393.28,390.17,396.96,5.5718668317458055,4,3
10-04-2020,389.64,301.35,0.23,19.32,394.93,394.29,396.29571428571427,6.186527989278997,4,4
11-04-2020,377.6,297.71,0.2,19.05,389.64,398.38,393.32714285714286,9.247858696307537,4,5
12-04-2020,401.0,296.56,0.18,19.23,377.6,402.12,393.1671428571429,9.078514404912458,4,6
13-04-2020,399.84,295.54,0.18,19.21,401.0,389.76,394.60714285714283,9.245897674115495,4,0
14-04-2020,392.5,296.01,0.19,19.16,399.84,405.96,392.6842857142857,7.773788987924144,4,1
15-04-2020,394.87,292.2,0.19,19.13,392.5,393.28,392.91142857142853,7.8172041640895,4,2
16-04-2020,397.96,290.43,0.21,19.2,394.87,394.93,393.3442857142857,8.02863595069398,4,3
17-04-2020,383.12,285.26,0.22,18.99,397.96,389.64,392.4128571428572,8.86468031761611,4,4
18-04-2020,390.36,283.88,0.2,18.99,383.12,377.6,394.2357142857142,6.232029784009613,4,5
19-04-2020,399.66,288.15,0.2,19.16,390.36,401.0,394.0442857142857,6.006107604939727,4,6
20-04-2020,385.05,280.63,0.21,18.92,399.66,399.84,391.93142857142857,6.224918816850844,4,0
21-04-2020,395.94,284.29,0.19,19.03,385.05,392.5,392.42285714285714,6.410311261308909,4,1
22-04-2020,384.17,278.38,0.17,18.76,395.94,394.87,390.89428571428573,6.979947126979045,4,2
23-04-2020,397.02,277.33,0.15,18.83,384.17,397.96,390.76000000000005,6.828760257713452,4,3
24-04-2020,393.39,278.16,0.18,18.89,397.02,383.12,392.22714285714284,5.961984328520886,4,4
25-04-2020,382.14,277.12,0.22,18.87,393.39,390.36,391.05285714285714,7.093226144253367,4,5
26-04-2020,401.77,272.68,0.18,18.9,382.14,399.66,391.35428571428565,7.550070323872915,4,6
27-04-2020,388.26,270.74,0.19,18.75,401.77,385.05,391.8128571428571,7.192356391813373,4,0
28-04-2020,387.67,270.19,0.21,18.8,388.26,395.94,390.63142857142856,7.079777370066568,4,1
29-04-2020,394.78,269.83,0.22,18.9,387.67,384.17,392.1471428571428,6.584303845778078,4,2
30-04-2020,401.44,269.88,0.17,18.83,394.78,397.02,392.7785714285714,7.302281443247045,4,3
01-05-2020,386.07,266.92,0.23,18.8,401.44,393.39,391.73285714285714,7.712720475521256,5,4
02-05-2020,393.66,267.23,0.23,18.88,386.07,382.14,393.3785714285714,6.450435200542275,5,5
03-05-2020,396.22,268.47,0.17,18.75,393.66,401.77,392.58571428571435,5.521261500970864,5,6
04-05-2020,398.06,264.95,0.18,18.75,396.22,388.26,393.9857142857143,5.483945832650733,5,0
05-05-2020,394.37,264.03,0.24,18.88,398.06,387.67,394.9428571428571,4.730900950159159,5,1
06-05-2020,390.5,259.49,0.2,18.65,394.37,394.78,394.3314285714286,5.023015124710371,5,2
07-05-2020,387.22,256.55,0.13,18.36,390.5,401.44,392.30000000000007,4.519177652774759,5,3
08-05-2020,393.66,262.33,0.16,18.61,387.22,386.07,393.38428571428574,3.5903753604290336,5,4
09-05-2020,385.45,260.86,0.19,18.58,393.66,393.66,392.2114285714286,4.665341817743447,5,5
10-05-2020,372.36,259.61,0.17,18.36,385.45,396.22,388.80285714285714,8.43874539254314,5,6
11-05-2020,396.1,260.89,0.19,18.7,372.36,398.06,388.5228571428571,8.106369335292209,5,0
12-05-2020,399.4,260.05,0.2,18.76,396.1,394.37,389.24142857142857,8.895580228950514,5,1
13-05-2020,376.29,262.39,0.24,18.65,399.4,390.5,387.2114285714286,10.100307632757806,5,2
14-05-2020,385.86,260.18,0.19,18.58,376.29,387.22,387.01714285714286,10.11318728855977,5,3
15-05-2020,398.99,258.57,0.23,18.82,385.86,393.66,387.7785714285714,10.869089855013167,5,4
16-05-2020,414.07,262.56,0.24,19.08,398.99,385.45,391.8671428571429,14.592376678715699,5,5
17-05-2020,407.1,260.65,0.25,19.0,414.07,372.36,396.83,12.627525489608356,5,6
18-05-2020,412.01,263.04,0.21,18.97,407.1,396.1,399.1028571428572,13.847170245225218,5,0
19-05-2020,429.34,261.98,0.15,18.97,412.01,399.4,403.38,17.965724774064288,5,1
20-05-2020,457.7,262.87,0.22,19.51,429.34,376.29,415.01000000000005,23.11781275677957,5,2
21-05-2020,459.64,265.89,0.24,19.63,457.7,385.86,425.55,24.396286602492136,5,3
22-05-2020,478.84,267.39,0.21,19.78,459.64,398.99,436.95714285714286,28.268365542903574,5,4
23-05-2020,504.46,270.22,0.27,20.29,478.84,414.07,449.87,35.73099541468812,5,5
24-05-2020,524.91,270.61,0.25,20.46,504.46,407.1,466.7,39.74755883478377,5,6
25-05-2020,562.54,269.34,0.25,20.87,524.91,412.01,488.2042857142857,45.5274275782873,5,0
26-05-2020,607.7,274.72,0.27,21.51,562.54,429.34,513.6842857142857,55.83620207263739,5,1
27-05-2020,624.96,279.91,0.25,21.71,607.7,457.7,537.5785714285714,63.189628481348635,5,2
28-05-2020,650.97,280.07,0.17,21.77,624.96,459.64,564.9114285714286,65.20630655295348,5,3
29-05-2020,684.46,282.9,0.24,22.39,650.97,478.84,594.2857142857143,66.27569183768423,5,4
30-05-2020,703.28,288.56,0.29,22.83,684.46,504.46,622.6885714285714,63.92553387297486,5,5
31-05-2020,772.61,287.61,0.24,23.45,703.28,524.91,658.0742857142858,69.12499255139811,5,6
01-06-2020,797.47,288.7,0.26,23.8,772.61,562.54,691.6357142857142,71.98306116879931,6,0
02-06-2020,835.02,295.06,0.24,24.25,797.47,607.7,724.11,78.76247118177493,6,1
03-06-2020,928.29,297.5,0.34,25.63,835.02,624.96,767.4428571428572,96.55374629605585,6,2
04-06-2020,923.71,299.62,0.34,25.61,928.29,650.97,806.4057142857143,96.74926302164788,6,3
05-06-2020,947.42,304.87,0.27,25.74,923.71,684.46,843.9714285714286,92.46486781987299,6,4
06-06-2020,994.97,309.92,0.31,26.46,947.42,703.28,885.6414285714285,83.81555035282487,6,5
07-06-2020,1067.0,312.13,0.29,27.24,994.97,772.61,927.6971428571427,91.18143519272114,6,6
08-06-2020,1090.69,316.41,0.34,27.72,1067.0,797.47,969.5857142857143,88.70298808514465,6,0
09-06-2020,1102.49,323.77,0.34,27.95,1090.69,835.02,1007.7957142857142,78.0436945684934,6,1
10-06-2020,1194.67,321.78,0.36,29.02,1102.49,928.29,1045.85,95.75041253172658,6,2
11-06-2020,1204.01,326.93,0.35,29.17,1194.67,923.71,1085.892857142857,94.76395424319128,6,3
12-06-2020,1304.54,328.39,0.44,30.58,1204.01,947.42,1136.91,103.5163763211559,6,4
13-06-2020,1330.44,330.99,0.33,30.58,1304.54,994.97,1184.8342857142857,104.50165722083847,6,5
14-06-2020,1336.94,335.17,0.31,30.65,1330.44,1067.0,1223.3971428571426,103.57376593748701,6,6
15-06-2020,1422.09,338.91,0.36,31.81,1336.94,1090.69,1270.74,108.43077115528986,6,0
16-06-2020,1433.44,344.63,0.33,31.93,1422.09,1102.49,1318.0185714285715,94.03880146487535,6,1
17-06-2020,1495.23,353.55,0.34,32.78,1433.44,1194.67,1360.9557142857143,96.90511662739803,6,2
18-06-2020,1525.93,348.34,0.36,33.11,1495.23,1204.01,1406.9442857142858,85.75500624008271,6,3
19-06-2020,1528.23,352.43,0.37,33.22,1525.93,1304.54,1438.8999999999999,82.86428623557974,6,4
20-06-2020,1571.53,356.61,0.38,33.79,1528.23,1330.44,1473.3414285714287,80.33533975956485,6,5
21-06-2020,1657.0,361.03,0.43,34.96,1571.53,1336.94,1519.064285714286,80.84312418858369,6,6
22-06-2020,1652.39,363.66,0.41,34.89,1657.0,1422.09,1551.9642857142858,81.65836186150395,6,0
23-06-2020,1684.22,369.55,0.42,35.36,1652.39,1433.44,1587.7899999999997,75.79327520741181,6,1
24-06-2020,1699.42,361.43,0.46,35.53,1684.22,1495.23,1616.9599999999998,73.49082074200369,6,2
25-06-2020,1773.49,364.17,0.42,36.28,1699.42,1525.93,1652.3257142857142,81.51221602867253,6,3
26-06-2020,1855.63,372.31,0.44,37.38,1773.49,1528.23,1699.097142857143,91.72910183693101,6,4
27-06-2020,1781.53,379.5,0.46,36.71,1855.63,1571.53,1729.097142857143,76.05608538315828,6,5
28-06-2020,1842.44,373.7,0.4,37.13,1781.53,1657.0,1755.5885714285712,78.9970500353439,6,6
29-06-2020,1912.09,371.38,0.39,37.85,1842.44,1652.39,1792.6885714285713,83.3177506954762,6,0
30-06-2020,1882.78,384.21,0.47,37.94,1912.09,1684.22,1821.054285714286,73.45046377370767,6,1
01-07-2020,1919.4,384.96,0.48,38.39,1882.78,1699.42,1852.48,58.21479651544648,7,2
02-07-2020,1883.08,382.41,0.53,38.1,1919.4,1773.49,1868.1357142857141,47.10804137200315,7,3
03-07-2020,1947.98,384.1,0.48,38.7,1883.08,1855.63,1881.3285714285714,55.24998052145114,7,4
04-07-2020,1937.07,385.3,0.5,38.65,1947.98,1781.53,1903.5485714285714,36.529931302347194,7,5
05-07-2020,1985.92,389.61,0.47,39.17,1937.07,1842.44,1924.0457142857142,36.77970448367849,7,6
06-07-2020,1997.81,388.05,0.49,39.34,1985.92,1912.09,1936.2914285714287,45.396417049745445,7,0
07-07-2020,2050.47,392.15,0.53,40.11,1997.81,1882.78,1960.2471428571428,55.559498952129815,7,1
08-07-2020,1982.74,382.27,0.42,38.88,2050.47,1919.4,1969.2957142857142,52.89210806198167,7,2
09-07-2020,1976.87,389.1,0.5,39.15,1982.74,1883.08,1982.6942857142858,36.86239947752224,7,3
10-07-2020,1975.26,388.82,0.55,39.28,1976.87,1947.98,1986.5914285714284,33.90401128118536,7,4
11-07-2020,1958.85,392.11,0.5,38.99,1975.26,1937.07,1989.702857142857,29.286913866297148,7,5
12-07-2020,1986.37,391.76,0.54,39.42,1958.85,1985.92,1989.767142857143,29.277718897002696,7,6
13-07-2020,1966.75,396.5,0.47,39.05,1986.37,1997.81,1985.33,30.19490188760937,7,0
14-07-2020,1986.16,388.63,0.49,39.22,1966.75,2050.47,1976.142857142857,10.30401817149466,7,1
15-07-2020,2030.03,395.14,0.49,39.8,1986.16,1982.74,1982.8985714285716,23.01398446498837,7,2
16-07-2020,1949.84,397.26,0.43,38.76,2030.03,1976.87,1979.0371428571427,26.236145368781667,7,3
17-07-2020,2029.4,401.85,0.46,39.8,1949.84,1975.26,1986.7714285714287,32.2320448356614,7,4
18-07-2020,2038.54,394.91,0.46,39.81,2029.4,1958.85,1998.1557142857143,34.70493089711998,7,5
19-07-2020,1989.8,397.92,0.52,39.48,2038.54,1986.37,1998.6457142857143,34.53459032005267,7,6
20-07-2020,1920.44,391.6,0.52,38.62,1989.8,1966.75,1992.03,44.62482679707646,7,0
21-07-2020,1977.46,390.16,0.51,39.2,1920.44,1986.16,1990.787142857143,44.93563200637021,7,1
22-07-2020,2048.66,400.88,0.53,40.21,1977.46,2030.03,1993.4485714285713,48.088372617034906,7,2
23-07-2020,2003.65,398.59,0.5,39.59,2048.66,1949.84,2001.1357142857144,44.09018403878443,7,3
24-07-2020,1970.89,402.77,0.54,39.4,2003.65,2029.4,1992.7771428571427,43.37921803289295,7,4
25-07-2020,1991.22,395.01,0.51,39.43,1970.89,2038.54,1986.017142857143,38.468259086488835,7,5
26-07-2020,2042.37,401.44,0.51,40.09,1991.22,1989.8,1993.5271428571427,44.05560036830657,7,6
27-07-2020,2034.16,406.14,0.5,40.04,2042.37,1920.44,2009.7728571428572,31.90405288484029,7,0
28-07-2020,2008.03,401.86,0.53,39.77,2034.16,1977.46,2014.1399999999999,28.672358349739067,7,1
29-07-2020,2005.71,401.76,0.5,39.66,2008.03,2048.66,2008.0042857142855,24.31916381321358,7,2
30-07-2020,2007.09,401.25,0.54,39.78,2005.71,2003.65,2008.4957142857143,24.25117169486703,7,3
31-07-2020,1990.01,396.52,0.48,39.35,2007.09,1970.89,2011.2271428571428,20.016755243512815,7,4
01-08-2020,2084.74,406.25,0.48,40.54,1990.01,1991.22,2024.5871428571427,32.03760848043173,8,5
02-08-2020,2016.26,400.25,0.53,39.84,2084.74,2042.37,2020.857142857143,31.129222987605694,8,6
03-08-2020,2074.66,404.16,0.51,40.49,2016.26,2034.16,2026.642857142857,37.187881410643804,8,0
04-08-2020,2087.96,397.81,0.5,40.52,2074.66,2008.03,2038.0614285714287,42.42306425701736,8,1
05-08-2020,2070.95,399.34,0.54,40.47,2087.96,2005.71,2047.3814285714286,41.28216864000408,8,2
06-08-2020,2020.62,408.07,0.5,39.91,2070.95,2007.09,2049.3142857142857,39.35294985013779,8,3
07-08-2020,2053.27,402.61,0.51,40.23,2020.62,1990.01,2058.3514285714286,29.492619657949373,8,4
08-08-2020,2039.54,408.71,0.56,40.31,2053.27,2084.74,2051.8942857142856,27.64217180156938,8,5
09-08-2020,2009.15,404.04,0.57,39.94,2039.54,2016.26,2050.8785714285714,29.253455310813397,8,6
10-08-2020,2056.22,398.61,0.57,40.39,2009.15,2074.66,2048.2442857142855,27.534784580734552,8,0
11-08-2020,2002.73,407.72,0.51,39.74,2056.22,2087.96,2036.0685714285714,25.83751241164039,8,1
12-08-2020,2091.77,403.19,0.56,40.82,2002.73,2070.95,2039.042857142857,31.170158653411317,8,2
13-08-2020,2032.65,407.62,0.5,40.04,2091.77,2020.62,2040.7614285714287,30.304744638780548,8,3
14-08-2020,2058.99,405.69,0.5,40.31,2032.65,2053.27,2041.5785714285714,30.771761096093197,8,4
15-08-2020,2063.76,400.85,0.46,40.17,2058.99,2039.54,2045.0385714285715,31.847204183230705,8,5
16-08-2020,2045.41,406.64,0.58,40.41,2063.76,2009.15,2050.2185714285715,27.718189231773714,8,6
17-08-2020,2078.37,413.49,0.5,40.64,2045.41,2056.22,2053.382857142857,29.7102253522067,8,0
18-08-2020,2040.68,408.19,0.53,40.23,2078.37,2002.73,2058.804285714286,21.1584985740364,8,1
19-08-2020,2092.18,406.64,0.5,40.69,2040.68,2091.77,2058.862857142857,21.265262530214123,8,2
20-08-2020,2011.49,410.56,0.55,39.99,2092.18,2032.65,2055.8399999999997,26.47759556057526,8,3
21-08-2020,2067.65,407.97,0.52,40.5,2011.49,2058.99,2057.077142857143,26.849017185220326,8,4
22-08-2020,2136.49,408.2,0.49,41.18,2067.65,2063.76,2067.467142857143,40.47899649380673,8,5
23-08-2020,2028.7,404.18,0.55,40.1,2136.49,2045.41,2065.08,42.44168469798003,8,6
24-08-2020,2042.1,408.73,0.49,40.13,2028.7,2078.37,2059.8985714285714,42.76155883838253,8,0
25-08-2020,2087.84,411.57,0.51,40.74,2042.1,2040.68,2066.6357142857146,42.943668084761796,8,1
26-08-2020,2076.75,405.68,0.47,40.42,2087.84,2092.18,2064.4314285714286,41.79459272388158,8,2
27-08-2020,2084.45,413.29,0.49,40.67,2076.75,2011.49,2074.8542857142857,34.92426227196336,8,3
28-08-2020,2090.91,408.56,0.54,40.83,2084.45,2067.65,2078.177142857143,35.229767581014805,8,4
29-08-2020,2097.6,406.17,0.48,40.69,2090.91,2136.49,2072.6214285714286,26.48148877276032,8,5
30-08-2020,2116.58,412.57,0.49,41.02,2097.6,2028.7,2085.175714285714,22.758181574419506,8,6
31-08-2020,2091.62,408.58,0.54,40.83,2116.58,2042.1,2092.25,12.538620338890404,8,0
01-09-2020,2068.44,412.23,0.52,40.57,2091.62,2087.84,2089.4785714285713,15.475810618140185,9,1
02-09-2020,2103.74,409.01,0.6,41.16,2068.44,2076.75,2093.3342857142857,15.13445501411494,9,2
03-09-2020,2150.77,410.0,0.6,41.7,2103.74,2084.45,2102.808571428571,25.709617155620908,9,3
04-09-2020,2075.73,412.04,0.51,40.62,2150.77,2090.91,2100.64,27.461065165118267,9,4
05-09-2020,2045.2,411.6,0.56,40.42,2075.73,2097.6,2093.154285714286,34.633223864389656,9,5
06-09-2020,2124.2,404.31,0.56,41.2,2045.2,2116.58,2094.242857142857,35.59854524854018,9,6
07-09-2020,2079.13,407.42,0.52,40.62,2124.2,2091.62,2092.4585714285713,36.061918708732215,9,0
08-09-2020,2003.04,414.4,0.5,39.8,2079.13,2068.44,2083.115714285714,49.34662800274081,9,1
09-09-2020,2117.25,411.14,0.54,41.16,2003.04,2103.74,2085.0457142857144,50.53753089115284,9,2
10-09-2020,2066.19,410.09,0.54,40.57,2117.25,2150.77,2072.962857142857,41.50931691173601,9,3
11-09-2020,2083.71,407.58,0.53,40.7,2066.19,2075.73,2074.102857142857,41.70708801245825,9,4
12-09-2020,2100.37,408.74,0.56,40.99,2083.71,2045.2,2081.9842857142858,40.53117395175651,9,5
13-09-2020,2095.8,405.88,0.52,40.78,2100.37,2124.2,2077.927142857143,36.855892660635604,9,6
14-09-2020,2116.04,412.47,0.51,41.07,2095.8,2079.13,2083.2000000000003,39.59516552984872,9,0
15-09-2020,2073.66,411.09,0.55,40.7,2116.04,2003.04,2093.2885714285717,19.83092654471474,9,1
16-09-2020,2110.0,410.14,0.56,41.12,2073.66,2117.25,2092.252857142857,18.516689511870382,9,2
17-09-2020,2081.54,413.37,0.51,40.7,2110.0,2066.19,2094.445714285714,15.594011518558123,9,3
18-09-2020,2119.72,415.08,0.57,41.33,2081.54,2083.71,2099.59,17.307644746455598,9,4
19-09-2020,2115.63,421.09,0.49,41.13,2119.72,2100.37,2101.77,18.35181099154849,9,5
20-09-2020,2057.73,409.42,0.53,40.44,2115.63,2095.8,2096.3314285714287,24.89165886306532,9,6
21-09-2020,2134.39,418.58,0.54,41.46,2057.73,2116.04,2098.952857142857,28.07576636791417,9,0
22-09-2020,2073.72,418.26,0.53,40.74,2134.39,2073.66,2098.9614285714283,28.066765297920572,9,1
23-09-2020,2124.81,412.74,0.53,41.24,2073.72,2110.0,2101.077142857143,29.55623099244965,9,2
24-09-2020,2108.59,416.32,0.6,41.31,2124.81,2081.54,2104.941428571429,28.318541881399497,9,3
25-09-2020,2164.43,414.43,0.52,41.67,2108.59,2119.72,2111.328571428571,36.162949929754504,9,4
26-09-2020,2087.01,416.9,0.62,41.14,2164.43,2115.63,2107.2400000000002,37.19863214334904,9,5
27-09-2020,2082.56,421.65,0.56,40.98,2087.01,2057.73,2110.787142857143,32.58889417903599,9,6
28-09-2020,2095.27,418.98,0.55,41.05,2082.56,2134.39,2105.1985714285715,31.191019235594826,9,0
29-09-2020,2084.8,419.0,0.56,40.97,2095.27,2073.72,2106.7814285714285,29.56614416786957,9,1
30-09-2020,2126.63,416.22,0.63,41.6,2084.8,2124.81,2107.0414285714287,29.75848474449904,9,2
01-10-2020,2035.61,413.07,0.52,40.21,2126.63,2108.59,2096.615714285714,40.10940615251757,10,3
02-10-2020,2056.98,417.71,0.52,40.52,2035.61,2164.43,2081.2657142857142,28.796532694769525,10,4
03-10-2020,2056.56,422.83,0.53,40.61,2056.98,2087.01,2076.9157142857143,30.056501713288636,10,5
04-10-2020,2132.81,414.06,0.55,41.4,2056.56,2082.56,2084.094285714286,36.85998230114788,10,6
05-10-2020,2161.55,416.04,0.5,41.6,2132.81,2095.27,2093.562857142857,47.2561529377821,10,0
06-10-2020,2093.06,420.42,0.55,41.05,2161.55,2084.8,2094.7428571428572,47.103754880183246,10,1
07-10-2020,2090.33,417.1,0.6,41.12,2093.06,2126.63,2089.557142857143,44.95743235342045,10,2
08-10-2020,2098.48,418.16,0.55,41.08,2090.33,2035.61,2098.5385714285717,38.148143436108604,10,3
09-10-2020,2138.2,419.8,0.54,41.52,2098.48,2056.98,2110.1414285714286,35.67262041989545,10,4
10-10-2020,2057.48,417.02,0.53,40.54,2138.2,2056.56,2110.272857142857,35.44326626896031,10,5
11-10-2020,2098.84,418.74,0.58,41.18,2057.48,2132.81,2105.42,34.14500109829973,10,6
12-10-2020,2123.45,424.79,0.52,41.36,2098.84,2161.55,2099.9771428571426,25.698306503459257,10,0
13-10-2020,2102.05,418.38,0.6,41.27,2123.45,2093.06,2101.2614285714285,25.519018678009434,10,1
14-10-2020,2086.3,417.77,0.61,41.11,2102.05,2090.33,2100.6857142857143,25.850048263803547,10,2
15-10-2020,2112.04,421.43,0.55,41.28,2086.3,2098.48,2102.6228571428574,26.163387086010154,10,3
16-10-2020,1968.94,426.42,0.55,39.74,2112.04,2138.2,2078.442857142857,52.630478088389005,10,4
17-10-2020,2089.37,423.64,0.58,41.14,1968.94,2057.48,2082.9985714285713,51.88847445199419,10,5
18-10-2020,2034.04,423.1,0.58,40.52,2089.37,2098.84,2073.7414285714285,54.31483941755927,10,6
19-10-2020,1984.33,425.2,0.52,39.81,2034.04,2123.45,2053.867142857143,58.39400874358369,10,0
20-10-2020,2064.01,419.47,0.53,40.65,1984.33,2102.05,2048.432857142857,54.82355202963162,10,1
21-10-2020,2088.43,427.47,0.5,40.95,2064.01,2086.3,2048.7371428571428,55.07409243143021,10,2
22-10-2020,2025.48,427.45,0.55,40.39,2088.43,2112.04,2036.3714285714284,47.71827163280248,10,3
23-10-2020,2057.29,425.11,0.56,40.74,2025.48,1968.94,2048.9928571428572,37.50041453742946,10,4
24-10-2020,2072.79,430.31,0.5,40.81,2057.29,2089.37,2046.6242857142856,34.962851646296805,10,5
25-10-2020,2053.2,423.38,0.52,40.55,2072.79,2034.04,2049.3614285714284,34.561148914475844,10,6
26-10-2020,2055.73,431.46,0.5,40.64,2053.2,1984.33,2059.5614285714287,19.365046198978373,10,0
27-10-2020,2014.08,428.49,0.51,40.16,2055.73,2064.01,2052.428571428571,25.63414742659817,10,1
28-10-2020,1980.65,427.17,0.55,39.88,2014.08,2088.43,2037.0314285714287,31.987532690439075,10,2
29-10-2020,1911.36,428.63,0.51,39.01,1980.65,2025.48,2020.7285714285715,57.64634114687525,10,3
30-10-2020,1949.31,428.7,0.52,39.47,1911.36,2057.29,2005.302857142857,60.60364337627796,10,4
31-10-2020,1918.03,433.63,0.48,39.07,1949.31,2072.79,1983.1942857142856,60.10729874073253,10,5
01-11-2020,2012.65,426.11,0.53,40.17,1918.03,2053.2,1977.4014285714286,53.86598012000365,11,6
02-11-2020,1919.99,427.56,0.53,39.15,2012.65,2055.73,1958.01,44.605263889698065,11,0
03-11-2020,1919.24,434.13,0.5,39.15,1919.99,2014.08,1944.4614285714285,38.75585737608356,11,1
04-11-2020,1922.59,428.89,0.52,39.17,1919.24,1980.65,1936.1671428571426,35.821965660924874,11,2
05-11-2020,1893.69,434.44,0.53,38.95,1922.59,1911.36,1933.642857142857,38.39181454180672,11,3
06-11-2020,1937.9,437.59,0.5,39.4,1893.69,1949.31,1932.0128571428572,37.85422508975474,11,4
07-11-2020,1847.75,430.73,0.47,38.21,1937.9,1918.03,1921.972857142857,49.66009756815993,11,5
08-11-2020,1863.21,434.88,0.57,38.74,1847.75,2012.65,1900.6242857142859,33.75685207343478,11,6
09-11-2020,1819.92,428.93,0.5,37.96,1863.21,1919.99,1886.3285714285716,43.86480952071638,11,0
10-11-2020,1788.79,435.95,0.51,37.74,1819.92,1919.24,1867.6928571428573,54.074502529496925,11,1
11-11-2020,1799.92,434.45,0.54,37.93,1788.79,1922.59,1850.1685714285716,53.18845533530232,11,2
12-11-2020,1806.3,435.82,0.62,38.26,1799.92,1893.69,1837.6842857142858,51.4998475263877,11,3
13-11-2020,1781.09,432.36,0.47,37.48,1806.3,1937.9,1815.2828571428574,30.442189865590063,11,4
14-11-2020,1760.14,429.27,0.52,37.35,1781.09,1847.75,1802.767142857143,32.78841040895369,11,5
15-11-2020,1724.89,437.25,0.48,36.95,1760.14,1863.21,1783.0071428571428,31.96035654493455,11,6
16-11-2020,1754.35,428.75,0.49,37.19,1724.89,1819.92,1773.6399999999999,28.790205510494292,11,0
17-11-2020,1697.0,435.3,0.48,36.61,1754.35,1788.79,1760.527142857143,39.61017029096657,11,1
18-11-2020,1755.19,440.16,0.47,37.3,1697.0,1799.92,1754.137142857143,35.60116276864251,11,2
19-11-2020,1721.3,438.02,0.5,36.98,1755.19,1806.3,1741.9942857142855,28.66422907692844,11,3
20-11-2020,1661.26,444.66,0.45,36.26,1721.3,1781.09,1724.8757142857141,36.2124743043239,11,4
21-11-2020,1683.89,441.93,0.52,36.68,1661.26,1760.14,1713.9828571428573,35.293385458837626,11,5
22-11-2020,1657.89,436.55,0.49,36.22,1683.89,1724.89,1704.4114285714288,40.53783312276271,11,6
23-11-2020,1677.62,439.46,0.5,36.52,1657.89,1754.35,1693.45,34.743691993462505,11,0
24-11-2020,1695.44,439.72,0.48,36.66,1677.62,1697.0,1693.2271428571428,34.722122493871936,11,1
25-11-2020,1587.58,434.85,0.48,35.38,1695.44,1755.19,1669.282857142857,41.917331624036926,11,2
26-11-2020,1634.05,437.66,0.49,35.97,1587.58,1721.3,1656.8185714285714,36.493009115295386,11,3
27-11-2020,1613.76,439.55,0.45,35.65,1634.05,1661.26,1650.032857142857,39.79621243049206,11,4
28-11-2020,1625.71,434.91,0.47,35.78,1613.76,1683.89,1641.7214285714288,37.55921432825394,11,5
29-11-2020,1600.43,442.86,0.46,35.58,1625.71,1657.89,1633.5128571428572,39.65699253783874,11,6
30-11-2020,1561.05,442.41,0.45,35.1,1600.43,1677.62,1616.8600000000001,42.426926198701025,11,0
01-12-2020,1561.78,437.96,0.41,34.93,1561.05,1695.44,1597.7657142857145,29.175081180831942,12,1
02-12-2020,1536.96,445.96,0.52,35.09,1561.78,1587.58,1590.5342857142857,37.270728844158754,12,2
03-12-2020,1577.99,447.71,0.45,35.37,1536.96,1634.05,1582.525714285714,32.01412337143535,12,3
04-12-2020,1537.5,446.63,0.51,35.08,1577.99,1613.76,1571.6314285714286,32.58414922866297,12,4
05-12-2020,1578.27,445.32,0.5,35.49,1537.5,1625.71,1564.8542857142857,22.979816402838424,12,5
06-12-2020,1513.75,449.28,0.43,34.61,1578.27,1600.43,1552.4714285714285,23.9482159590741,12,6
07-12-2020,1485.82,450.3,0.44,34.34,1513.75,1561.05,1541.7242857142858,34.15995650721529,12,0
08-12-2020,1454.16,449.67,0.54,34.28,1485.82,1561.78,1526.35,45.84776912060996,12,1
09-12-2020,1436.84,446.33,0.52,33.98,1454.16,1536.96,1512.047142857143,56.39085851282069,12,2
10-12-2020,1433.4,451.04,0.46,33.82,1436.84,1577.99,1491.3914285714288,54.66546210929254,12,3
11-12-2020,1473.27,455.11,0.47,34.36,1433.4,1537.5,1482.2157142857143,50.89680109700626,12,4
12-12-2020,1470.62,449.42,0.44,34.16,1473.27,1578.27,1466.837142857143,28.27082637301196,12,5
13-12-2020,1407.43,459.96,0.47,33.69,1470.62,1513.75,1451.6485714285716,27.41344343485246,12,6
14-12-2020,1463.6,451.28,0.44,34.11,1407.43,1485.82,1448.4742857142858,23.85231914458018,12,0
15-12-2020,1420.04,454.13,0.4,33.54,1463.6,1454.16,1443.6000000000001,25.895525353559012,12,1
16-12-2020,1428.72,452.41,0.42,33.67,1420.04,1436.84,1442.44,26.425262534239565,12,2
17-12-2020,1458.95,456.54,0.46,34.19,1428.72,1433.4,1446.0900000000001,26.731280054213933,12,3
18-12-2020,1433.84,450.25,0.42,33.7,1458.95,1473.27,1440.457142857143,24.07133337560838,12,4
19-12-2020,1397.94,455.52,0.45,33.46,1433.84,1470.62,1430.0742857142857,24.56236271021703,12,5
20-12-2020,1376.38,454.43,0.42,33.11,1397.94,1407.43,1425.6385714285714,31.23150568932834,12,6
21-12-2020,1339.38,459.88,0.43,32.81,1376.38,1463.6,1407.892857142857,40.09891965061371,12,0
22-12-2020,1370.37,464.01,0.48,33.36,1339.38,1420.04,1400.797142857143,41.94342964612831,12,1
23-12-2020,1378.54,463.72,0.46,33.39,1370.37,1428.72,1393.6285714285716,40.6437434417145,12,2
24-12-2020,1355.22,453.57,0.45,32.95,1378.54,1458.95,1378.81,30.50322988368389,12,3
25-12-2020,1372.93,470.94,0.48,33.49,1355.22,1433.84,1370.1085714285714,18.524540865815062,12,4
26-12-2020,1375.02,465.51,0.47,33.4,1372.93,1397.94,1366.8342857142857,14.33782161191049,12,5
27-12-2020,1365.05,462.6,0.49,33.31,1375.02,1376.38,1365.2157142857143,13.70622347360137,12,6
28-12-2020,1352.59,467.17,0.44,33.09,1365.05,1339.38,1367.1028571428574,9.951203803882063,12,0
29-12-2020,1371.32,468.36,0.44,33.31,1352.59,1370.37,1367.2385714285715,10.00949454048108,12,1
30-12-2020,1377.16,466.34,0.41,33.26,1371.32,1378.54,1367.0414285714287,9.760296151035636,12,2
31-12-2020,1339.19,470.74,0.44,32.99,1377.16,1355.22,1364.7514285714285,13.96917729464609,12,3
01-01-2021,1408.16,469.29,0.48,33.86,1339.19,1372.93,1369.7842857142857,21.644610458686927,1,4
02-01-2021,1391.19,472.34,0.49,33.74,1408.16,1375.02,1372.094285714286,23.109789309041666,1,5
03-01-2021,1425.44,474.14,0.48,34.12,1391.19,1365.05,1380.7214285714285,30.22009344165848,1,6
04-01-2021,1483.64,474.61,0.41,34.57,1425.44,1352.59,1399.4428571428573,46.236594711112616,1,0
05-01-2021,1517.85,484.36,0.5,35.36,1483.64,1371.32,1420.3757142857144,61.89911277157549,1,1
06-01-2021,1589.19,489.97,0.41,35.97,1517.85,1377.16,1450.6657142857143,84.8501398264896,1,2
07-01-2021,1623.76,493.68,0.5,36.68,1589.19,1339.19,1491.3185714285714,90.5202469853516,1,3
08-01-2021,1650.0,498.83,0.47,36.96,1623.76,1408.16,1525.8671428571429,99.22425101999751,1,4
09-01-2021,1730.33,500.62,0.51,38.0,1650.0,1391.19,1574.3157142857142,105.1261072644404,1,5
10-01-2021,1729.12,500.63,0.45,37.81,1730.33,1425.44,1617.6985714285715,95.68600828206546,1,6
11-01-2021,1808.71,509.18,0.53,39.06,1729.12,1483.64,1664.1371428571426,98.61774007320332,1,0
12-01-2021,1834.99,502.72,0.45,39.02,1808.71,1517.85,1709.4428571428573,92.89354870215223,1,1
13-01-2021,1849.05,506.33,0.48,39.32,1834.99,1589.19,1746.5657142857144,88.65469283635034,1,2
14-01-2021,1865.1,507.41,0.47,39.49,1849.05,1623.76,1781.042857142857,79.37920292586502,1,3
15-01-2021,1818.58,517.1,0.45,39.04,1865.1,1650.0,1805.1257142857141,54.746789512331425,1,4
16-01-2021,1876.06,517.82,0.51,39.88,1818.58,1730.33,1825.9442857142858,48.96707970913534,1,5
17-01-2021,1909.91,517.18,0.56,40.4,1876.06,1729.12,1851.7714285714285,35.101422301976825,1,6
18-01-2021,1923.73,520.78,0.59,40.69,1909.91,1808.71,1868.202857142857,38.35462932266235,1,0
19-01-2021,1893.56,513.86,0.51,40.02,1923.73,1834.99,1876.57,36.23141546599152,1,1
20-01-2021,1984.04,520.06,0.55,41.24,1893.56,1849.05,1895.8542857142857,51.74546287911638,1,2
21-01-2021,1919.62,519.17,0.52,40.41,1984.04,1865.1,1903.642857142857,50.43131920885496,1,3
22-01-2021,1993.99,524.26,0.53,41.35,1919.62,1818.58,1928.7014285714286,44.33076487371074,1,4
23-01-2021,1984.31,521.25,0.51,41.14,1993.99,1876.06,1944.1657142857143,41.71027965111126,1,5
24-01-2021,1955.15,521.09,0.52,40.84,1984.31,1909.91,1950.6285714285714,38.93007724482675,1,6
25-01-2021,2050.28,525.9,0.54,42.03,1955.15,1923.73,1968.707142857143,51.659681801303634,1,0
26-01-2021,1952.21,528.22,0.5,40.85,2050.28,1893.56,1977.0857142857144,41.12176182072561,1,1
27-01-2021,2036.15,522.61,0.52,41.77,1952.21,1984.04,1984.53,46.90114035574227,1,2
28-01-2021,2046.84,526.01,0.52,41.94,2036.15,1919.62,2002.7042857142858,41.943209961888584,1,3
29-01-2021,1993.58,522.63,0.55,41.38,2046.84,1993.99,2002.6457142857143,41.957690934723,1,4
30-01-2021,2075.7,517.33,0.5,42.08,1993.58,1984.31,2015.7014285714286,48.93917225448994,1,5
31-01-2021,2022.53,529.5,0.53,41.74,2075.7,1955.15,2025.3271428571427,41.03215962890265,1,6
01-02-2021,2048.73,531.97,0.59,42.25,2022.53,2050.28,2025.105714285714,40.87895581559849,2,0
02-02-2021,2053.93,531.23,0.57,42.24,2048.73,1952.21,2039.6371428571426,26.030275779273637,2,1
03-02-2021,2045.36,522.54,0.57,42.02,2053.93,2036.15,2040.952857142857,26.05738776518161,2,2
04-02-2021,2086.07,530.0,0.53,42.46,2045.36,2046.84,2046.5571428571427,31.238242435808658,2,3
05-02-2021,2091.04,522.71,0.54,42.44,2086.07,1993.58,2060.48,24.73254266485333,2,4
06-02-2021,2001.87,538.63,0.56,41.73,2091.04,2075.7,2049.932857142857,31.872088475838634,2,5
07-02-2021,2120.72,528.78,0.58,42.98,2001.87,2022.53,2063.96,38.68151582692663,2,6
08-02-2021,2014.9,539.38,0.48,41.65,2120.72,2048.73,2059.1271428571426,42.796014500709965,2,0
09-02-2021,2120.58,538.65,0.5,42.88,2014.9,2053.93,2068.6485714285714,48.483387680260876,2,1
10-02-2021,2128.88,531.33,0.58,43.11,2120.58,2045.36,2080.58,51.94995636830431,2,2
11-02-2021,2050.06,530.9,0.53,42.07,2128.88,2086.07,2075.4357142857143,53.08620720337971,2,3
12-02-2021,2080.07,537.81,0.52,42.48,2050.06,2091.04,2073.868571428571,52.70936615967273,2,4
13-02-2021,2058.12,533.22,0.5,42.1,2080.07,2001.87,2081.904285714286,43.36257597560542,2,5
14-02-2021,2096.03,537.82,0.53,42.68,2058.12,2120.72,2078.377142857143,40.594886670756814,2,6
15-02-2021,2096.67,535.82,0.5,42.57,2096.03,2014.9,2090.0585714285717,29.545895049697922,2,0
16-02-2021,2142.14,530.75,0.61,43.34,2096.67,2120.58,2093.1385714285716,34.039859688622286,2,1
17-02-2021,2166.5,529.31,0.54,43.38,2142.14,2128.88,2098.5128571428572,42.53340088069878,2,2
18-02-2021,2173.91,540.42,0.54,43.62,2166.5,2050.06,2116.2057142857143,44.72197552926419,2,3
19-02-2021,2103.18,537.52,0.56,42.85,2173.91,2080.07,2119.5071428571428,42.402660967737226,2,4
20-02-2021,2120.7,538.05,0.58,43.11,2103.18,2058.12,2128.447142857143,32.81638397424155,2,5
21-02-2021,2068.15,543.95,0.58,42.61,2120.7,2096.03,2124.464285714286,38.590418870147474,2,6
22-02-2021,2105.86,546.52,0.58,43.07,2068.15,2096.67,2125.7771428571427,37.631667831914214,2,0
23-02-2021,2178.16,540.76,0.53,43.65,2105.86,2142.14,2130.922857142857,42.402292671641305,2,1
24-02-2021,2207.54,540.96,0.54,44.01,2178.16,2166.5,2136.785714285714,50.251979018145114,2,2
25-02-2021,2101.65,545.12,0.57,42.97,2207.54,2173.91,2126.462857142857,48.75439218311371,2,3
26-02-2021,2130.76,537.56,0.54,43.1,2101.65,2103.18,2130.402857142857,47.66139832692902,2,4
27-02-2021,2157.13,544.94,0.55,43.53,2130.76,2120.7,2135.6071428571427,48.40842891974695,2,5
28-02-2021,2173.6,546.9,0.57,43.8,2157.13,2068.15,2150.6714285714284,39.50678862703291,2,6
01-03-2021,2135.77,547.99,0.58,43.42,2173.6,2105.86,2154.944285714286,35.23943191804851,3,0
02-03-2021,2188.74,537.11,0.5,43.62,2135.77,2178.16,2156.4557142857143,36.60167430469233,3,1
03-03-2021,2158.54,542.79,0.58,43.61,2188.74,2207.54,2149.4557142857143,29.12569132638929,3,2
04-03-2021,2181.67,542.83,0.55,43.77,2158.54,2101.65,2160.887142857143,22.088708815702066,3,3
05-03-2021,2209.05,547.68,0.58,44.24,2181.67,2130.76,2172.0714285714284,24.02729241829807,3,4
06-03-2021,2193.29,549.94,0.58,44.1,2209.05,2157.13,2177.2371428571428,24.166277960791053,3,5
07-03-2021,2181.47,555.0,0.61,44.12,2193.29,2173.6,2178.361428571429,24.15192913525555,3,6
08-03-2021,2200.32,546.88,0.6,44.19,2181.47,2135.77,2187.582857142857,16.190531918734155,3,0
09-03-2021,2207.33,547.5,0.6,44.28,2200.32,2188.74,2190.2385714285715,17.851427980820056,3,1
10-03-2021,2202.49,555.4,0.61,44.37,2207.33,2158.54,2196.517142857143,11.41195092048454,3,2
11-03-2021,2213.59,552.32,0.57,44.33,2202.49,2181.67,2201.077142857143,10.85422608072784,3,3
12-03-2021,2295.11,557.3,0.57,45.31,2213.59,2209.05,2213.3714285714286,37.477661981787094,3,4
13-03-2021,2260.76,553.69,0.59,44.93,2295.11,2193.29,2223.01,40.04070720323739,3,5
14-03-2021,2233.79,548.03,0.59,44.55,2260.76,2181.47,2230.4842857142858,35.635028580131895,3,6
15-03-2021,2281.89,548.0,0.56,45.0,2233.79,2200.32,2242.137142857143,37.41940526622859,3,0
16-03-2021,2248.25,547.81,0.58,44.68,2281.89,2207.33,2247.9828571428575,34.126955482115044,3,1
17-03-2021,2318.35,558.45,0.57,45.59,2248.25,2202.49,2264.5342857142855,36.40554163732278,3,2
18-03-2021,2294.51,561.64,0.55,45.31,2318.35,2213.59,2276.094285714286,29.77686118291943,3,3
19-03-2021,2284.24,565.46,0.61,45.42,2294.51,2295.11,2274.5414285714282,28.890149664221834,3,4
20-03-2021,2316.88,561.88,0.58,45.65,2284.24,2260.76,2282.558571428571,32.04306811601863,3,5
21-03-2021,2243.2,564.24,0.64,45.04,2316.88,2233.79,2283.902857142857,29.773095077238615,3,6
22-03-2021,2271.97,557.4,0.53,44.93,2243.2,2281.89,2282.4857142857145,30.118949105840244,3,0
23-03-2021,2280.51,555.81,0.56,45.1,2271.97,2248.25,2287.094285714286,26.22356882475883,3,1
24-03-2021,2349.86,565.87,0.58,46.07,2280.51,2318.35,2291.595714285714,34.026530265468786,3,2
25-03-2021,2432.19,565.01,0.62,47.1,2349.86,2294.51,2311.264285714286,63.24175805515559,3,3
26-03-2021,2470.29,564.75,0.6,47.47,2432.19,2284.24,2337.842857142857,85.25553974461057,3,4
27-03-2021,2420.05,567.18,0.6,46.94,2470.29,2316.88,2352.5814285714287,89.82300826785809,3,5
28-03-2021,2433.28,568.1,0.56,46.98,2420.05,2243.2,2379.7357142857145,79.36782804495374,3,6
29-03-2021,2352.9,573.71,0.56,46.16,2433.28,2271.97,2391.297142857143,65.78570354171238,3,0
30-03-2021,2429.11,575.05,0.61,47.18,2352.9,2280.51,2412.5257142857145,44.66170651210335,3,1
31-03-2021,2440.35,572.94,0.56,47.13,2429.11,2349.86,2425.4528571428573,35.696475416274005,3,2
01-04-2021,2470.88,575.66,0.58,47.57,2440.35,2432.19,2430.98,39.68589421950558,4,3
02-04-2021,2515.41,575.51,0.62,48.19,2470.88,2470.29,2437.425714285714,49.568369234555234,4,4
03-04-2021,2526.43,572.42,0.58,48.15,2515.41,2420.05,2452.6228571428574,58.800956260460595,4,5
04-04-2021,2482.14,579.43,0.66,47.99,2526.43,2433.28,2459.6028571428574,59.02172981604254,4,6
05-04-2021,2635.22,570.93,0.65,49.55,2482.14,2352.9,2499.934285714286,69.48728873139157,4,0
06-04-2021,2576.42,583.7,0.57,48.83,2635.22,2429.11,2520.9785714285713,66.71438011618923,4,1
07-04-2021,2665.97,574.74,0.59,49.77,2576.42,2440.35,2553.21,75.22670625073903,4,2
08-04-2021,2782.45,583.1,0.55,51.07,2665.97,2470.88,2597.7200000000003,104.76888214860502,4,3
09-04-2021,2665.52,579.32,0.6,49.86,2782.45,2515.41,2619.1642857142856,100.38427347899852,4,4
10-04-2021,2613.91,587.36,0.65,49.55,2665.52,2526.43,2631.661428571428,92.01152453698741,4,5
11-04-2021,2752.79,586.12,0.61,50.96,2613.91,2482.14,2670.325714285714,73.76506419193048,4,6
12-04-2021,2850.87,580.3,0.64,52.07,2752.79,2635.22,2701.132857142857,97.782049940046,4,0
13-04-2021,2923.4,591.31,0.59,52.89,2850.87,2576.42,2750.7014285714286,111.06909177453649,4,1
14-04-2021,2788.99,588.12,0.66,51.55,2923.4,2665.97,2768.2757142857145,104.99418235584646,4,2
15-04-2021,2905.91,596.56,0.62,52.86,2788.99,2782.45,2785.912857142857,117.40774714846312,4,3
16-04-2021,2883.55,593.91,0.64,52.63,2905.91,2665.52,2817.0600000000004,108.74667397213209,4,4
17-04-2021,2929.67,597.32,0.64,53.19,2883.55,2613.91,2862.1685714285713,68.46244917924083,4,5
18-04-2021,3103.16,592.38,0.61,54.98,2929.67,2752.79,2912.2214285714285,97.21009797145571,4,6
19-04-2021,2907.66,595.64,0.61,52.83,3103.16,2850.87,2920.3342857142857,93.53688984516064,4,0
20-04-2021,3027.98,597.76,0.68,54.42,2907.66,2923.4,2935.2742857142853,102.07078799492872,4,1
21-04-2021,3064.79,605.58,0.67,54.91,3027.98,2788.99,2974.674285714286,88.52436818134082,4,2
22-04-2021,3123.25,611.02,0.69,55.71,3064.79,2905.91,3005.722857142857,97.9944742854256,4,3
23-04-2021,3092.12,600.5,0.67,55.15,3123.25,2883.55,3035.5185714285712,85.57771232990365,4,4
24-04-2021,3126.23,611.06,0.66,55.65,3092.12,2929.67,3063.5985714285716,76.86189724186947,4,5
25-04-2021,3108.18,596.72,0.61,55.1,3126.23,3103.16,3064.315714285714,77.31462191529755,4,6
26-04-2021,3165.62,602.85,0.66,55.98,3108.18,2907.66,3101.167142857143,44.87140058519169,4,0
27-04-2021,3149.67,605.37,0.67,55.86,3165.62,3027.98,3118.5514285714285,34.06202941134833,4,1
28-04-2021,3222.48,604.79,0.73,56.85,3149.67,3064.79,3141.078571428571,43.435551271811704,4,2
29-04-2021,3181.69,604.97,0.69,56.28,3222.48,3123.25,3149.4271428571433,45.02484932949045,4,3
30-04-2021,3239.54,616.05,0.72,57.17,3181.69,3092.12,3170.4871428571428,48.123063671625175,4,4
01-05-2021,3229.12,614.24,0.69,56.94,3239.54,3126.23,3185.1857142857148,48.06550525312841,5,5
02-05-2021,3308.02,618.4,0.65,57.76,3229.12,3108.18,3213.7342857142858,53.71994038751794,5,6
03-05-2021,3249.04,621.13,0.68,57.23,3308.02,3165.62,3225.6514285714284,50.41886698071879,5,0
04-05-2021,3155.94,620.2,0.69,56.2,3249.04,3149.67,3226.547142857143,48.87614029847853,5,1
05-05-2021,3340.19,623.26,0.65,58.19,3155.94,3222.48,3243.362857142857,64.87429144489,5,2
06-05-2021,3217.6,620.75,0.67,56.84,3340.19,3181.69,3248.492857142857,60.45384926103978,5,3
07-05-2021,3237.09,616.27,0.68,57.03,3217.6,3239.54,3248.1428571428573,60.52137548400994,5,4
08-05-2021,3244.95,628.53,0.73,57.44,3237.09,3229.12,3250.4042857142854,59.985481814950454,5,5
09-05-2021,3365.66,621.38,0.62,58.36,3244.95,3308.02,3258.638571428571,71.97132888138634,5,6
10-05-2021,3162.07,620.7,0.72,56.37,3365.66,3249.04,3246.214285714286,80.86207328060799,5,0
11-05-2021,3478.33,625.54,0.66,59.8,3162.07,3155.94,3292.27,108.09903314399662,5,1
12-05-2021,3358.75,622.9,0.65,58.39,3478.33,3340.19,3294.921428571429,109.68626417021987,5,2
13-05-2021,3312.88,626.41,0.72,58.14,3358.75,3217.6,3308.5328571428577,104.27005749723348,5,3
14-05-2021,3299.73,631.27,0.71,58.03,3312.88,3237.09,3317.4814285714288,99.7048471621075,5,4
15-05-2021,3323.2,632.31,0.73,58.37,3299.73,3244.95,3328.66,94.46649317791723,5,5
16-05-2021,3340.3,627.03,0.71,58.42,3323.2,3365.66,3325.037142857143,93.28998154755423,5,6
17-05-2021,3350.64,630.1,0.75,58.7,3340.3,3162.07,3351.9757142857147,59.491643911042075,5,0
18-05-2021,3348.11,639.01,0.71,58.68,3350.64,3478.33,3333.3728571428574,21.842650720009807,5,1
19-05-2021,3322.97,637.07,0.69,58.31,3348.11,3358.75,3328.2614285714285,18.90300454828643,5,2
20-05-2021,3308.36,646.08,0.7,58.31,3322.97,3312.88,3327.615714285714,19.581034069687203,5,3
21-05-2021,3313.54,642.52,0.73,58.4,3308.36,3299.73,3329.5885714285714,16.801631298355264,5,4
22-05-2021,3313.25,643.31,0.67,58.23,3313.54,3323.2,3328.167142857143,17.82208715264141,5,5
23-05-2021,3395.04,631.34,0.68,59.01,3313.25,3340.3,3335.9871428571428,31.09787437231609,5,6
24-05-2021,3364.86,643.29,0.69,58.87,3395.04,3350.64,3338.0185714285712,32.64076052452235,5,0
25-05-2021,3155.04,640.05,0.63,56.29,3364.86,3348.11,3310.4371428571426,75.77014555313328,5,1
26-05-2021,3372.72,638.44,0.7,58.92,3155.04,3322.97,3317.5442857142857,79.38848696067278,5,2
27-05-2021,3346.99,643.06,0.64,58.52,3372.72,3308.36,3323.062857142857,79.98406897924328,5,3
28-05-2021,3336.06,647.98,0.7,58.64,3346.99,3313.54,3326.2799999999997,79.9901020960312,5,4
29-05-2021,3315.68,646.62,0.72,58.46,3336.06,3313.25,3326.6271428571426,79.92937939504067,5,5
30-05-2021,3408.43,640.42,0.69,59.32,3315.68,3395.04,3328.54,81.97358253323745,5,6
31-05-2021,3399.62,649.7,0.75,59.53,3408.43,3364.86,3333.505714285714,85.51668957132433,5,0
01-06-2021,3297.84,643.46,0.66,58.03,3399.62,3155.04,3353.905714285714,41.60836688982472,6,1
02-06-2021,3370.62,648.78,0.74,59.16,3297.84,3372.72,3353.605714285714,41.4574021766712,6,2
03-06-2021,3289.29,646.97,0.72,58.17,3370.62,3346.99,3345.362857142857,48.182686625761725,6,3
04-06-2021,3266.4,648.29,0.65,57.72,3289.29,3336.06,3335.4114285714286,56.84012796976459,6,4
05-06-2021,3313.53,654.29,0.78,58.72,3266.4,3315.68,3335.1042857142857,56.97017958462941,6,5
06-06-2021,3405.16,645.76,0.7,59.39,3313.53,3408.43,3334.637142857143,56.27791654349292,6,6
07-06-2021,3412.47,662.19,0.68,59.64,3405.16,3399.62,3336.4728571428573,58.899372298378665,6,0
08-06-2021,3387.75,643.39,0.66,59.04,3412.47,3297.84,3349.317142857143,58.873925103928755,6,1
09-06-2021,3402.46,650.63,0.7,59.42,3387.75,3370.62,3353.8657142857146,61.94400612842416,6,2
10-06-2021,3391.78,656.55,0.7,59.39,3402.46,3289.29,3368.5071428571428,55.9601488306009,6,3
11-06-2021,3323.73,658.52,0.71,58.68,3391.78,3266.4,3376.6971428571424,40.61777267580042,6,4
12-06-2021,3390.78,655.77,0.7,59.37,3323.73,3313.53,3387.7328571428575,29.5932164041524,6,5
13-06-2021,3415.26,656.83,0.73,59.75,3390.78,3405.16,3389.175714285714,30.805887347035384,6,6
14-06-2021,3414.72,660.13,0.7,59.7,3415.26,3412.47,3389.497142857143,31.09978494796489,6,0
15-06-2021,3443.44,657.58,0.65,59.83,3414.72,3387.75,3397.452857142857,37.11896492553363,6,1
16-06-2021,3416.72,666.97,0.7,59.82,3443.44,3402.46,3399.4900000000002,37.824169962253926,6,2
17-06-2021,3397.6,664.88,0.64,59.39,3416.72,3391.78,3400.3214285714284,37.69017574407405,6,3
18-06-2021,3443.97,665.87,0.72,60.17,3397.6,3323.73,3417.4985714285717,20.399621261660478,6,4
19-06-2021,3380.03,656.95,0.68,59.2,3443.97,3390.78,3415.962857142857,22.986844581404934,6,5
20-06-2021,3330.82,662.46,0.72,58.85,3380.03,3415.26,3403.9,39.58239212916274,6,6
21-06-2021,3377.65,662.09,0.75,59.46,3330.82,3414.72,3398.6042857142857,40.36556406028411,6,0
22-06-2021,3345.32,659.14,0.69,58.88,3377.65,3443.44,3384.587142857143,39.22134695727558,6,1
23-06-2021,3352.89,667.2,0.75,59.25,3345.32,3416.72,3375.468571428571,37.903461332080425,6,2
24-06-2021,3388.81,663.21,0.7,59.45,3352.89,3397.6,3374.2128571428575,37.186893172321604,6,3
25-06-2021,3352.83,670.36,0.77,59.36,3388.81,3443.97,3361.192857142857,21.21993929797337,6,4
26-06-2021,3386.34,661.94,0.71,59.43,3352.83,3380.03,3362.094285714286,22.261954733840856,6,5
27-06-2021,3293.07,677.63,0.69,58.55,3386.34,3330.82,3356.701428571429,33.05616050933919,6,6
28-06-2021,3426.64,664.42,0.74,60.01,3293.07,3377.65,3363.7000000000003,42.16230464921812,6,0
29-06-2021,3418.07,671.18,0.71,59.92,3426.64,3345.32,3374.092857142857,45.694915367864965,6,1
30-06-2021,3372.44,675.02,0.7,59.43,3418.07,3352.89,3376.8857142857146,44.77112568652083,6,2
01-07-2021,3468.64,668.46,0.71,60.45,3372.44,3388.81,3388.29,56.85211576244825,7,3
02-07-2021,3491.49,676.84,0.72,60.85,3468.64,3352.83,3408.0985714285716,65.87760151183808,7,4
03-07-2021,3339.99,666.36,0.76,59.13,3491.49,3386.34,3401.477142857143,70.58988258815617,7,5
04-07-2021,3398.58,681.51,0.67,59.73,3339.99,3293.07,3416.5499999999997,52.54131199986193,7,6
05-07-2021,3404.85,674.45,0.73,59.88,3398.58,3426.64,3413.4371428571426,52.489347399985434,7,0
06-07-2021,3401.25,671.84,0.75,59.86,3404.85,3418.07,3411.0342857142855,52.62673048845926,7,1
07-07-2021,3519.07,674.11,0.73,61.15,3401.25,3372.44,3431.9814285714283,62.886344153182954,7,2
08-07-2021,3463.06,680.76,0.77,60.74,3519.07,3468.64,3431.184285714286,62.37752315729025,7,3
09-07-2021,3466.85,673.86,0.73,60.57,3463.06,3491.49,3427.6642857142856,59.01167055680555,7,4
10-07-2021,3366.09,673.59,0.73,59.43,3466.85,3339.99,3431.3928571428573,53.07472741782452,7,5
11-07-2021,3541.06,677.08,0.75,61.5,3366.09,3398.58,3451.747142857143,64.48731159804255,7,6
12-07-2021,3432.04,672.5,0.74,60.19,3541.06,3404.85,3455.631428571429,61.96113820467813,7,0
13-07-2021,3523.81,689.4,0.73,61.42,3432.04,3401.25,3473.14,61.346316379498276,7,1
14-07-2021,3547.65,677.02,0.75,61.57,3523.81,3519.07,3477.2228571428573,65.70858688540143,7,2
15-07-2021,3627.08,685.22,0.72,62.49,3547.65,3463.06,3500.6542857142854,85.94481191577663,7,3
16-07-2021,3467.4,682.42,0.72,60.66,3627.08,3466.85,3500.7328571428575,85.90900102517185,7,4
17-07-2021,3368.46,676.49,0.73,59.5,3467.4,3366.09,3501.0714285714284,85.29238544140877,7,5
18-07-2021,3585.22,682.4,0.78,62.16,3368.46,3541.06,3507.38,90.23308317906526,7,6
19-07-2021,3701.23,687.29,0.65,63.14,3585.22,3432.04,3545.835714285714,108.32194989276866,7,0
20-07-2021,3677.22,682.55,0.76,63.13,3701.23,3523.81,3567.7514285714287,118.19227109933661,7,1
21-07-2021,3622.9,690.67,0.75,62.61,3677.22,3547.65,3578.5014285714283,119.47443079707784,7,2
22-07-2021,3589.8,690.3,0.7,62.09,3622.9,3627.08,3573.1757142857145,117.7667717506575,7,3
23-07-2021,3687.52,690.31,0.76,63.36,3589.8,3467.4,3604.621428571428,114.14782702393303,7,4
24-07-2021,3583.96,683.31,0.77,62.13,3687.52,3368.46,3635.4071428571433,51.95945750110896,7,5
25-07-2021,3692.73,680.47,0.77,63.31,3583.96,3585.22,3650.7657142857142,50.52173125073459,7,6
26-07-2021,3708.51,683.59,0.68,63.26,3692.73,3701.23,3651.805714285714,51.79263006038076,7,0
27-07-2021,3759.49,688.61,0.8,64.26,3708.51,3677.22,3663.558571428571,65.9266904545173,7,1
28-07-2021,3887.33,691.11,0.74,65.55,3759.49,3622.9,3701.3342857142857,103.68981931014967,7,2
29-07-2021,3744.19,676.71,0.78,63.86,3887.33,3589.8,3723.3900000000003,91.74330620450425,7,3
30-07-2021,3698.55,689.21,0.79,63.56,3744.19,3687.52,3724.9657142857145,91.11713520832141,7,4
31-07-2021,3746.11,690.71,0.74,63.96,3698.55,3583.96,3748.13,66.61127832432068,7,5
01-08-2021,3643.33,688.89,0.79,62.93,3746.11,3692.73,3741.0728571428567,75.48469110009195,8,6
02-08-2021,3731.49,698.16,0.76,63.96,3643.33,3708.51,3744.3557142857144,74.32326124373768,8,0
03-08-2021,3766.62,693.95,0.71,64.15,3731.49,3759.49,3745.3742857142856,74.61352912556505,8,1
04-08-2021,3774.69,699.48,0.81,64.62,3766.62,3887.33,3729.282857142857,45.274201894047536,8,2
05-08-2021,3837.44,691.65,0.75,65.03,3774.69,3744.19,3742.6042857142857,61.280831113039646,8,3
06-08-2021,3786.58,698.67,0.75,64.56,3837.44,3698.55,3755.18,59.74680577236016,8,4
07-08-2021,3938.12,703.19,0.77,66.38,3786.58,3746.11,3782.6099999999997,90.86256031318284,8,5
08-08-2021,3877.22,702.04,0.79,65.74,3938.12,3643.33,3816.022857142857,72.19560206233446,8,6
09-08-2021,3893.74,689.34,0.78,65.72,3877.22,3731.49,3839.2014285714286,66.34085830732403,8,0
10-08-2021,3888.71,694.67,0.8,65.79,3893.74,3766.62,3856.6428571428573,59.80561253324162,8,1
11-08-2021,3940.38,694.84,0.75,66.23,3888.71,3774.69,3880.3128571428574,54.51914609085697,8,2
12-08-2021,4005.83,700.19,0.77,67.09,3940.38,3837.44,3904.368571428571,67.94575444881785,8,3
13-08-2021,3903.32,702.0,0.79,66.03,4005.83,3786.58,3921.0457142857144,44.49684552757371,8,4
14-08-2021,3936.21,694.2,0.85,66.47,3903.32,3938.12,3920.7728571428565,44.380398719211456,8,5
15-08-2021,3979.9,700.01,0.79,66.86,3936.21,3877.22,3935.441428571429,44.5546807973344,8,6
16-08-2021,3922.94,689.07,0.83,66.19,3979.9,3893.74,3939.612857142857,41.243561806373584,8,0
17-08-2021,3979.51,709.25,0.8,67.02,3922.94,3888.71,3952.5842857142857,36.5811057137158,8,1
18-08-2021,4023.19,699.08,0.79,67.33,3979.51,3940.38,3964.4142857142856,44.50775919512659,8,2
19-08-2021,4141.21,703.08,0.8,68.74,4023.19,4005.83,3983.7542857142857,80.42476584923757,8,3
20-08-2021,4115.63,701.85,0.8,68.44,4141.21,3903.32,4014.0842857142857,84.94216186267366,8,4
21-08-2021,4130.01,710.9,0.83,68.82,4115.63,3936.21,4041.77,86.89064065440634,8,5
22-08-2021,4198.54,689.3,0.85,69.34,4130.01,3979.9,4073.0042857142857,99.34768272035603,8,6
23-08-2021,4144.62,706.11,0.82,68.88,4198.54,3922.94,4104.672857142857,76.16758293707292,8,0
24-08-2021,4204.06,706.52,0.85,69.64,4144.62,3979.51,4136.751428571429,60.30177482975663,8,1
25-08-2021,4186.89,705.49,0.79,69.26,4204.06,4023.19,4160.137142857143,35.607258489561325,8,2
26-08-2021,4234.91,718.81,0.81,70.04,4186.89,4141.21,4173.522857142857,43.94269590966253,8,3
27-08-2021,4190.58,704.96,0.8,69.32,4234.91,4115.63,4184.2300000000005,35.876236331768006,8,4
28-08-2021,4069.92,715.46,0.83,68.21,4190.58,4130.01,4175.645714285714,53.74905266052902,8,5
29-08-2021,4271.13,714.32,0.81,70.39,4069.92,4198.54,4186.015714285714,64.77410255576149,8,6
30-08-2021,4419.24,720.84,0.85,72.26,4271.13,4144.62,4225.2471428571425,105.7357819778889,8,0
31-08-2021,4411.19,711.3,0.8,71.88,4419.24,4204.06,4254.837142857143,125.88169574568401,8,1
01-09-2021,4447.15,712.51,0.83,72.39,4411.19,4186.89,4292.017142857143,140.1000606369448,9,2
02-09-2021,4503.76,724.71,0.86,73.29,4447.15,4234.91,4330.424285714285,157.59452897199256,9,3
03-09-2021,4449.39,722.67,0.78,72.41,4503.76,4190.58,4367.397142857143,149.46776973807982,9,4
04-09-2021,4496.64,713.19,0.91,73.2,4449.39,4069.92,4428.357142857143,77.71947368887416,9,5
05-09-2021,4470.56,720.98,0.84,72.8,4496.64,4271.13,4456.847142857143,35.63903651628283,9,6
06-09-2021,4536.47,728.4,0.79,73.5,4470.56,4419.24,4473.594285714285,41.99817490364935,9,0
07-09-2021,4656.42,733.16,0.86,75.12,4536.47,4411.19,4508.627142857144,72.48323891637955,9,1
08-09-2021,4750.22,726.49,0.86,76.07,4656.42,4447.15,4551.922857142857,110.29427073580177,9,2
09-09-2021,4682.76,715.61,0.86,75.16,4750.22,4503.76,4577.494285714286,117.76414874048456,9,3
10-09-2021,4702.03,738.04,0.9,75.82,4682.76,4449.39,4613.585714285714,110.44656775369266,9,4
11-09-2021,4787.01,730.07,0.89,76.63,4702.03,4496.64,4655.067142857143,113.68478815190065,9,5
12-09-2021,4886.27,727.65,0.88,77.67,4787.01,4470.56,4714.454285714286,109.74928441029233,9,6
13-09-2021,4754.37,725.12,0.89,76.19,4886.27,4536.47,4745.582857142857,76.81294936712202,9,0
14-09-2021,4724.92,749.12,0.88,76.17,4754.37,4656.42,4755.368571428572,67.3399241234519,9,1
15-09-2021,4926.64,747.38,0.94,78.59,4724.92,4750.22,4780.571428571428,93.15676633656633,9,2
16-09-2021,4912.68,747.6,0.84,78.13,4926.64,4682.76,4813.417142857143,93.45481184584771,9,3
17-09-2021,5023.37,759.61,0.9,79.72,4912.68,4702.03,4859.322857142857,107.48998057404913,9,4
18-09-2021,5102.24,757.38,0.9,80.57,5023.37,4787.01,4904.355714285714,134.7271668789855,9,5
19-09-2021,5119.1,765.56,0.92,80.94,5102.24,4886.27,4937.617142857142,156.49931509054437,9,6
20-09-2021,5341.72,749.54,0.88,83.09,5119.1,4754.37,5021.524285714286,194.67449634857533,9,0
21-09-2021,5279.82,759.92,0.86,82.48,5341.72,4724.92,5100.795714285714,164.38968700997688,9,1
22-09-2021,5319.6,752.36,0.92,83.0,5279.82,4926.64,5156.932857142857,162.08499115323104,9,2
23-09-2021,5391.29,762.82,0.92,83.95,5319.6,4912.68,5225.305714285714,141.52099088794193,9,3
24-09-2021,5260.45,764.63,0.96,82.63,5391.29,5023.37,5259.174285714286,109.99747904037753,9,4
25-09-2021,5508.85,771.85,0.88,85.27,5260.45,5102.24,5317.261428571429,120.19945333050642,9,5
26-09-2021,5435.47,770.02,0.96,84.67,5508.85,5119.1,5362.457142857143,88.5947684148245,9,6
27-09-2021,5542.03,775.22,0.98,85.99,5435.47,5341.72,5391.072857142857,110.43743790253536,9,0
28-09-2021,5400.42,777.25,0.92,84.26,5542.03,5279.82,5408.301428571429,99.00418449550101,9,1
29-09-2021,5380.09,787.65,0.89,84.09,5400.42,5319.6,5416.942857142857,92.39064936711056,9,2
30-09-2021,5642.31,773.61,0.92,86.91,5380.09,5391.29,5452.802857142858,124.06107054112414,9,3
01-10-2021,5620.99,770.84,0.94,86.7,5642.31,5260.45,5504.308571428572,104.13478324245311,10,4
02-10-2021,5511.89,779.2,0.95,85.62,5620.99,5508.85,5504.742857142856,104.1632146704224,10,5
03-10-2021,5531.4,773.49,0.92,85.67,5511.89,5435.47,5518.447142857142,99.7472423535767,10,6
04-10-2021,5746.61,788.37,0.98,88.47,5531.4,5542.03,5547.672857142857,132.42621577244356,10,0
05-10-2021,5521.32,777.84,0.91,85.59,5746.61,5400.42,5564.944285714286,117.00653056662411,10,1
06-10-2021,5815.0,776.37,0.89,88.8,5521.32,5380.09,5627.074285714286,117.95406180050925,10,2
07-10-2021,5558.41,777.06,0.97,86.17,5815.0,5642.31,5615.0885714285705,120.38550569297219,10,3
08-10-2021,5709.43,784.42,0.87,87.67,5558.41,5620.99,5627.722857142857,125.63447108102856,10,4
09-10-2021,5595.32,778.77,0.93,86.49,5709.43,5511.89,5639.641428571428,116.43485294770072,10,5
10-10-2021,5663.51,775.45,0.98,87.36,5595.32,5531.4,5658.5142857142855,106.2251214570816,10,6
11-10-2021,5512.75,789.41,0.93,85.72,5663.51,5746.61,5625.105714285714,110.58639320416002,10,0
12-10-2021,5506.77,773.18,0.9,85.33,5512.75,5521.32,5623.027142857143,112.97324590572981,10,1
13-10-2021,5474.24,778.1,0.92,85.09,5506.77,5815.0,5574.347142857143,86.8653795084278,10,2
14-10-2021,5312.02,781.21,0.92,83.32,5474.24,5558.41,5539.148571428572,132.38990790194688,10,3
15-10-2021,5412.87,766.21,0.92,84.24,5312.02,5709.43,5496.782857142857,115.14415800990386,10,4
16-10-2021,5218.2,778.42,0.93,82.26,5412.87,5595.32,5442.908571428571,145.56260502255535,10,5
17-10-2021,5164.44,767.91,0.87,81.33,5218.2,5663.51,5371.612857142857,141.67394181879783,10,6
18-10-2021,5007.67,778.48,0.94,79.93,5164.44,5512.75,5299.458571428571,180.9788469617895,10,0
19-10-2021,4775.92,766.3,0.89,77.02,5007.67,5506.77,5195.051428571429,241.98095837128437,10,1
20-10-2021,4893.17,775.32,0.9,78.49,4775.92,5474.24,5112.041428571429,229.59392525562424,10,2
21-10-2021,5017.93,776.59,0.85,79.75,4893.17,5312.02,5070.028571428571,213.2253088033526,10,3
22-10-2021,4770.89,773.75,0.9,77.1,5017.93,5412.87,4978.317142857143,176.0004406920867,10,4
23-10-2021,4595.1,768.61,0.84,74.87,4770.89,5218.2,4889.302857142858,191.3564399851978,10,5
24-10-2021,4465.11,764.23,0.85,73.39,4595.1,5164.44,4789.398571428572,205.78175789158658,10,6
25-10-2021,4375.67,760.65,0.8,72.18,4465.11,5007.67,4699.112857142857,231.1367323118693,10,0
26-10-2021,4301.88,771.64,0.79,71.48,4375.67,4775.92,4631.392857142857,270.90519588435734,10,1
27-10-2021,4056.84,756.87,0.83,68.65,4301.88,4893.17,4511.9171428571435,316.7544632526514,10,2
28-10-2021,4110.28,753.26,0.79,69.08,4056.84,5017.93,4382.2528571428575,254.81167357575112,10,3
29-10-2021,3964.42,762.0,0.76,67.48,4110.28,4770.89,4267.042857142857,231.01442701804348,10,4
30-10-2021,3848.26,751.54,0.76,66.03,3964.42,4595.1,4160.351428571428,226.67236226387251,10,5
31-10-2021,3714.46,749.0,0.79,64.58,3848.26,4465.11,4053.115714285714,235.8414188854519,10,6
01-11-2021,3574.48,744.41,0.74,62.8,3714.46,4375.67,3938.6600000000003,247.34495318616254,11,0
02-11-2021,3505.15,748.57,0.75,62.11,3574.48,4301.88,3824.8414285714284,235.37085506554075,11,1
03-11-2021,3391.63,749.35,0.74,60.82,3505.15,4056.84,3729.8114285714287,259.1751450550064,11,2
04-11-2021,3231.04,749.67,0.67,58.82,3391.63,4110.28,3604.2057142857147,257.1023047904649,11,3
05-11-2021,3118.83,752.29,0.68,57.63,3231.04,3964.42,3483.407142857143,258.2952958478732,11,4
06-11-2021,3060.84,748.15,0.72,57.04,3118.83,3848.26,3370.9185714285713,243.98373958309108,11,5
07-11-2021,3046.54,742.3,0.68,56.68,3060.84,3714.46,3275.5014285714287,216.27070902216386,11,6
08-11-2021,2813.69,740.71,0.73,54.2,3046.54,3574.48,3166.8171428571427,231.6008812385503,11,0
09-11-2021,2723.8,743.4,0.72,53.2,2813.69,3505.15,3055.1957142857145,229.64228435090394,11,1
10-11-2021,2731.97,746.42,0.7,53.27,2723.8,3391.63,2960.9585714285713,202.29344720219908,11,2
11-11-2021,2659.42,738.21,0.73,52.43,2731.97,3231.04,2879.2985714285714,190.1047410796185,11,3
12-11-2021,2605.61,733.31,0.67,51.58,2659.42,3118.83,2805.9814285714288,181.08063594510057,11,4
13-11-2021,2557.17,728.9,0.68,51.01,2605.61,3060.84,2734.0285714285715,161.99532929773616,11,5
14-11-2021,2492.89,724.97,0.64,50.11,2557.17,3046.54,2654.9357142857143,111.16772431136482,11,6
15-11-2021,2535.13,736.14,0.73,51.01,2492.89,2813.69,2615.141428571428,93.28716175131056,11,0
16-11-2021,2373.99,734.46,0.71,49.12,2535.13,2723.8,2565.1685714285713,116.24778742388379,11,1
17-11-2021,2393.76,733.37,0.65,49.15,2373.99,2731.97,2516.8528571428574,105.11788029226479,11,2
18-11-2021,2416.58,728.19,0.66,49.36,2393.76,2659.42,2482.1614285714286,89.07244400457643,11,3
19-11-2021,2341.35,736.05,0.69,48.72,2416.58,2605.61,2444.41,83.8803888482243,11,4
20-11-2021,2397.28,723.93,0.64,49.03,2341.35,2557.17,2421.5685714285714,68.39812507870118,11,5
21-11-2021,2469.29,731.16,0.62,49.87,2397.28,2492.89,2418.197142857143,64.78277026961302,11,6
22-11-2021,2391.66,724.24,0.67,49.06,2469.29,2535.13,2397.7014285714286,39.30913949217115,11,0
23-11-2021,2394.3,719.78,0.64,48.93,2391.66,2373.99,2400.6028571428574,37.99486926510095,11,1
24-11-2021,2324.51,725.54,0.64,48.23,2394.3,2393.76,2390.71,47.81889166423558,11,2
25-11-2021,2346.6,723.29,0.61,48.36,2324.51,2416.58,2380.7128571428575,48.81378484067864,11,3
26-11-2021,2351.78,721.78,0.58,48.31,2346.6,2341.35,2382.202857142857,47.554965641231796,11,4
27-11-2021,2349.46,718.98,0.64,48.42,2351.78,2397.28,2375.371428571429,48.45434979732552,11,5
28-11-2021,2412.9,717.08,0.66,49.16,2349.46,2469.29,2367.315714285714,32.19828662989093,11,6
29-11-2021,2377.94,729.76,0.63,48.86,2412.9,2391.66,2365.3557142857144,30.85913687333587,11,0
30-11-2021,2303.37,721.63,0.67,48.03,2377.94,2394.3,2352.3657142857146,35.44242836724449,11,1
01-12-2021,2357.14,717.76,0.61,48.4,2303.37,2324.51,2357.0271428571427,33.24591439267929,12,2
02-12-2021,2364.29,713.06,0.6,48.38,2357.14,2346.6,2359.554285714286,32.99258394297019,12,3
03-12-2021,2388.03,716.95,0.63,48.79,2364.29,2351.78,2364.7328571428575,34.384509939875194,12,4
04-12-2021,2403.4,712.96,0.63,48.91,2388.03,2349.46,2372.4385714285713,36.37766871238799,12,5
05-12-2021,2291.3,708.98,0.65,47.66,2403.4,2412.9,2355.067142857143,42.375274911265734,12,6
06-12-2021,2297.07,705.95,0.6,47.53,2291.3,2377.94,2343.514285714286,45.97137691252989,12,0
07-12-2021,2275.62,706.05,0.67,47.5,2297.07,2303.37,2339.55,50.93830647619183,12,1
08-12-2021,2315.81,687.48,0.68,47.72,2275.62,2357.14,2333.6457142857143,50.95491760926705,12,2
09-12-2021,2342.42,705.45,0.62,48.09,2315.81,2364.29,2330.5214285714287,49.40986656814072,12,3
10-12-2021,2361.48,700.42,0.66,48.35,2342.42,2388.03,2326.7285714285713,45.08973734988325,12,4
11-12-2021,2314.37,711.05,0.59,47.76,2361.48,2403.4,2314.0099999999998,29.833980626052774,12,5
12-12-2021,2301.45,701.18,0.65,47.66,2314.37,2291.3,2315.46,28.774092513851773,12,6
13-12-2021,2318.25,693.41,0.65,47.74,2301.45,2297.07,2318.4857142857145,27.607963136876656,12,0
14-12-2021,2274.29,698.81,0.65,47.32,2318.25,2275.62,2318.2957142857144,27.954536815464103,12,1
15-12-2021,2392.65,692.31,0.62,48.47,2274.29,2315.81,2329.272857142857,39.51293911035482,12,2
16-12-2021,2236.06,699.9,0.53,46.55,2392.65,2342.42,2314.078571428571,52.06943967064323,12,3
17-12-2021,2306.92,698.02,0.6,47.53,2236.06,2361.48,2306.284285714286,47.69076215823962,12,4
18-12-2021,2379.27,700.92,0.6,48.38,2306.92,2314.37,2315.555714285714,55.236269442282826,12,5
19-12-2021,2292.06,690.42,0.59,47.22,2379.27,2301.45,2314.214285714286,55.747577184129376,12,6
20-12-2021,2279.82,694.29,0.62,47.23,2292.06,2318.25,2308.7242857142855,57.15833764115647,12,0
21-12-2021,2268.53,685.85,0.6,46.92,2279.82,2274.29,2307.901428571429,57.77481326334794,12,1
22-12-2021,2271.08,696.7,0.59,47.08,2268.53,2392.65,2290.534285714286,44.88828349618332,12,2
23-12-2021,2329.57,695.12,0.58,47.68,2271.08,2236.06,2303.8928571428573,39.57467022989819,12,3
24-12-2021,2177.63,694.48,0.59,46.0,2329.57,2306.92,2285.422857142857,61.835920443852636,12,4
25-12-2021,2324.5,691.3,0.64,47.75,2177.63,2379.27,2277.5985714285716,50.387311705904494,12,5
26-12-2021,2197.96,693.2,0.59,46.21,2324.5,2292.06,2264.1557142857146,57.88132020407787,12,6
27-12-2021,2238.24,699.45,0.59,46.75,2197.96,2279.82,2258.2157142857145,58.13884612345672,12,0
28-12-2021,2224.49,688.76,0.59,46.44,2238.24,2268.53,2251.924285714286,59.209680193081276,12,1
29-12-2021,2257.75,690.92,0.61,46.9,2224.49,2271.08,2250.02,58.703110082250845,12,2
30-12-2021,2161.79,684.04,0.62,45.76,2257.75,2329.57,2226.0514285714285,54.941202337418474,12,3
31-12-2021,2235.44,685.21,0.51,46.27,2161.79,2177.63,2234.31,50.62492271594567,12,4
01-01-2022,2284.92,690.69,0.63,47.27,2235.44,2324.5,2228.655714285714,39.959638327111364,1,5
02-01-2022,2132.33,696.68,0.64,45.67,2284.92,2197.96,2219.2799999999997,53.699355055054184,1,6
03-01-2022,2169.04,689.87,0.56,45.75,2132.33,2238.24,2209.3942857142856,55.949693134995684,1,0
04-01-2022,2106.81,690.94,0.56,45.06,2169.04,2224.49,2192.582857142857,67.2055245036069,1,1
05-01-2022,2114.28,691.19,0.57,45.18,2106.81,2257.75,2172.087142857143,65.88317430982045,1,2
06-01-2022,2060.86,691.91,0.56,44.56,2114.28,2161.79,2157.6685714285713,78.37275853858704,1,3
07-01-2022,1995.3,698.17,0.59,44.01,2060.86,2235.44,2123.362857142857,90.30570242499309,1,4
08-01-2022,1991.47,690.01,0.52,43.64,1995.3,2284.92,2081.441428571429,68.22009904918657,1,5
09-01-2022,1989.87,707.59,0.54,43.93,1991.47,2132.33,2061.09,71.67089925482351,1,6
10-01-2022,1872.12,698.88,0.61,42.7,1989.87,2169.04,2018.672857142857,83.94667666920755,1,0
11-01-2022,1852.26,709.06,0.53,42.38,1872.12,2106.81,1982.3085714285714,93.94219968122546,1,1
12-01-2022,1736.44,700.31,0.6,41.17,1852.26,2114.28,1928.331428571429,112.24303548229798,1,2
13-01-2022,1697.16,713.95,0.57,40.83,1736.44,2060.86,1876.3742857142859,124.21123699260309,1,3
14-01-2022,1690.55,716.74,0.5,40.59,1697.16,1995.3,1832.8385714285712,128.89945635111664,1,4
15-01-2022,1670.06,717.97,0.57,40.59,1690.55,1991.47,1786.922857142857,119.90661820963184,1,5
16-01-2022,1588.46,713.0,0.54,39.51,1670.06,1989.87,1729.5785714285716,101.1986295079126,1,6
17-01-2022,1523.48,723.18,0.52,38.87,1588.46,1872.12,1679.7728571428572,105.0724145076627,1,0
18-01-2022,1488.38,717.97,0.54,38.46,1523.48,1852.26,1627.7900000000002,95.04837627927724,1,1
19-01-2022,1415.2,726.49,0.55,37.79,1488.38,1736.44,1581.8985714285714,110.1912625738205,1,2
20-01-2022,1426.15,737.15,0.55,38.07,1415.2,1697.16,1543.182857142857,110.5537282220867,1,3
21-01-2022,1399.89,738.99,0.56,37.83,1426.15,1690.55,1501.66,100.06622423838479,1,4
22-01-2022,1338.96,737.58,0.54,37.07,1399.89,1670.06,1454.3600000000001,84.1934235356891,1,5
23-01-2022,1315.94,734.89,0.48,36.59,1338.96,1588.46,1415.4285714285713,74.27301987226284,1,6
24-01-2022,1316.49,747.66,0.51,36.87,1315.94,1523.48,1385.8585714285714,64.6682872894085,1,0
25-01-2022,1289.43,747.05,0.61,36.85,1316.49,1488.38,1357.4371428571428,55.113983620032364,1,1
26-01-2022,1294.46,736.08,0.54,36.55,1289.43,1415.2,1340.1885714285715,52.87136510070458,1,2
27-01-2022,1346.65,757.91,0.59,37.59,1294.46,1426.15,1328.8314285714284,37.68681795551287,1,3
28-01-2022,1296.57,756.54,0.56,36.92,1346.65,1399.89,1314.0714285714287,22.316860164725888,1,4
29-01-2022,1301.68,767.79,0.53,37.05,1296.57,1338.96,1308.7457142857143,19.68001258208345,1,5
30-01-2022,1305.39,757.83,0.53,36.95,1301.68,1315.94,1307.2385714285715,19.43973630510226,1,6
31-01-2022,1352.07,749.31,0.52,37.32,1305.39,1316.49,1312.3214285714287,25.854851529489107,1,0
01-02-2022,1345.84,775.14,0.48,37.49,1352.07,1289.43,1320.3799999999999,26.31771646615453,2,1
02-02-2022,1352.81,780.02,0.53,37.79,1345.84,1294.46,1328.7157142857143,25.978204875709856,2,2
03-02-2022,1422.81,772.61,0.57,38.59,1352.81,1346.65,1339.5957142857144,44.25810278240267,2,3
04-02-2022,1449.07,782.23,0.52,38.87,1422.81,1296.57,1361.3814285714286,55.623381902566194,2,4
05-02-2022,1422.76,811.28,0.55,39.08,1449.07,1301.68,1378.6785714285713,52.713840822679344,2,5
06-02-2022,1416.41,797.38,0.57,38.87,1422.76,1305.39,1394.5385714285715,42.747637138741275,2,6
07-02-2022,1521.99,809.75,0.52,40.08,1416.41,1352.07,1418.8128571428572,59.553566004083315,2,0
08-02-2022,1507.07,806.65,0.54,39.93,1521.99,1345.84,1441.8457142857144,57.77897710440488,2,1
09-02-2022,1580.67,803.17,0.52,40.64,1507.07,1352.81,1474.3971428571429,63.19034280491652,2,2
10-02-2022,1536.13,821.77,0.53,40.44,1580.67,1422.81,1490.5857142857144,62.28073534594367,2,3
11-02-2022,1654.27,827.28,0.53,41.84,1536.13,1449.07,1519.8999999999999,83.99111004540968,2,4
12-02-2022,1628.57,832.6,0.54,41.66,1654.27,1422.76,1549.3014285714287,80.25887353399563,2,5
13-02-2022,1725.15,840.78,0.62,43.09,1628.57,1416.41,1593.4071428571428,79.8898311664454,2,6
14-02-2022,1742.09,849.67,0.55,43.2,1725.15,1521.99,1624.8500000000001,89.79599248663801,2,0
15-02-2022,1750.81,853.21,0.59,43.47,1742.09,1507.07,1659.67,83.55306497466393,2,1
16-02-2022,1808.57,851.9,0.57,44.03,1750.81,1580.67,1692.2271428571428,91.64889992322146,2,2
17-02-2022,1886.07,870.34,0.63,45.34,1808.57,1536.13,1742.2185714285713,87.66589976123144,2,3
18-02-2022,1908.33,859.69,0.64,45.47,1886.07,1654.27,1778.5128571428572,97.25309690255023,2,4
19-02-2022,1967.19,865.19,0.63,46.18,1908.33,1628.57,1826.887142857143,94.4145931012269,2,5
20-02-2022,2059.73,891.12,0.62,47.55,1967.19,1725.15,1874.6842857142856,116.44603483401897,2,6
21-02-2022,1974.15,895.7,0.61,46.63,2059.73,1742.09,1907.8357142857142,104.86271769270019,2,0
22-02-2022,2134.1,897.79,0.59,48.39,1974.15,1750.81,1962.5914285714284,109.18506589401298,2,1
23-02-2022,2119.95,894.13,0.69,48.48,2134.1,1808.57,2007.0742857142857,98.9244822843789,2,2
24-02-2022,2123.06,904.98,0.61,48.43,2119.95,1886.07,2040.93,90.83272372881014,2,3
25-02-2022,2146.92,914.0,0.66,48.97,2123.06,1908.33,2075.014285714286,76.40075541881654,2,4
26-02-2022,2233.07,909.8,0.67,49.91,2146.92,1967.19,2112.997142857143,79.873966078675,2,5
27-02-2022,2319.02,921.57,0.63,50.92,2233.07,2059.73,2150.0385714285717,106.6791606373065,2,6
28-02-2022,2315.56,937.23,0.68,51.25,2319.02,1974.15,2198.8114285714287,89.52808915426299,2,0
01-03-2022,2423.91,948.19,0.68,52.62,2315.56,2134.1,2240.212857142857,117.31362690300527,3,1
02-03-2022,2334.93,939.25,0.71,51.59,2423.91,2119.95,2270.924285714286,108.38262604571875,3,2
03-03-2022,2433.72,952.85,0.65,52.71,2334.93,2123.06,2315.3042857142855,101.10412831284135,3,3
04-03-2022,2414.0,937.01,0.63,52.2,2433.72,2146.92,2353.4585714285713,73.63151305168535,3,4
05-03-2022,2520.11,960.85,0.66,53.82,2414.0,2233.07,2394.464285714286,75.31999355128949,3,5
06-03-2022,2576.74,953.59,0.69,54.44,2520.11,2319.02,2431.281428571428,93.16892390141288,3,6
07-03-2022,2547.71,965.8,0.68,54.26,2576.74,2315.56,2464.445714285714,86.16627779222192,3,0
08-03-2022,2474.58,964.89,0.67,53.39,2547.71,2423.91,2471.684285714286,84.30158734310028,3,1
09-03-2022,2632.92,980.12,0.63,55.26,2474.58,2334.93,2514.2542857142857,78.79332921362324,3,2
10-03-2022,2669.57,965.81,0.71,55.71,2632.92,2433.72,2547.947142857143,88.45061893775085,3,3
11-03-2022,2691.28,979.91,0.75,56.27,2669.57,2414.0,2587.558571428571,80.16658269470801,3,4
12-03-2022,2752.56,974.87,0.71,56.77,2691.28,2520.11,2620.7657142857142,94.44332266091246,3,5
13-03-2022,2658.82,977.48,0.72,55.79,2752.56,2576.74,2632.4914285714285,93.15280071445795,3,6
14-03-2022,2760.39,978.56,0.72,56.94,2658.82,2547.71,2662.874285714286,95.54492274265512,3,0
15-03-2022,2800.43,974.44,0.71,57.3,2760.39,2474.58,2709.424285714286,62.01009672007701,3,1
16-03-2022,2667.88,982.02,0.73,55.98,2800.43,2632.92,2714.4185714285713,55.93140782197063,3,2
17-03-2022,2786.53,982.69,0.72,57.29,2667.88,2669.57,2731.1271428571426,57.74132480703409,3,3
18-03-2022,2759.73,986.11,0.7,56.98,2786.53,2691.28,2740.905714285714,55.62575688084296,3,4
19-03-2022,2795.24,985.9,0.68,57.31,2759.73,2752.56,2747.002857142857,59.33171600252883,3,5
20-03-2022,2831.23,992.54,0.7,57.87,2795.24,2658.82,2771.632857142857,51.95038040096264,3,6
21-03-2022,2803.02,994.53,0.72,57.64,2831.23,2760.39,2777.7228571428573,52.90271943676162,3,0
22-03-2022,2807.37,979.92,0.7,57.42,2803.02,2800.43,2778.714285714286,53.46127036057617,3,1
23-03-2022,2857.72,996.07,0.72,58.28,2807.37,2667.88,2805.8342857142857,31.511499941554433,3,2
24-03-2022,2813.74,980.75,0.73,57.6,2857.72,2786.53,2809.721428571428,30.391675081852068,3,3
25-03-2022,2827.39,995.75,0.74,57.99,2813.74,2759.73,2819.387142857143,21.21704009684988,3,4
26-03-2022,2932.93,996.93,0.75,59.22,2827.39,2795.24,2839.057142857143,45.27970542974674,3,5
27-03-2022,2850.95,977.75,0.72,57.94,2932.93,2831.23,2841.8742857142856,45.32499709762673,3,6
28-03-2022,2959.76,994.57,0.68,59.28,2850.95,2803.02,2864.2657142857142,59.447295665150826,3,0
29-03-2022,2962.57,990.99,0.71,59.35,2959.76,2807.37,2886.437142857143,63.49473776467305,3,1
30-03-2022,2859.72,989.55,0.72,58.21,2962.57,2857.72,2886.722857142857,63.348310083784106,3,2
31-03-2022,2928.44,1007.22,0.66,59.05,2859.72,2813.74,2903.108571428572,55.69624685991654,3,3
01-04-2022,3041.65,992.08,0.76,60.4,2928.44,2827.39,2933.7171428571423,65.21076642041461,4,4
02-04-2022,2937.76,991.69,0.73,59.14,3041.65,2932.93,2934.407142857143,65.22660083997842,4,5
03-04-2022,2978.26,999.55,0.73,59.71,2937.76,2850.95,2952.5942857142863,55.029734343350775,4,6
04-04-2022,3041.1,1005.23,0.76,60.58,2978.26,2959.76,2964.214285714286,64.55794964138619,4,0
05-04-2022,3071.23,999.4,0.71,60.69,3041.1,2962.57,2979.7371428571428,76.12415182102976,4,1
06-04-2022,3027.11,1010.65,0.74,60.44,3071.23,2859.72,3003.6500000000005,55.687549176888105,4,2
07-04-2022,3020.24,1006.32,0.72,60.24,3027.11,2928.44,3016.7642857142855,44.76123950361265,4,3
08-04-2022,3143.6,985.34,0.72,61.33,3020.24,3041.65,3031.328571428571,65.83385917809122,4,4
09-04-2022,3173.32,999.29,0.71,61.83,3143.6,2937.76,3064.98,70.10009486438025,4,5
10-04-2022,3143.14,999.74,0.78,61.71,3173.32,2978.26,3088.5342857142855,63.494273195041664,4,6
11-04-2022,3105.02,1008.81,0.72,61.23,3143.14,3041.1,3097.6657142857143,60.037797499297056,4,0
12-04-2022,3066.35,984.53,0.75,60.54,3105.02,3071.23,3096.968571428571,60.42301946235021,4,1
13-04-2022,3076.13,1026.84,0.68,61.04,3066.35,3027.11,3103.9714285714285,53.410975285493215,4,2
14-04-2022,3163.28,1011.25,0.77,62.06,3076.13,3020.24,3124.405714285714,42.229586728185346,4,3
15-04-2022,3168.29,1008.81,0.77,62.09,3163.28,3143.6,3127.932857142857,45.03767449374759,4,4
16-04-2022,3234.83,1017.77,0.74,62.87,3168.29,3173.32,3136.7200000000003,59.156377509066985,4,5
17-04-2022,3202.7,1027.76,0.73,62.62,3234.83,3143.14,3145.2285714285713,64.29390262132927,4,6
18-04-2022,3089.92,1016.48,0.75,61.26,3202.7,3105.02,3143.0714285714284,66.09585398707672,4,0
19-04-2022,3246.17,1017.69,0.81,63.2,3089.92,3066.35,3168.7599999999998,66.25178035340097,4,1
20-04-2022,3138.22,1011.64,0.68,61.52,3246.17,3076.13,3177.63,54.9809463965652,4,2
21-04-2022,3183.04,1009.99,0.76,62.24,3138.22,3163.28,3180.4528571428573,54.62751556805574,4,3
22-04-2022,3229.02,1007.82,0.71,62.57,3183.04,3168.29,3189.128571428572,57.13864554118383,4,4
23-04-2022,3339.46,1005.5,0.74,63.87,3229.02,3234.83,3204.075714285714,80.14148652165203,4,5
24-04-2022,3413.5,1007.12,0.73,64.69,3339.46,3202.7,3234.19,112.57922736157309,4,6
25-04-2022,3276.6,1002.23,0.73,63.09,3413.5,3089.92,3260.8585714285714,93.14037871736696,4,0
26-04-2022,3238.89,1013.03,0.74,62.85,3276.6,3246.17,3259.8185714285714,93.37208155696867,4,1
27-04-2022,3289.12,1000.43,0.71,63.14,3238.89,3138.22,3281.3757142857144,76.51738579281806,4,2
28-04-2022,3317.87,1016.08,0.77,63.86,3289.12,3183.04,3300.637142857143,63.50113351065807,4,3
29-04-2022,3254.46,1014.66,0.69,62.89,3317.87,3229.02,3304.2714285714283,59.30882577054857,4,4
30-04-2022,3386.77,1016.55,0.76,64.61,3254.46,3339.46,3311.0299999999997,66.27373989745547,4,5
01-05-2022,3301.51,1011.5,0.73,63.5,3386.77,3413.5,3295.031428571429,48.56627960098726,5,6
02-05-2022,3324.28,1041.13,0.71,64.11,3301.51,3276.6,3301.842857142857,48.89289918251686,5,0
03-05-2022,3340.93,1027.54,0.75,64.23,3324.28,3238.89,3316.4200000000005,41.67410146996465,5,1
04-05-2022,3332.78,1006.69,0.7,63.69,3340.93,3289.12,3322.657142857143,40.146461742870606,5,2
05-05-2022,3363.76,1019.03,0.75,64.36,3332.78,3317.87,3329.2128571428575,42.887676440578865,5,3
06-05-2022,3282.59,1012.49,0.7,63.21,3363.76,3254.46,3333.2314285714288,35.376017030581316,5,4
07-05-2022,3291.52,1009.47,0.76,63.45,3282.59,3386.77,3319.624285714286,29.115172938412766,5,5
08-05-2022,3264.15,1007.09,0.72,62.99,3291.52,3301.51,3314.2871428571425,35.674531398068396,5,6
09-05-2022,3361.34,1021.78,0.73,64.31,3264.15,3324.28,3319.5814285714287,39.90392855698927,5,0
10-05-2022,3386.34,1012.94,0.76,64.56,3361.34,3340.93,3326.0685714285714,47.011178255261605,5,1
11-05-2022,3371.32,1026.6,0.73,64.49,3386.34,3332.78,3331.574285714286,50.08453449153447,5,2
12-05-2022,3448.61,1027.02,0.75,65.42,3371.32,3363.76,3343.695714285714,66.68795314922875,5,3
13-05-2022,3350.99,1030.31,0.7,64.23,3448.61,3282.59,3353.467142857143,61.01179003934547,5,4
14-05-2022,3395.0,1012.32,0.77,64.68,3350.99,3291.52,3368.25,55.81581436590352,5,5
15-05-2022,3291.61,1023.3,0.8,63.76,3395.0,3264.15,3372.172857142857,47.64729573094219,5,6
16-05-2022,3336.82,1024.72,0.83,64.38,3291.61,3361.34,3368.6700000000005,49.44386109514166,5,0
17-05-2022,3404.63,1015.81,0.75,64.77,3336.82,3386.34,3371.282857142857,50.99228036809617,5,1
18-05-2022,3415.91,1013.48,0.77,64.93,3404.63,3371.32,3377.652857142857,53.710362350343566,5,2
19-05-2022,3348.29,1032.99,0.7,64.23,3415.91,3448.61,3363.3214285714284,44.15569137662805,5,3
20-05-2022,3363.02,1021.77,0.79,64.51,3348.29,3350.99,3365.04,43.82864892581465,5,4
21-05-2022,3276.24,1025.15,0.77,63.53,3363.02,3395.0,3348.0742857142855,52.43836536258908,5,5
22-05-2022,3347.17,1013.28,0.74,64.06,3276.24,3291.61,3356.0114285714285,46.314697965275386,5,6
23-05-2022,3422.99,1010.05,0.79,65.02,3347.17,3336.82,3368.3214285714284,51.522443144853874,5,0
24-05-2022,3403.16,1015.33,0.74,64.72,3422.99,3404.63,3368.1114285714284,51.35250381057088,5,1
25-05-2022,3396.49,1018.89,0.74,64.69,3403.16,3415.91,3365.337142857143,48.80102653092286,5,2
26-05-2022,3365.65,1011.11,0.76,64.3,3396.49,3348.29,3367.817142857143,48.22807125667071,5,3
27-05-2022,3358.2,1019.54,0.72,64.22,3365.65,3363.02,3367.128571428571,48.342250474590344,5,4
28-05-2022,3311.73,1005.65,0.78,63.68,3358.2,3276.24,3372.1985714285715,37.9696679067388,5,5
29-05-2022,3386.14,1010.03,0.72,64.39,3311.73,3347.17,3377.7657142857142,36.51747657264602,5,6
30-05-2022,3360.58,1024.34,0.71,64.28,3386.14,3422.99,3368.85,30.80811473181993,5,0
31-05-2022,3354.75,1023.45,0.72,64.23,3360.58,3403.16,3361.934285714286,27.023704937833184,5,1
01-06-2022,3282.71,1014.95,0.77,63.45,3354.75,3396.49,3345.68,35.62457297983541,6,2
02-06-2022,3173.71,1009.43,0.72,62.01,3282.71,3365.65,3318.2599999999998,72.48740856173282,6,3
03-06-2022,3353.07,1008.89,0.7,63.95,3173.71,3358.2,3317.527142857143,72.04086727086535,6,4
04-06-2022,3245.24,1013.71,0.72,62.87,3353.07,3311.73,3308.028571428571,77.13579312451489,6,5
05-06-2022,3207.09,1021.44,0.74,62.61,3245.24,3386.14,3282.45,76.60171908424908,6,6
06-06-2022,3281.29,1023.16,0.7,63.35,3207.09,3360.58,3271.1228571428574,68.56366839518616,6,0
07-06-2022,3200.22,1010.96,0.7,62.26,3281.29,3354.75,3249.047142857143,61.682271551921716,6,1
08-06-2022,3265.2,1004.97,0.79,63.18,3200.22,3282.71,3246.5457142857144,60.431976319662425,6,2
09-06-2022,3219.56,1015.81,0.7,62.55,3265.2,3173.71,3253.095714285714,53.28385085464687,6,3
10-06-2022,3202.29,1006.22,0.71,62.25,3219.56,3353.07,3231.555714285714,32.59236662011816,6,4
11-06-2022,3064.38,1007.93,0.71,60.73,3202.29,3245.24,3205.718571428571,70.07273398130262,6,5
12-06-2022,3187.02,1022.04,0.71,62.3,3064.38,3207.09,3202.8514285714286,70.41702029775468,6,6
13-06-2022,3110.03,1017.16,0.73,61.43,3187.02,3281.29,3178.3857142857146,68.34294693114548,6,0
14-06-2022,3050.72,1010.88,0.74,60.71,3110.03,3200.22,3157.028571428571,82.31388712897083,6,1
15-06-2022,3053.85,998.43,0.7,60.45,3050.72,3265.2,3126.8357142857144,74.4053709658558,6,2
16-06-2022,2923.5,1009.45,0.67,59.05,3053.85,3219.56,3084.5414285714287,94.37772396570863,6,3
17-06-2022,3015.39,1015.33,0.74,60.38,2923.5,3202.29,3057.8414285714284,81.00400472166447,6,4
18-06-2022,2911.02,1002.75,0.7,58.91,3015.39,3064.38,3035.9328571428573,97.9147359890457,6,5
19-06-2022,2866.35,1015.59,0.75,58.74,2911.02,3187.02,2990.1228571428574,90.15255694545993,6,6
20-06-2022,2829.41,1014.05,0.63,57.95,2866.35,3110.03,2950.0342857142855,90.33838771658954,6,0
21-06-2022,2937.41,1015.91,0.69,59.36,2829.41,3050.72,2933.847142857143,78.69110511235847,6,1
22-06-2022,2817.46,1003.89,0.74,58.0,2937.41,3053.85,2900.0771428571425,68.69756320620728,6,2
23-06-2022,2896.99,1004.99,0.67,58.69,2817.46,2923.5,2896.29,67.91739369750074,6,3
24-06-2022,2761.15,1010.42,0.67,57.25,2896.99,3015.39,2859.9700000000003,61.265334134902304,6,4
25-06-2022,2671.69,1001.48,0.68,56.15,2761.15,2911.02,2825.7799999999997,88.67657544880606,6,5
26-06-2022,2669.52,992.67,0.65,55.91,2671.69,2866.35,2797.6614285714286,103.616194427384,6,6
27-06-2022,2751.55,991.84,0.66,56.85,2669.52,2829.41,2786.5385714285717,103.818881460038,6,0
28-06-2022,2651.19,996.03,0.65,55.75,2751.55,2937.41,2745.65,89.92967789701562,6,1
29-06-2022,2599.31,982.57,0.64,54.95,2651.19,2817.46,2714.4857142857145,98.30591061527788,6,2
30-06-2022,2598.88,990.35,0.69,55.21,2599.31,2896.99,2671.8985714285714,64.99426395931546,6,3
01-07-2022,2580.36,998.82,0.66,55.03,2598.88,2761.15,2646.0714285714284,59.28705519993169,7,4
02-07-2022,2573.53,971.42,0.65,54.54,2580.36,2671.69,2632.0485714285714,63.664738390098606,7,5
03-07-2022,2552.91,999.48,0.66,54.73,2573.53,2669.52,2615.39,67.37388589055807,7,6
04-07-2022,2437.13,994.79,0.63,53.28,2552.91,2751.55,2570.4728571428573,66.26924493159198,7,0
05-07-2022,2360.06,980.88,0.61,52.16,2437.13,2651.19,2528.882857142857,93.09483833061428,7,1
06-07-2022,2364.59,987.31,0.61,52.3,2360.06,2599.31,2495.3514285714286,105.0091718896305,7,2
07-07-2022,2357.69,981.58,0.62,52.17,2364.59,2598.88,2460.8957142857143,104.94735757463467,7,3
08-07-2022,2270.84,989.7,0.59,51.22,2357.69,2580.36,2416.6785714285716,111.24077196609325,7,4
09-07-2022,2235.85,986.24,0.6,50.81,2270.84,2573.53,2368.4385714285713,104.92376159675271,7,5
10-07-2022,2252.94,966.07,0.59,50.69,2235.85,2552.91,2325.5857142857144,73.60889322560001,7,6
11-07-2022,2201.13,980.05,0.67,50.55,2252.94,2437.13,2291.871428571429,67.82347268912115,7,0
12-07-2022,2168.28,972.3,0.52,49.62,2201.13,2360.06,2264.4742857142855,74.12947746048303,7,1
13-07-2022,2101.85,972.97,0.59,49.09,2168.28,2364.59,2226.94,81.17144448630152,7,2
14-07-2022,2086.23,965.07,0.64,48.96,2101.85,2357.69,2188.16,72.69725258444046,7,3
15-07-2022,2024.7,982.67,0.59,48.37,2086.23,2270.84,2152.997142857143,84.59466762431703,7,4
16-07-2022,2055.48,975.55,0.6,48.64,2024.7,2235.85,2127.23,82.59834986240585,7,5
17-07-2022,2024.33,960.15,0.58,48.01,2055.48,2252.94,2094.5714285714284,68.62246265578553,7,6
18-07-2022,1886.82,953.92,0.55,46.3,2024.33,2201.13,2049.6699999999996,87.50925017767429,7,0
19-07-2022,1884.17,959.59,0.5,46.2,1886.82,2168.28,2009.0828571428572,89.19820433806277,7,1
20-07-2022,1830.31,964.24,0.57,45.87,1884.17,2101.85,1970.2914285714285,100.464326243751,7,2
21-07-2022,1824.37,961.06,0.54,45.67,1830.31,2086.23,1932.8828571428571,98.83824120147612,7,3
22-07-2022,1808.49,967.13,0.53,45.55,1824.37,2024.7,1901.9957142857143,99.14557778957983,7,4
23-07-2022,1730.38,961.88,0.54,44.63,1808.49,2055.48,1855.552857142857,91.08149111537907,7,5
24-07-2022,1713.67,961.54,0.6,44.61,1730.38,2024.33,1811.172857142857,67.86378334920173,7,6
25-07-2022,1677.9,954.92,0.61,44.15,1713.67,1886.82,1781.327142857143,74.65113991405143,7,0
26-07-2022,1681.6,940.14,0.55,43.8,1677.9,1884.17,1752.3885714285716,67.01183911028986,7,1
27-07-2022,1644.38,947.5,0.52,43.4,1681.6,1830.31,1725.827142857143,67.82213938285267,7,2
28-07-2022,1588.82,955.29,0.5,42.83,1644.38,1824.37,1692.1771428571428,69.20146980953751,7,3
29-07-2022,1582.62,945.14,0.54,42.73,1588.82,1808.49,1659.91,57.617948303088475,7,4
30-07-2022,1530.75,947.59,0.58,42.31,1582.62,1730.38,1631.3914285714288,65.754708431739,7,5
31-07-2022,1507.43,939.65,0.51,41.72,1530.75,1713.67,1601.9285714285713,68.87469647320601,7,6
01-08-2022,1528.97,932.56,0.44,41.66,1507.43,1677.9,1580.652857142857,64.34936666717607,8,0
02-08-2022,1489.36,937.64,0.53,41.55,1528.97,1681.6,1553.1900000000003,54.32870082492076,8,1
03-08-2022,1391.54,939.13,0.54,40.51,1489.36,1644.38,1517.07,66.32266078290026,8,2
04-08-2022,1416.97,930.16,0.46,40.43,1391.54,1588.82,1492.52,67.13816847857063,8,3
05-08-2022,1388.01,931.56,0.51,40.27,1416.97,1582.62,1464.7185714285713,63.82149074522304,8,4
06-08-2022,1312.92,924.57,0.51,39.33,1388.01,1530.75,1433.6,77.828009525214,8,5
07-08-2022,1333.31,938.16,0.49,39.69,1312.92,1507.43,1408.7257142857145,78.12308554600341,8,6
08-08-2022,1323.67,925.9,0.47,39.35,1333.31,1528.97,1379.3971428571426,62.41518183743048,8,0
09-08-2022,1237.35,937.11,0.52,38.69,1323.67,1489.36,1343.3957142857143,61.08296321584277,8,1
10-08-2022,1218.07,935.92,0.47,38.31,1237.35,1391.54,1318.6142857142856,72.42996430042804,8,2
11-08-2022,1237.27,922.28,0.44,38.24,1218.07,1416.97,1292.9428571428573,62.990063955616414,8,3
12-08-2022,1198.2,913.71,0.42,37.62,1237.27,1388.01,1265.8271428571427,55.67480361108233,8,4
13-08-2022,1182.25,904.08,0.51,37.58,1198.2,1312.92,1247.1599999999999,59.056849165215574,8,5
14-08-2022,1156.85,906.89,0.49,37.27,1182.25,1333.31,1221.9514285714286,53.559993909714905,8,6
15-08-2022,1137.88,905.92,0.47,36.99,1156.85,1323.67,1195.4099999999999,38.734659328861234,8,0
16-08-2022,1084.52,924.37,0.46,36.62,1137.88,1237.35,1173.5771428571427,51.96658532620521,8,1
17-08-2022,1113.77,913.43,0.45,36.76,1084.52,1218.07,1158.6771428571428,52.035830512565205,8,2
18-08-2022,1098.98,913.74,0.43,36.54,1113.77,1237.27,1138.9214285714286,42.62483604201393,8,3
19-08-2022,1056.17,893.07,0.45,35.83,1098.98,1198.2,1118.6314285714286,43.49965725085507,8,4
20-08-2022,1045.05,898.85,0.4,35.64,1056.17,1182.25,1099.0314285714285,40.88827273936261,8,5
21-08-2022,1003.86,912.32,0.44,35.49,1045.05,1156.85,1077.1757142857143,45.46429546241949,8,6
22-08-2022,1029.35,906.31,0.45,35.72,1003.86,1137.88,1061.6714285714286,39.41577832469838,8,0
23-08-2022,1019.08,901.54,0.47,35.6,1029.35,1084.52,1052.3228571428572,40.82855116784764,8,1
24-08-2022,997.57,905.05,0.45,35.34,1019.08,1113.77,1035.722857142857,34.86886754396893,8,2
25-08-2022,1009.96,911.13,0.48,35.66,997.57,1098.98,1023.0057142857144,21.69948605906122,8,3
26-08-2022,976.52,896.18,0.49,35.1,1009.96,1056.17,1011.6271428571429,22.28585030459449,8,4
27-08-2022,986.15,896.68,0.48,35.19,976.52,1045.05,1003.2128571428572,18.331897259479405,8,5
28-08-2022,953.53,895.99,0.46,34.75,986.15,1003.86,996.0228571428571,26.2121013490352,8,6
29-08-2022,967.44,910.15,0.45,35.08,953.53,1029.35,987.1785714285714,23.38509883682908,8,0
30-08-2022,962.69,876.55,0.42,34.46,967.44,1019.08,979.1228571428572,20.03706707909262,8,1
31-08-2022,968.91,894.86,0.47,34.94,962.69,997.57,975.0285714285716,18.509310655493707,8,2
01-09-2022,961.04,887.67,0.5,34.84,968.91,1009.96,968.04,10.717291323954525,9,3
02-09-2022,972.41,890.98,0.46,34.89,961.04,976.52,967.4528571428572,10.278905119971045,9,4
03-09-2022,1001.09,880.77,0.51,35.22,972.41,986.15,969.5871428571429,15.187293717623678,9,5
04-09-2022,994.44,883.53,0.41,34.88,1001.09,953.53,975.4314285714285,15.835962688605571,9,6
05-09-2022,992.55,887.34,0.42,34.95,994.44,967.44,979.0185714285715,16.55181604159843,9,0
06-09-2022,1078.43,902.69,0.48,36.31,992.55,962.69,995.5528571428571,39.467512679824324,9,1
07-09-2022,1098.89,884.86,0.47,36.25,1078.43,968.91,1014.1214285714286,53.074299627424736,9,2
08-09-2022,1076.34,871.64,0.5,35.9,1098.89,961.04,1030.5928571428572,51.72949600694139,9,3
09-09-2022,1148.54,873.02,0.46,36.61,1076.34,972.41,1055.7542857142857,60.75942419543477,9,4
10-09-2022,1158.81,871.21,0.44,36.64,1148.54,1001.09,1078.2857142857142,66.11717498926306,9,5
11-09-2022,1212.22,860.23,0.46,37.14,1158.81,994.44,1109.3971428571429,71.13570029972527,9,6
12-09-2022,1252.08,868.83,0.42,37.59,1212.22,992.55,1146.472857142857,67.63210522475559,9,0
13-09-2022,1280.62,874.59,0.44,38.05,1252.08,1078.43,1175.357142857143,76.34365477103613,9,1
14-09-2022,1309.18,858.99,0.5,38.33,1280.62,1098.89,1205.3985714285716,82.3752014521083,9,2
15-09-2022,1353.75,873.44,0.5,39.04,1309.18,1076.34,1245.0285714285715,76.45512418586166,9,3
16-09-2022,1391.06,867.86,0.49,39.34,1353.75,1148.54,1279.6742857142856,80.29650383772213,9,4
17-09-2022,1436.58,857.73,0.43,39.53,1391.06,1158.81,1319.3557142857142,79.24023427881451,9,5
18-09-2022,1500.77,860.12,0.48,40.43,1436.58,1212.22,1360.577142857143,88.70618819338145,9,6
19-09-2022,1526.69,870.37,0.45,40.78,1500.77,1252.08,1399.8071428571427,93.32883436430407,9,0
20-09-2022,1609.74,862.68,0.53,41.84,1526.69,1280.62,1446.8242857142857,105.39890525314634,9,1
21-09-2022,1676.81,855.97,0.48,42.35,1609.74,1309.18,1499.3428571428572,116.39992292580462,9,2
22-09-2022,1657.47,852.53,0.47,42.05,1676.81,1353.75,1542.7314285714285,109.48560688180072,9,3
23-09-2022,1722.91,852.9,0.5,42.88,1657.47,1391.06,1590.1385714285714,104.60291876556941,9,4
24-09-2022,1770.28,847.11,0.48,43.27,1722.91,1436.58,1637.81,98.83771834000096,9,5
25-09-2022,1806.83,834.51,0.55,43.71,1770.28,1500.77,1681.532857142857,95.75955003967128,9,6
26-09-2022,1829.04,860.82,0.49,44.15,1806.83,1526.69,1724.7257142857143,81.38594777496277,9,0
27-09-2022,1883.88,846.21,0.47,44.5,1829.04,1609.74,1763.8885714285716,82.7791252728811,9,1
28-09-2022,1905.17,846.0,0.45,44.67,1883.88,1676.81,1796.5114285714285,87.5997624479851,9,2
29-09-2022,1872.82,841.07,0.51,44.42,1905.17,1657.47,1827.2757142857142,65.71111089632565,9,3
30-09-2022,1969.22,834.65,0.5,45.38,1872.82,1722.91,1862.462857142857,66.45391052301375,9,4
01-10-2022,1989.96,836.46,0.47,45.55,1969.22,1770.28,1893.8457142857144,67.52825281734081,10,5
02-10-2022,1947.45,825.11,0.55,45.15,1989.96,1806.83,1913.9342857142858,57.49959358026868,10,6
03-10-2022,1987.64,849.07,0.54,45.91,1947.45,1829.04,1936.5914285714287,49.10751688160463,10,0
04-10-2022,2018.04,823.73,0.52,45.83,1987.64,1883.88,1955.7571428571428,51.24027085344373,10,1
05-10-2022,1988.48,823.15,0.56,45.61,2018.04,1905.17,1967.6585714285716,47.03475751268589,10,2
06-10-2022,2034.47,825.15,0.54,46.1,1988.48,1872.82,1990.7514285714285,28.896546753500058,10,3
07-10-2022,2080.59,834.71,0.5,46.63,2034.47,1969.22,2006.6614285714288,42.51574666258677,10,4
08-10-2022,1967.04,824.47,0.49,45.18,2080.59,1989.96,2003.3871428571426,44.83563601795333,10,5
09-10-2022,1945.13,814.46,0.54,44.94,1967.04,1947.45,2003.0557142857142,45.323958659443704,10,6
10-10-2022,2004.9,829.11,0.53,45.79,1945.13,1987.64,2005.5214285714285,44.812138023946765,10,0
11-10-2022,2019.0,823.98,0.52,45.85,2004.9,2018.04,2005.6585714285716,44.858280331252736,10,1
12-10-2022,1983.81,821.07,0.49,45.32,2019.0,1988.48,2004.9914285714283,45.18984599380619,10,2
13-10-2022,2042.98,820.62,0.54,46.13,1983.81,2034.47,2006.207142857143,46.21784060801342,10,3
14-10-2022,1941.62,829.99,0.49,44.97,2042.98,2080.59,1986.3542857142857,38.070703459435144,10,4
15-10-2022,2012.87,827.08,0.51,45.79,1941.62,1967.04,1992.9014285714286,38.13628343555803,10,5
16-10-2022,1964.77,806.92,0.56,45.12,2012.87,1945.13,1995.707142857143,34.59388275116048,10,6
17-10-2022,2046.06,820.44,0.49,46.01,1964.77,2004.9,2001.587142857143,39.55860871922893,10,0
18-10-2022,2053.81,810.96,0.47,45.9,2046.06,2019.0,2006.56,44.04583824447221,10,1
19-10-2022,1953.28,810.3,0.48,44.8,2053.81,1983.81,2002.1985714285715,48.00738951047618,10,2
20-10-2022,1958.82,794.79,0.54,44.82,1953.28,2042.98,1990.1757142857143,46.610064312652405,10,3
21-10-2022,2006.59,803.24,0.52,45.41,1958.82,1941.62,1999.457142857143,41.520568282090146,10,4
22-10-2022,1959.74,797.78,0.51,44.78,2006.59,2012.87,1991.8671428571429,43.47036450810699,10,5
23-10-2022,1969.22,806.99,0.49,44.96,1959.74,1964.77,1992.502857142857,43.0384412334023,10,6
24-10-2022,1968.93,807.23,0.52,45.05,1969.22,2046.06,1981.4842857142855,36.403512127672016,10,0
25-10-2022,1897.19,785.82,0.48,43.82,1968.93,2053.81,1959.1100000000001,32.45907988002845,10,1
26-10-2022,1961.53,797.65,0.51,44.8,1897.19,1953.28,1960.2885714285712,32.361745641169996,10,2
27-10-2022,1934.49,803.67,0.48,44.49,1961.53,1958.82,1956.812857142857,33.81947403199696,10,3
28-10-2022,1938.1,794.06,0.48,44.4,1934.49,2006.59,1947.0285714285712,26.028261197086234,10,4
29-10-2022,2002.69,798.61,0.48,45.18,1938.1,1959.74,1953.1642857142856,33.51096231428573,10,5
30-10-2022,1904.29,794.94,0.49,44.06,2002.69,1969.22,1943.8885714285716,37.11815657613406,10,6
31-10-2022,1973.07,793.61,0.5,44.84,1904.29,1968.93,1944.48,37.61333850277972,10,0
01-11-2022,1930.98,788.46,0.5,44.3,1973.07,1897.19,1949.3071428571427,32.330007069814116,11,1
02-11-2022,1926.96,781.22,0.38,43.79,1930.98,1961.53,1944.3685714285714,32.78883520769035,11,2
03-11-2022,1960.07,780.55,0.47,44.42,1926.96,1934.49,1948.0228571428572,32.929516503195536,11,3
04-11-2022,1940.11,790.78,0.48,44.37,1960.07,1938.1,1948.31,32.83720298672484,11,4
05-11-2022,1943.68,785.14,0.54,44.51,1940.11,2002.69,1939.8799999999999,22.496257466328533,11,5
06-11-2022,1952.85,782.82,0.46,44.34,1943.68,1904.29,1946.8171428571427,16.336027377167103,11,6
07-11-2022,1903.34,779.7,0.49,43.83,1952.85,1973.07,1936.8557142857142,18.742259608420493,11,0
08-11-2022,1888.95,779.08,0.53,43.78,1903.34,1930.98,1930.8514285714284,26.190669730720842,11,1
09-11-2022,1867.91,786.14,0.45,43.41,1888.95,1926.96,1922.4157142857143,35.50600505871342,11,2
10-11-2022,1871.88,776.11,0.49,43.43,1867.91,1960.07,1909.817142857143,35.56450370525045,11,3
11-11-2022,1995.59,768.43,0.46,44.62,1871.88,1940.11,1917.7428571428572,47.589583494018186,11,4
12-11-2022,1932.1,779.92,0.46,44.07,1995.59,1943.68,1916.0885714285712,46.73122846958958,11,5
13-11-2022,1838.58,772.54,0.45,42.89,1932.1,1952.85,1899.7642857142855,51.46786403730626,11,6
14-11-2022,1834.21,772.48,0.45,42.84,1838.58,1903.34,1889.8885714285714,57.00221733357013,11,0
15-11-2022,1889.6,780.63,0.56,43.9,1834.21,1888.95,1889.9814285714288,57.00096298259849,11,1
16-11-2022,1886.05,768.99,0.5,43.52,1889.6,1867.91,1892.5728571428572,56.2375294958866,11,2
17-11-2022,1880.25,769.25,0.5,43.46,1886.05,1871.88,1893.7685714285712,55.8116007738855,11,3
18-11-2022,1847.42,758.57,0.48,42.88,1880.25,1995.59,1872.6014285714284,34.96155003633983,11,4
19-11-2022,1845.73,762.72,0.42,42.74,1847.42,1932.1,1860.2628571428572,23.97975237154436,11,5
20-11-2022,1854.66,766.0,0.48,43.06,1845.73,1838.58,1862.5599999999997,22.265364732196474,11,6
21-11-2022,1840.38,751.0,0.5,42.75,1854.66,1834.21,1863.4414285714286,21.044675833651038,11,0
22-11-2022,1758.04,759.8,0.44,41.77,1840.38,1889.6,1844.6471428571426,42.051326461050735,11,1
23-11-2022,1817.2,757.26,0.49,42.55,1758.04,1886.05,1834.8114285714287,38.66920498635429,11,2
24-11-2022,1790.34,754.91,0.48,42.19,1817.2,1880.25,1821.967142857143,35.89349742131278,11,3
25-11-2022,1817.26,758.85,0.51,42.63,1790.34,1847.42,1817.6585714285716,34.09404074433873,11,4
26-11-2022,1901.78,752.5,0.44,43.28,1817.26,1845.73,1825.6657142857143,46.21332955503609,11,5
27-11-2022,1809.84,757.17,0.42,42.26,1901.78,1854.66,1819.2628571428572,44.60351171302296,11,6
28-11-2022,1780.89,740.15,0.44,41.75,1809.84,1840.38,1810.7642857142857,45.56643862057151,11,0
29-11-2022,1813.56,744.58,0.49,42.33,1780.89,1758.04,1818.6957142857143,39.2543304858926,11,1
30-11-2022,1792.26,741.89,0.39,41.75,1813.56,1817.2,1815.1328571428571,40.52399894466353,11,2
01-12-2022,1782.97,732.62,0.39,41.52,1792.26,1790.34,1814.08,41.36256560374644,12,3
02-12-2022,1781.51,742.05,0.45,41.82,1782.97,1817.26,1808.972857142857,43.07606284779361,12,4
03-12-2022,1819.8,747.46,0.43,42.26,1781.51,1901.78,1797.2614285714283,16.719457156554935,12,5
04-12-2022,1711.77,731.02,0.44,40.85,1819.8,1809.84,1783.2514285714285,35.246382049932784,12,6
05-12-2022,1754.57,731.3,0.47,41.42,1711.77,1780.89,1779.4914285714283,36.905124950470096,12,0
06-12-2022,1703.17,726.0,0.42,40.62,1754.57,1813.56,1763.7214285714285,43.00265899852105,12,1
07-12-2022,1741.52,718.44,0.38,40.82,1703.17,1792.26,1756.472857142857,41.64539378851157,12,2
08-12-2022,1688.04,709.06,0.5,40.45,1741.52,1782.97,1742.9114285714288,46.725446111046736,12,3
09-12-2022,1695.65,712.38,0.41,40.31,1688.04,1781.51,1730.6457142857143,46.17044973315719,12,4
10-12-2022,1691.43,705.27,0.4,40.14,1695.65,1819.8,1712.3071428571432,25.902141941031605,12,5
11-12-2022,1722.08,719.58,0.47,40.89,1691.43,1711.77,1713.7800000000002,26.15836641160587,12,6
12-12-2022,1712.02,705.84,0.42,40.43,1722.08,1754.57,1707.7014285714286,19.088351970320943,12,0
13-12-2022,1638.33,701.04,0.43,39.57,1712.02,1703.17,1698.4385714285713,32.60227161220754,12,1
14-12-2022,1669.21,704.35,0.44,39.99,1638.33,1741.52,1688.1085714285714,27.77524763062933,12,2
15-12-2022,1637.95,689.42,0.46,39.49,1669.21,1688.04,1680.952857142857,33.63092362394905,12,3
16-12-2022,1613.26,687.59,0.42,39.07,1637.95,1695.65,1669.182857142857,41.19632010831202,12,4
17-12-2022,1635.67,688.28,0.47,39.48,1613.26,1691.43,1661.217142857143,41.56687130957154,12,5
18-12-2022,1624.37,689.48,0.36,39.04,1635.67,1722.08,1647.2585714285713,33.30755991677098,12,6
19-12-2022,1695.7,682.42,0.45,40.01,1624.37,1712.02,1644.927142857143,28.198232045048908,12,0
20-12-2022,1628.53,676.76,0.4,39.03,1695.7,1638.33,1643.5271428571427,28.816851964312217,12,1
21-12-2022,1567.24,671.44,0.46,38.45,1628.53,1669.21,1628.9599999999998,37.98502599696589,12,2
22-12-2022,1581.92,668.64,0.43,38.48,1567.24,1637.95,1620.955714285714,41.51432397652934,12,3
23-12-2022,1618.39,662.93,0.4,38.72,1581.92,1613.26,1621.6885714285715,41.40095386512884,12,4
24-12-2022,1639.52,651.68,0.44,38.91,1618.39,1635.67,1622.2385714285717,41.64251810680836,12,5
25-12-2022,1526.15,652.44,0.45,37.69,1639.52,1624.37,1608.207142857143,55.158709712364995,12,6
26-12-2022,1508.97,641.62,0.44,37.31,1526.15,1695.7,1581.5314285714285,50.77196386073427,12,0
27-12-2022,1604.86,642.43,0.39,38.25,1508.97,1628.53,1578.15,47.8227142683263,12,1
28-12-2022,1554.09,634.27,0.41,37.62,1604.86,1567.24,1576.2714285714287,48.57506954130231,12,2
29-12-2022,1509.93,644.11,0.42,37.3,1554.09,1581.92,1565.9871428571428,54.4459018090385,12,3
30-12-2022,1539.15,625.52,0.42,37.36,1509.93,1618.39,1554.6671428571428,49.77166754757258,12,4
31-12-2022,1443.12,613.03,0.44,36.17,1539.15,1639.52,1526.6100000000001,49.32147639034279,12,5
01-01-2023,1500.0,600.0,0.5,30.72,1443.12,1526.15,1522.8742857142856,50.34189734764894,1,6
02-01-2023,1517.54,600.79,0.16,31.01,1500.0,1508.97,1524.0985714285714,50.05076270756368,1,0
03-01-2023,1514.98,580.79,0.32,27.64,1517.54,1604.86,1511.2585714285713,35.206897727701154,1,1
04-01-2023,1535.97,590.34,0.23,31.39,1514.98,1554.09,1508.6699999999998,32.05820851705672,1,2
05-01-2023,1582.0,593.99,0.34,31.72,1535.97,1509.93,1518.965714285714,42.42652780860754,1,3
06-01-2023,1572.84,604.09,0.3,29.94,1582.0,1539.15,1523.7785714285712,46.78487947626719,1,4
07-01-2023,1563.97,575.05,0.24,29.31,1572.84,1443.12,1541.0428571428572,32.03151193953706,1,5
08-01-2023,1609.78,596.43,0.35,33.53,1563.97,1500.0,1556.7257142857143,35.29570599796323,1,6
09-01-2023,1628.77,595.11,0.48,31.84,1609.78,1517.54,1572.6157142857141,39.50134042318108,1,0
10-01-2023,1609.53,606.29,0.28,30.46,1628.77,1514.98,1586.1228571428571,31.95263145865831,1,1
11-01-2023,1621.45,595.76,0.37,33.28,1609.53,1535.97,1598.3342857142857,25.21470791478882,1,2
12-01-2023,1602.42,601.98,0.17,31.25,1621.45,1582.0,1601.2514285714285,24.16955759371158,1,3
13-01-2023,1584.1,591.4,0.2,29.76,1602.42,1572.84,1602.8600000000001,22.263029143777757,1,4
14-01-2023,1587.76,585.34,0.35,31.62,1584.1,1563.97,1606.2585714285713,16.373661195420603,1,5
15-01-2023,1526.4,604.77,0.45,30.16,1587.76,1609.78,1594.347142857143,34.10864197139586,1,6
16-01-2023,1473.59,602.77,0.34,30.91,1526.4,1628.77,1572.1785714285713,53.13133458022369,1,0
17-01-2023,1458.13,604.89,0.27,30.33,1473.59,1609.53,1550.5499999999997,64.90379290398398,1,1
18-01-2023,1429.75,613.49,0.3,29.61,1458.13,1621.45,1523.1642857142858,70.22701589769144,1,2
19-01-2023,1442.43,618.18,0.17,29.05,1429.75,1602.42,1500.3085714285714,66.04401750051879,1,3
20-01-2023,1417.64,619.32,0.36,31.02,1442.43,1584.1,1476.5285714285715,60.58815049943434,1,4
21-01-2023,1378.79,622.58,0.39,28.85,1417.64,1587.76,1446.6757142857143,46.48940734433751,1,5
22-01-2023,1428.04,646.16,0.25,27.97,1378.79,1526.4,1432.6242857142859,30.48720926160733,1,6
23-01-2023,1423.92,644.66,0.25,29.52,1428.04,1473.59,1425.5285714285715,24.56946033070261,1,0
24-01-2023,1428.64,645.78,0.33,31.61,1423.92,1458.13,1421.3157142857142,20.184734212460455,1,1
25-01-2023,1388.17,655.37,0.26,27.64,1428.64,1429.75,1415.3757142857141,23.184251017180888,1,2
26-01-2023,1375.98,665.32,0.29,28.4,1388.17,1442.43,1405.8828571428571,23.85492451882951,1,3
27-01-2023,1383.88,675.88,0.51,30.48,1375.98,1417.64,1401.06,24.486119196860265,1,4
28-01-2023,1353.36,680.75,0.28,28.43,1383.88,1378.79,1397.427142857143,29.677077974968523,1,5
29-01-2023,1369.99,667.71,0.26,27.57,1353.36,1428.04,1389.1342857142859,27.74473875459828,1,6
30-01-2023,1356.34,682.69,0.24,29.47,1369.99,1423.92,1379.48,25.270555329397045,1,0
31-01-2023,1352.47,669.57,0.37,31.17,1356.34,1428.64,1368.5985714285714,14.807666289520265,1,1
01-02-2023,1339.32,671.21,0.28,28.41,1352.47,1388.17,1361.6200000000001,15.539694333846807,2,2
02-02-2023,1400.29,662.24,0.24,27.9,1339.32,1375.98,1365.0928571428572,21.03024307512699,2,3
03-02-2023,1402.07,660.35,0.43,28.25,1400.29,1383.88,1367.6914285714286,24.565256921279268,2,4
04-02-2023,1372.26,662.43,0.44,29.68,1402.07,1353.36,1370.3914285714284,23.75276505185172,2,5
05-02-2023,1400.2,664.4,0.24,29.95,1372.26,1369.99,1374.7071428571428,26.277922110882898,2,6
06-02-2023,1365.27,667.33,0.11,28.19,1400.2,1356.34,1375.9828571428573,25.44107814406259,2,0
07-02-2023,1374.81,682.12,0.4,29.44,1365.27,1352.47,1379.1742857142856,23.31206901787607,2,1
08-02-2023,1318.67,685.01,0.23,27.2,1374.81,1339.32,1376.2242857142858,29.64288102104009,2,2
09-02-2023,1284.11,680.87,0.38,26.87,1318.67,1400.29,1359.6271428571429,43.30094175802928,2,3
10-02-2023,1296.87,688.89,0.1,27.69,1284.11,1402.07,1344.5985714285714,44.35817565689983,2,4
11-02-2023,1325.09,699.01,0.39,29.73,1296.87,1372.26,1337.8600000000001,43.018325164856286,2,5
12-02-2023,1334.73,684.76,0.18,26.22,1325.09,1400.2,1328.5071428571428,33.20303084256205,2,6
13-02-2023,1335.12,689.03,0.37,30.37,1334.73,1365.27,1324.2,29.374051473864693,2,0
14-02-2023,1329.77,694.27,0.3,28.97,1335.12,1374.81,1317.7657142857145,19.81944319502079,2,1
15-02-2023,1289.21,689.4,0.2,28.65,1329.77,1318.67,1313.5571428571427,22.536964239490352,2,2
16-02-2023,1273.29,701.37,0.26,26.07,1289.21,1284.11,1312.0114285714285,25.11663620541007,2,3
17-02-2023,1265.8,697.85,0.37,26.44,1273.29,1296.87,1307.5728571428572,30.423125367589048,2,4
18-02-2023,1304.06,697.14,0.31,27.94,1265.8,1325.09,1304.5685714285714,29.427054121588277,2,5
19-02-2023,1318.86,693.47,0.36,29.01,1304.06,1334.73,1302.3014285714285,27.246598214729055,2,6
20-02-2023,1269.57,691.76,0.5,30.25,1318.86,1335.12,1292.9371428571428,25.28082785693507,2,0
21-02-2023,1285.22,678.96,0.14,27.49,1269.57,1329.77,1286.5728571428572,19.38249873292811,2,1
22-02-2023,1278.67,662.98,0.46,27.88,1285.22,1289.21,1285.0671428571427,19.55214371363457,2,2
23-02-2023,1263.55,677.66,0.31,26.26,1278.67,1273.29,1283.6757142857143,20.83447372090751,2,3
24-02-2023,1287.71,667.64,0.21,28.27,1263.55,1265.8,1286.8057142857142,19.289927299686703,2,4
25-02-2023,1323.1,656.38,0.17,26.28,1287.71,1304.06,1289.5257142857142,23.09539554169203,2,5
26-02-2023,1353.59,633.71,0.28,29.67,1323.1,1318.86,1294.4871428571428,32.33111438122709,2,6
27-02-2023,1329.32,626.65,0.39,27.88,1353.59,1269.57,1303.0228571428572,32.542947886324335,2,0
28-02-2023,1322.02,612.89,0.29,28.99,1329.32,1285.22,1308.28,32.157807760933984,2,1
01-03-2023,1334.18,629.05,0.45,29.24,1322.02,1278.67,1316.2099999999998,30.437398048933503,3,2
02-03-2023,1364.93,638.57,0.15,27.5,1334.18,1263.55,1330.6928571428573,24.802224170400596,3,3
03-03-2023,1350.38,630.91,0.3,27.54,1364.93,1287.71,1339.6457142857143,16.682745434352533,3,4
04-03-2023,1345.23,652.82,0.17,27.24,1350.38,1323.1,1342.8071428571427,15.040750994066622,3,5
05-03-2023,1312.6,661.58,0.34,28.41,1345.23,1353.59,1336.9514285714286,17.858335521776738,3,6
06-03-2023,1278.79,657.1,0.39,27.77,1312.6,1329.32,1329.7328571428573,28.499355380993055,3,0
07-03-2023,1306.81,630.96,0.26,26.61,1278.79,1322.02,1327.56,29.738301901575916,3,1
08-03-2023,1349.63,653.25,0.04,26.81,1306.81,1334.18,1329.767142857143,30.863570064594565,3,2
09-03-2023,1347.35,638.29,0.32,28.27,1349.63,1364.93,1327.2557142857145,28.11861533860978,3,3
10-03-2023,1377.34,621.07,0.34,26.46,1347.35,1350.38,1331.107142857143,33.20092303634753,3,4
11-03-2023,1386.47,630.88,0.34,29.27,1377.34,1345.23,1336.9985714285715,39.23526493188258,3,5
12-03-2023,1364.83,654.66,0.42,28.16,1386.47,1312.6,1344.4599999999998,38.78578734522895,3,6
13-03-2023,1374.37,667.41,0.19,27.1,1364.83,1278.79,1358.1142857142856,26.779987463790803,3,0
14-03-2023,1418.62,671.7,0.37,28.15,1374.37,1306.81,1374.087142857143,24.310124580764082,3,1
15-03-2023,1413.35,676.21,0.42,28.26,1418.62,1349.63,1383.1899999999998,25.52540890934836,3,2
16-03-2023,1456.27,683.22,0.12,27.93,1413.35,1347.35,1398.75,32.32817295573868,3,3
17-03-2023,1371.41,689.15,0.33,28.41,1456.27,1377.34,1397.902857142857,33.052303355928764,3,4
18-03-2023,1393.95,690.18,0.25,31.01,1371.41,1386.47,1398.9714285714285,32.740521492617276,3,5
19-03-2023,1393.23,689.41,0.29,28.73,1393.95,1364.83,1403.0285714285712,29.3931808578432,3,6
20-03-2023,1380.88,687.0,0.33,29.43,1393.23,1374.37,1403.9585714285715,28.422249751592165,3,0
21-03-2023,1380.79,677.72,0.25,29.15,1380.88,1418.62,1398.5542857142857,28.764349379528465,3,1
22-03-2023,1318.25,673.36,0.23,27.8,1380.79,1413.35,1384.9685714285713,40.62468561037518,3,2
23-03-2023,1311.78,654.96,0.3,27.67,1318.25,1456.27,1364.327142857143,34.62268943624837,3,3
24-03-2023,1322.88,652.88,0.19,26.13,1311.78,1371.41,1357.3942857142858,37.69091617212457,3,4
25-03-2023,1366.96,641.94,0.19,29.33,1322.88,1393.95,1353.5385714285715,34.580215648186204,3,5
26-03-2023,1348.89,630.06,0.37,30.18,1366.96,1393.23,1347.2042857142858,29.83310625061957,3,6
27-03-2023,1322.95,631.26,0.19,25.4,1348.89,1380.88,1338.9285714285713,26.816940807538344,3,0
28-03-2023,1307.44,644.55,0.37,26.87,1322.95,1380.79,1328.4500000000003,21.546220085882133,3,1
29-03-2023,1335.16,652.85,0.35,28.01,1307.44,1318.25,1330.8657142857144,21.156448864606432,3,2
30-03-2023,1343.84,636.08,0.13,26.19,1335.16,1311.78,1335.4457142857143,19.76024954027789,3,3
31-03-2023,1326.27,625.47,0.23,27.82,1343.84,1322.88,1335.93,19.439905692225604,3,4
01-04-2023,1340.82,634.36,0.42,27.82,1326.27,1366.96,1332.195714285714,14.323038384389989,4,5
02-04-2023,1342.1,623.85,0.2,29.54,1340.82,1348.89,1331.2257142857143,13.189048306355229,4,6
03-04-2023,1369.42,621.13,0.25,29.21,1342.1,1322.95,1337.8642857142856,18.821652298015554,4,0
04-04-2023,1345.21,626.21,0.35,28.38,1369.42,1307.44,1343.26,13.229095458722194,4,1
05-04-2023,1333.4,616.0,0.38,29.08,1345.21,1335.16,1343.0085714285717,13.423989010040838,4,2
06-04-2023,1320.2,616.73,0.27,28.45,1333.4,1343.84,1339.6314285714286,15.921290178301664,4,3
07-04-2023,1275.49,603.06,0.24,25.8,1320.2,1326.27,1332.3771428571429,29.120861201759375,4,4
08-04-2023,1285.77,596.98,0.44,26.65,1275.49,1340.82,1324.5128571428572,33.55632663346968,4,5
09-04-2023,1294.46,600.24,0.47,27.87,1285.77,1342.1,1317.707142857143,34.219401764672675,4,6
10-04-2023,1295.0,584.31,0.4,28.12,1294.46,1369.42,1307.0757142857142,26.06405114125494,4,0
11-04-2023,1288.3,589.03,0.31,26.9,1295.0,1345.21,1298.9457142857143,20.459854884478723,4,1
12-04-2023,1246.49,589.05,0.22,24.11,1288.3,1333.4,1286.53,22.349826248149203,4,2
13-04-2023,1236.6,594.79,0.22,24.78,1246.49,1320.2,1274.587142857143,23.65728056642631,4,3
14-04-2023,1229.52,597.14,0.35,26.1,1236.6,1275.49,1268.02,29.11569507995761,4,4
15-04-2023,1209.0,610.83,0.34,25.88,1229.52,1285.77,1257.052857142857,35.148951010405575,4,5
16-04-2023,1208.72,611.87,0.44,28.42,1209.0,1294.46,1244.8042857142857,34.87900698931126,4,6
17-04-2023,1225.41,607.34,0.37,24.89,1208.72,1295.0,1234.8628571428574,27.27628806243901,4,0
18-04-2023,1285.73,608.41,0.15,26.62,1225.41,1288.3,1234.4957142857143,26.441664632930948,4,1
19-04-2023,1291.68,613.68,0.41,29.03,1285.73,1246.49,1240.9514285714286,34.228194240148945,4,2
20-04-2023,1299.82,613.89,0.2,28.91,1291.68,1236.6,1249.982857142857,40.63049458799635,4,3
21-04-2023,1297.6,614.02,0.26,26.51,1299.82,1229.52,1259.7085714285713,42.995270448520486,4,4
22-04-2023,1240.18,606.72,0.33,26.79,1297.6,1209.0,1264.162857142857,38.215792858431904,4,5
23-04-2023,1242.4,599.96,0.5,27.7,1240.18,1208.72,1268.9742857142858,31.623681978761198,4,6
24-04-2023,1247.13,585.93,0.61,27.82,1242.4,1225.41,1272.077142857143,27.423455115380047,4,0
25-04-2023,1323.73,603.71,0.36,27.6,1247.13,1285.73,1277.5057142857145,33.634324658407905,4,1
26-04-2023,1316.85,591.2,0.28,27.51,1323.73,1291.68,1281.1014285714286,36.61549099686475,4,2
27-04-2023,1325.15,584.44,0.35,24.96,1316.85,1299.82,1284.72,39.87981611445129,4,3
28-04-2023,1322.98,577.57,0.39,28.25,1325.15,1297.6,1288.3457142857144,42.32475826149381,4,4
29-04-2023,1286.92,586.97,0.27,26.64,1322.98,1240.18,1295.0228571428572,36.7838686174434,4,5
30-04-2023,1322.05,584.28,0.48,27.85,1286.92,1242.4,1306.4014285714288,29.36357177879135,4,6
01-05-2023,1343.73,597.07,0.32,29.79,1322.05,1247.13,1320.2014285714286,16.933970225799925,5,0
02-05-2023,1365.53,590.4,0.35,27.46,1343.73,1323.73,1326.172857142857,24.197723525132982,5,1
03-05-2023,1335.27,593.38,0.37,27.39,1365.53,1316.85,1328.804285714286,24.015794703222998,5,2
04-05-2023,1375.93,585.16,0.34,30.19,1335.27,1325.15,1336.0585714285714,29.71996210644174,5,3
05-05-2023,1330.47,606.91,0.38,27.11,1375.93,1322.98,1337.1285714285714,29.302518906657216,5,4
06-05-2023,1346.99,594.89,0.24,26.8,1330.47,1286.92,1345.7100000000003,19.203673259457197,5,5
07-05-2023,1410.84,598.09,0.24,28.22,1346.99,1322.05,1358.3942857142858,28.19151755216691,5,6
08-05-2023,1376.13,604.47,0.19,28.48,1410.84,1343.73,1363.0228571428572,28.041987990611197,5,0
09-05-2023,1355.94,608.52,0.34,28.35,1376.13,1365.53,1361.652857142857,28.133199079834082,5,1
10-05-2023,1356.79,606.49,0.38,27.01,1355.94,1335.27,1364.7271428571428,25.85309440793478,5,2
11-05-2023,1339.57,605.07,0.35,27.34,1356.79,1375.93,1359.532857142857,26.86015804989927,5,3
12-05-2023,1291.86,605.4,0.47,27.16,1339.57,1330.47,1354.0171428571427,36.172763102444215,5,4
13-05-2023,1295.19,603.82,0.3,26.89,1291.86,1346.99,1346.6171428571429,42.580795246200495,5,5
14-05-2023,1264.49,613.39,0.37,27.36,1295.19,1410.84,1325.7099999999998,41.711862021762734,5,6
15-05-2023,1281.47,635.22,0.19,26.95,1264.49,1376.13,1312.1871428571428,37.80256636524435,5,0
16-05-2023,1255.9,628.94,0.26,24.66,1281.47,1355.94,1297.8957142857143,37.41305380782499,5,1
17-05-2023,1305.76,614.67,0.37,28.64,1255.9,1356.79,1290.6057142857142,27.748035880529894,5,2
18-05-2023,1283.22,613.49,0.38,27.56,1305.76,1339.57,1282.5557142857144,17.43153737417152,5,3
19-05-2023,1275.72,639.02,0.27,28.26,1283.22,1291.86,1280.25,17.059181300862598,5,4
20-05-2023,1302.75,630.2,0.29,27.75,1275.72,1295.19,1281.3300000000002,18.352908942609172,5,5
21-05-2023,1267.19,645.99,0.15,27.31,1302.75,1264.49,1281.7157142857143,17.964261610963412,5,6
22-05-2023,1277.25,661.85,0.26,27.57,1267.19,1281.47,1281.1128571428574,18.04451136676266,5,0
23-05-2023,1319.29,655.07,0.39,29.63,1277.25,1255.9,1290.1685714285716,19.154593381435074,5,1
24-05-2023,1271.88,659.66,0.36,27.98,1319.29,1305.76,1285.3285714285714,18.83609427689562,5,2
25-05-2023,1280.71,674.75,0.35,27.61,1271.88,1283.22,1284.97,18.90668223994851,5,3
26-05-2023,1291.46,669.47,0.3,29.86,1280.71,1275.72,1287.2185714285715,18.55595540362821,5,4
27-05-2023,1317.43,666.04,0.3,28.81,1291.46,1302.75,1289.3157142857144,21.23935016018993,5,5
28-05-2023,1281.65,658.9,0.23,27.56,1317.43,1267.19,1291.3814285714286,19.347720303473785,5,6
29-05-2023,1245.26,647.58,0.37,25.73,1281.65,1277.25,1286.8114285714287,25.90785043717004,5,0
30-05-2023,1266.07,640.13,0.34,25.81,1245.26,1319.29,1279.2085714285715,22.353319983276553,5,1
31-05-2023,1279.21,627.09,0.35,27.5,1266.07,1271.88,1280.2557142857142,22.123298320107438,5,2
01-06-2023,1290.41,626.89,0.65,29.01,1279.21,1280.71,1281.6414285714288,22.457751763583968,6,3
02-06-2023,1304.04,618.65,0.48,27.56,1290.41,1291.46,1283.4385714285713,23.8355032309948,6,4
03-06-2023,1286.32,620.62,0.81,29.69,1304.04,1317.43,1278.9942857142858,18.812278664756803,6,5
04-06-2023,1296.98,604.65,0.65,30.35,1286.32,1281.65,1281.1842857142856,20.026113665923038,6,6
05-06-2023,1309.05,607.86,0.61,29.48,1296.98,1245.26,1290.297142857143,14.781215234160761,6,0
06-06-2023,1290.43,616.04,0.77,28.22,1309.05,1266.07,1293.777142857143,10.321469071725907,6,1
07-06-2023,1350.26,595.78,0.66,29.4,1290.43,1279.21,1303.9271428571428,21.97024632994856,6,2
08-06-2023,1365.48,599.61,0.81,29.7,1350.26,1290.41,1314.6514285714286,30.814280470935852,6,3
09-06-2023,1330.11,611.89,0.76,29.49,1365.48,1304.04,1318.3757142857141,30.8933438660696,6,4
10-06-2023,1352.08,599.56,0.77,29.7,1330.11,1286.32,1327.77,29.487381481844213,6,5
11-06-2023,1324.15,616.29,0.56,28.36,1352.08,1296.98,1331.6514285714286,26.383883608651427,6,6
12-06-2023,1350.61,620.16,0.82,29.31,1324.15,1309.05,1337.5885714285716,25.094856995173533,6,0
13-06-2023,1387.03,612.7,0.73,30.44,1350.61,1290.43,1351.3885714285714,21.079038109179404,6,1
14-06-2023,1362.39,611.89,0.66,29.31,1387.03,1350.26,1353.1214285714286,21.465838308226104,6,2
15-06-2023,1392.65,617.24,0.71,27.7,1362.39,1365.48,1357.0028571428572,26.041660670268122,6,3
16-06-2023,1405.02,617.65,0.52,31.92,1392.65,1330.11,1367.7042857142858,28.4305726620829,6,4
17-06-2023,1429.2,622.69,0.74,32.46,1405.02,1352.08,1378.7214285714285,35.44419859828886,6,5
18-06-2023,1484.55,613.03,0.6,31.01,1429.2,1324.15,1401.6357142857144,44.87750284824249,6,6
19-06-2023,1473.03,614.46,0.56,31.08,1484.55,1350.61,1419.1242857142856,45.5274846866596,6,0
20-06-2023,1446.97,600.03,0.55,29.27,1473.03,1387.03,1427.687142857143,44.09949762146344,6,1
21-06-2023,1418.31,598.92,0.81,33.02,1446.97,1362.39,1435.6757142857143,34.26875926983699,6,2
22-06-2023,1393.43,589.9,0.64,31.88,1418.31,1392.65,1435.787142857143,34.10642300895048,6,3
23-06-2023,1392.12,582.75,0.85,31.13,1393.43,1405.02,1433.9442857142856,36.32244019740465,6,4
24-06-2023,1403.58,595.45,0.65,31.26,1392.12,1429.2,1430.2842857142857,38.12617292482995,6,5
25-06-2023,1412.68,606.46,0.53,30.08,1403.58,1484.55,1420.0171428571427,29.857645427351788,6,6
26-06-2023,1438.01,612.42,0.59,29.3,1412.68,1473.03,1415.0142857142857,21.162284735523354,6,0
27-06-2023,1437.8,601.25,0.82,31.29,1438.01,1446.97,1413.7042857142858,19.030949229103054,6,1
28-06-2023,1480.98,598.06,0.68,31.75,1437.8,1418.31,1422.6571428571428,31.929076985283043,6,2
29-06-2023,1470.62,610.23,0.65,30.93,1480.98,1393.43,1433.6842857142856,33.44602709681241,6,3
30-06-2023,1550.48,611.44,0.72,32.73,1470.62,1392.12,1456.3071428571432,50.07147182244088,6,4
01-07-2023,1563.67,634.41,0.75,33.46,1550.48,1403.58,1479.177142857143,57.91989718970079,7,5
02-07-2023,1531.89,637.65,0.81,33.33,1563.67,1412.68,1496.207142857143,52.36875013274159,7,6
03-07-2023,1495.45,638.82,0.84,33.1,1531.89,1438.01,1504.412857142857,45.82074774377716,7,0
04-07-2023,1507.6,634.95,0.66,31.22,1495.45,1437.8,1514.3842857142859,35.29429833878891,7,1
05-07-2023,1498.13,635.59,0.57,30.95,1507.6,1480.98,1516.8342857142857,33.11712289074599,7,2
06-07-2023,1517.42,633.35,0.66,31.1,1498.13,1470.62,1523.5200000000002,26.242949529146784,7,3
07-07-2023,1528.7,639.77,0.73,33.94,1517.42,1550.48,1520.4085714285713,23.67973214111718,7,4
08-07-2023,1523.2,648.54,0.6,30.25,1528.7,1563.67,1514.6271428571429,14.529537402553323,7,5
09-07-2023,1494.92,639.71,0.6,33.0,1523.2,1531.89,1509.3457142857144,13.914953415687894,7,6
10-07-2023,1448.18,625.6,0.73,33.04,1494.92,1495.45,1502.5928571428574,27.05149947412998,7,0
11-07-2023,1436.01,606.73,0.7,30.78,1448.18,1507.6,1492.3657142857144,36.6668469041734,7,1
12-07-2023,1463.7,611.67,0.7,28.99,1436.01,1498.13,1487.4471428571428,38.0479866808418,7,2
13-07-2023,1470.9,600.4,0.62,30.83,1463.7,1517.42,1480.8014285714287,35.94480232627568,7,3
14-07-2023,1434.13,578.87,0.68,30.62,1470.9,1528.7,1467.2914285714287,32.553753715073896,7,4
15-07-2023,1441.93,583.18,0.61,29.49,1434.13,1523.2,1455.6814285714286,22.107202015218398,7,5
16-07-2023,1455.87,608.44,0.79,31.35,1441.93,1494.92,1450.1028571428574,13.993433833962238,7,6
17-07-2023,1431.22,608.21,0.8,33.1,1455.87,1448.18,1447.68,15.740978368236366,7,0
18-07-2023,1439.1,616.43,0.52,30.99,1431.22,1436.01,1448.1214285714286,15.398776388888837,7,1
19-07-2023,1443.89,616.92,0.61,29.94,1439.1,1463.7,1445.2914285714287,13.79543816901064,7,2
20-07-2023,1412.58,615.6,0.55,28.5,1443.89,1470.9,1436.9599999999998,13.355613051794563,7,3
21-07-2023,1428.03,624.47,0.63,30.51,1412.58,1434.13,1436.0885714285716,13.763809342195616,7,4
22-07-2023,1448.97,621.08,0.69,31.19,1428.03,1441.93,1437.0942857142857,14.499329704990775,7,5
23-07-2023,1484.7,623.33,0.56,31.78,1448.97,1455.87,1441.2128571428573,22.569970989468903,7,6
24-07-2023,1517.94,626.09,0.61,31.53,1484.7,1431.22,1453.6014285714284,35.9844454490412,7,0
25-07-2023,1476.74,618.88,0.6,31.85,1517.94,1439.1,1458.9785714285713,36.2674975831212,7,1
26-07-2023,1450.97,628.43,0.72,33.59,1476.74,1443.89,1459.99,35.87315523697338,7,2
27-07-2023,1470.25,626.11,0.71,32.66,1450.97,1412.58,1468.2285714285715,29.165449552653783,7,3
28-07-2023,1488.69,618.03,0.63,31.6,1470.25,1428.03,1476.8942857142858,23.737534873995063,7,4
29-07-2023,1506.42,623.03,0.72,32.23,1488.69,1448.97,1485.1014285714286,22.365617532463595,7,5
30-07-2023,1623.56,613.59,0.65,33.36,1506.42,1484.7,1504.9385714285713,56.887834501545,7,6
31-07-2023,1636.56,613.6,0.67,35.23,1623.56,1517.94,1521.8842857142859,75.89731766380774,7,0
01-08-2023,1666.02,613.23,0.87,34.83,1636.56,1476.74,1548.9242857142858,89.61155372994247,8,1
02-08-2023,1688.73,623.83,0.83,35.78,1666.02,1450.97,1582.8899999999999,91.33846469764565,8,2
03-08-2023,1701.39,628.1,0.57,34.7,1688.73,1470.25,1615.9099999999999,85.41909271345514,8,3
04-08-2023,1684.58,627.29,0.78,34.95,1701.39,1488.69,1643.8942857142854,66.86719072331393,8,4
05-08-2023,1701.0,634.92,0.78,34.4,1684.58,1506.42,1671.6914285714286,31.038799605371697,8,5
06-08-2023,1670.82,648.12,0.59,34.79,1701.0,1623.56,1678.4428571428573,22.89648787768375,8,6
07-08-2023,1658.38,652.74,0.78,35.25,1670.82,1636.56,1681.56,16.959871264941963,8,0
08-08-2023,1639.28,651.79,0.85,35.88,1658.38,1666.02,1677.74,22.984717386197946,8,1
09-08-2023,1638.31,637.63,0.59,33.36,1639.28,1688.73,1670.537142857143,26.58495860067409,8,2
10-08-2023,1704.53,626.23,0.61,36.09,1638.31,1701.39,1670.9857142857143,27.211416633981546,8,3
11-08-2023,1642.14,622.65,0.8,33.99,1704.53,1684.58,1664.922857142857,28.380539526223497,8,4
12-08-2023,1659.64,616.1,0.73,36.4,1642.14,1701.0,1659.0142857142855,23.504254832435883,8,5
13-08-2023,1607.45,613.91,0.76,32.28,1659.64,1670.82,1649.9614285714285,29.610023881713946,8,6
14-08-2023,1592.24,614.2,0.73,34.13,1607.45,1658.38,1640.5128571428572,36.27782505148439,8,0
15-08-2023,1624.78,619.21,0.74,34.73,1592.24,1639.28,1638.4414285714286,36.77057402700731,8,1
16-08-2023,1625.11,618.12,0.57,32.6,1624.78,1638.31,1636.5557142857142,37.11529103430731,8,2
17-08-2023,1591.31,622.63,0.8,34.54,1625.11,1704.53,1620.3814285714286,25.366275136006223,8,3
18-08-2023,1570.22,622.82,0.82,35.15,1591.31,1642.14,1610.107142857143,29.338525135607586,8,4
19-08-2023,1592.18,602.61,0.68,31.08,1570.22,1659.64,1600.47,19.925909431101395,8,5
20-08-2023,1570.9,593.16,0.7,33.48,1592.18,1607.45,1595.2485714285715,22.42421490878746,8,6
21-08-2023,1579.23,591.86,0.55,29.85,1570.9,1592.24,1593.3899999999999,23.23946212780678,8,0
22-08-2023,1582.16,579.92,0.75,32.32,1579.23,1624.78,1587.3014285714287,18.804793208349725,8,1
23-08-2023,1564.17,586.32,0.76,34.74,1582.16,1625.11,1578.5957142857146,10.776287018007949,8,2
24-08-2023,1631.09,601.91,0.69,33.37,1564.17,1591.31,1584.2785714285712,22.60052759580601,8,3
25-08-2023,1649.5,614.06,0.81,33.77,1631.09,1570.22,1595.6042857142857,32.205050772012044,8,4
26-08-2023,1587.35,611.64,0.67,33.06,1649.5,1592.18,1594.9142857142856,32.3420947872563,8,5
27-08-2023,1594.8,626.31,0.76,36.04,1587.35,1570.9,1598.3285714285714,30.59899858288671,8,6
28-08-2023,1576.56,627.27,0.6,31.08,1594.8,1579.23,1597.947142857143,30.89198694051007,8,0
29-08-2023,1604.79,623.36,0.7,32.74,1576.56,1582.16,1601.18,30.139454761543618,8,1
30-08-2023,1582.39,616.76,0.68,34.81,1604.79,1564.17,1603.7828571428574,27.0376908000542,8,2
31-08-2023,1581.57,613.4,0.72,35.33,1582.39,1631.09,1596.7085714285715,25.11185870477995,8,3
01-09-2023,1599.52,609.25,0.66,33.3,1581.57,1649.5,1589.5685714285714,10.390257340836364,9,4
02-09-2023,1627.51,610.77,0.69,32.72,1599.52,1587.35,1595.3057142857142,17.56877424754518,9,5
03-09-2023,1592.24,612.16,0.78,36.01,1627.51,1594.8,1594.9400000000003,17.6076574248188,9,6
04-09-2023,1584.83,611.94,0.66,34.77,1592.24,1576.56,1596.1214285714284,16.405257722515742,9,0
05-09-2023,1573.69,616.07,0.54,33.14,1584.83,1604.79,1591.6785714285713,17.81687816674995,9,1
06-09-2023,1557.88,627.66,0.87,33.21,1573.69,1582.39,1588.1771428571428,21.889467569265808,9,2
07-09-2023,1615.53,636.6,0.84,34.74,1557.88,1581.57,1593.0285714285712,23.856035873732576,9,3
08-09-2023,1629.6,621.02,0.57,33.35,1615.53,1599.52,1597.3257142857144,27.630705659245827,9,4
09-09-2023,1593.1,595.06,0.77,34.02,1629.6,1627.51,1592.41,24.215529452325246,9,5
10-09-2023,1623.89,604.5,0.65,35.1,1593.1,1592.24,1596.9314285714286,26.975944486563687,9,6
11-09-2023,1689.37,590.74,0.73,35.76,1623.89,1584.83,1611.8657142857141,43.21154199857493,9,0
12-09-2023,1718.99,588.68,0.73,34.24,1689.37,1573.69,1632.6228571428571,55.08423661810569,9,1
13-09-2023,1670.67,577.21,0.68,35.59,1718.99,1557.88,1648.7357142857143,45.1836252997488,9,2
14-09-2023,1655.93,559.64,0.62,33.86,1670.67,1615.53,1654.507142857143,42.74991723734155,9,3
15-09-2023,1694.54,565.87,0.63,34.92,1655.93,1629.6,1663.7842857142857,43.48397937050868,9,4
16-09-2023,1672.08,574.14,0.61,35.33,1694.54,1593.1,1675.0671428571427,30.349545144306383,9,5
17-09-2023,1685.38,568.89,0.62,32.94,1672.08,1623.89,1683.8514285714286,20.304673869395533,9,6
18-09-2023,1708.03,543.6,0.69,34.49,1685.38,1689.37,1686.5171428571427,22.27885822477592,9,0
19-09-2023,1678.58,539.27,0.63,33.18,1708.03,1718.99,1680.7442857142855,17.09442292761638,9,1
20-09-2023,1676.7,544.4,0.77,32.87,1678.58,1670.67,1681.6057142857142,16.648255020518516,9,2
21-09-2023,1579.55,530.72,0.85,33.59,1676.7,1655.93,1670.6942857142856,42.00336885570231,9,3
22-09-2023,1553.84,533.94,0.64,34.37,1579.55,1694.54,1650.5942857142857,58.94055475840138,9,4
23-09-2023,1552.64,535.11,0.72,30.42,1553.84,1672.08,1633.5314285714287,68.23898260971511,9,5
24-09-2023,1521.71,542.2,0.75,31.97,1552.64,1685.38,1610.1499999999999,75.19781867396954,9,6
25-09-2023,1578.81,544.55,0.75,33.5,1521.71,1708.03,1591.69,61.83926961613044,9,0
26-09-2023,1541.24,535.93,0.71,32.14,1578.81,1678.58,1572.0700000000002,50.407160866849146,9,1
27-09-2023,1535.32,549.18,0.77,32.28,1541.24,1676.7,1551.8728571428571,21.57523558309074,9,2
28-09-2023,1546.87,548.61,0.75,31.13,1535.32,1579.55,1547.2042857142858,17.79222756976826,9,3
29-09-2023,1597.22,549.36,0.58,32.57,1546.87,1553.84,1553.4014285714288,26.102640625207396,9,4
30-09-2023,1558.79,541.04,0.79,31.97,1597.22,1552.64,1554.28,26.17613671501232,9,5
01-10-2023,1600.31,537.79,0.39,29.14,1558.79,1521.71,1565.5085714285713,26.728670891175412,10,6
02-10-2023,1605.21,530.19,0.22,31.69,1600.31,1578.81,1569.2800000000002,30.51295025596618,10,0
03-10-2023,1580.17,529.85,0.3,31.48,1605.21,1541.24,1574.8414285714287,27.994299674674224,10,1
04-10-2023,1599.72,548.37,0.37,31.37,1580.17,1535.32,1584.0414285714285,22.973190482433168,10,2
05-10-2023,1610.45,535.69,0.28,31.14,1599.72,1546.87,1593.1242857142859,17.817661515882577,10,3
06-10-2023,1596.7,520.84,0.41,32.27,1610.45,1597.22,1593.05,17.798813630589752,10,4
07-10-2023,1603.77,537.13,0.54,32.33,1596.7,1558.79,1599.4757142857143,9.599728914293012,10,5
08-10-2023,1596.87,536.3,0.22,31.33,1603.77,1600.31,1598.984285714286,9.637876420383208,10,6
09-10-2023,1605.3,530.88,0.16,29.9,1596.87,1605.21,1598.9971428571428,9.6476209744168,10,0
10-10-2023,1629.8,542.66,0.33,32.84,1605.3,1580.17,1606.0871428571427,11.55376953491917,10,1
11-10-2023,1680.81,537.75,0.37,32.77,1629.8,1599.72,1617.6714285714286,30.01258815245543,10,2
12-10-2023,1644.58,557.26,0.28,31.82,1680.81,1610.45,1622.547142857143,31.3848337651494,10,3
13-10-2023,1711.3,564.89,0.45,32.28,1644.58,1596.7,1638.9185714285716,43.28755765354477,10,4
14-10-2023,1652.15,560.71,0.17,31.51,1711.3,1603.77,1645.83,40.513679994004505,10,5
15-10-2023,1649.97,583.07,0.37,31.59,1652.15,1596.87,1653.4157142857143,34.31570624696581,10,6
16-10-2023,1670.11,577.36,0.24,31.38,1649.97,1605.3,1662.6742857142856,27.1690245542248,10,0
17-10-2023,1680.04,585.23,0.47,32.6,1670.11,1629.8,1669.8514285714286,23.413689320759335,10,1
18-10-2023,1662.35,588.52,0.5,32.25,1680.04,1680.81,1667.2142857142858,23.009797085040702,10,2
19-10-2023,1657.99,601.76,0.22,34.13,1662.35,1644.58,1669.1299999999999,21.306459896550695,10,3
20-10-2023,1645.3,617.34,0.25,33.41,1657.99,1711.3,1659.7014285714286,12.186506784514146,10,4
21-10-2023,1630.34,617.32,0.39,34.48,1645.3,1652.15,1656.5857142857144,16.473116338286314,10,5
22-10-2023,1659.29,609.44,0.26,31.07,1630.34,1649.97,1657.9171428571426,16.224045646287323,10,6
23-10-2023,1672.0,613.85,0.3,32.77,1659.29,1670.11,1658.1871428571428,16.474570013594157,10,0
24-10-2023,1652.57,606.79,0.3,31.08,1672.0,1680.04,1654.2628571428572,13.383282748743138,10,1
25-10-2023,1681.86,626.79,0.11,31.34,1652.57,1662.35,1657.05,16.913982381153,10,2
26-10-2023,1691.9,627.62,0.3,32.23,1681.86,1657.99,1661.8942857142854,21.470390352639757,10,3
27-10-2023,1716.57,623.42,0.23,34.38,1691.9,1645.3,1672.0757142857142,28.14930126832179,10,4
28-10-2023,1734.49,624.79,0.25,33.12,1716.57,1630.34,1686.9542857142858,29.8841345069269,10,5
29-10-2023,1707.73,610.83,0.44,35.01,1734.49,1659.29,1693.8742857142859,27.95675759504503,10,6
30-10-2023,1690.33,600.89,0.17,32.84,1707.73,1672.0,1696.4928571428572,26.380425011730576,10,0
31-10-2023,1712.99,612.88,0.38,36.03,1690.33,1652.57,1705.1242857142859,18.243667263686945,10,1
01-11-2023,1730.38,606.05,0.27,31.9,1712.99,1681.86,1712.0557142857142,17.113832472441626,11,2
02-11-2023,1727.91,595.46,0.27,34.49,1730.38,1691.9,1717.2000000000003,15.36857941786999,11,3
03-11-2023,1729.67,600.92,0.38,35.0,1727.91,1716.57,1719.071428571429,16.061069317112544,11,4
04-11-2023,1766.1,612.76,0.33,33.32,1729.67,1734.49,1723.5871428571427,23.730992895358867,11,5
05-11-2023,1744.59,619.69,0.36,35.16,1766.1,1707.73,1728.8528571428571,23.715455378288173,11,6
06-11-2023,1758.25,629.26,0.4,34.99,1744.59,1690.33,1738.5557142857142,18.689125052504654,11,0
07-11-2023,1748.7,621.11,0.27,33.55,1758.25,1712.99,1743.6571428571428,15.071104487271521,11,1
08-11-2023,1739.11,606.47,0.24,32.52,1748.7,1730.38,1744.904285714286,14.120526261256291,11,2
09-11-2023,1769.42,621.35,0.19,32.99,1739.11,1727.91,1750.8342857142857,14.505147197742172,11,3
10-11-2023,1789.96,617.7,0.22,36.16,1769.42,1729.67,1759.4471428571428,17.445253140408628,11,4
11-11-2023,1809.04,614.84,0.59,36.26,1789.96,1766.1,1765.5814285714284,25.748158140129735,11,5
12-11-2023,1841.86,627.82,0.42,36.81,1809.04,1744.59,1779.4771428571428,36.52385098078065,11,6
13-11-2023,1834.43,632.83,0.16,33.88,1841.86,1758.25,1790.3600000000001,40.29912943629699,11,0
14-11-2023,1847.12,636.73,0.17,34.13,1834.43,1748.7,1804.4199999999998,40.510236977708324,11,1
15-11-2023,1829.34,657.64,0.35,36.84,1847.12,1739.11,1817.3099999999997,28.979939613292643,11,2
16-11-2023,1831.4,650.06,0.35,34.4,1829.34,1769.42,1826.1642857142858,19.980443652770077,11,3
17-11-2023,1819.64,658.33,0.35,35.24,1831.4,1789.96,1830.4042857142856,12.918214346218846,11,4
18-11-2023,1815.2,657.74,0.27,35.21,1819.64,1809.04,1831.284285714286,11.332831150901985,11,5
19-11-2023,1825.84,659.27,0.29,35.53,1815.2,1841.86,1828.9957142857145,10.42217164965417,11,6
20-11-2023,1793.45,673.37,0.33,35.12,1825.84,1834.43,1823.1414285714286,16.561942748637307,11,0
21-11-2023,1849.91,676.98,0.31,36.46,1793.45,1847.12,1823.5399999999997,17.25427579828918,11,1
22-11-2023,1810.5,680.82,0.08,35.05,1849.91,1829.34,1820.8485714285714,17.66331077712052,11,2
23-11-2023,1766.71,689.93,0.28,35.52,1810.5,1831.4,1811.607142857143,26.120807615123297,11,3
24-11-2023,1796.19,684.48,0.21,33.88,1766.71,1819.64,1808.2571428571428,26.420899375297893,11,4
25-11-2023,1813.09,674.4,0.32,35.24,1796.19,1815.2,1807.955714285714,26.34040233611074,11,5
26-11-2023,1824.01,662.46,0.6,38.17,1813.09,1825.84,1807.6942857142856,26.141648670812422,11,6
27-11-2023,1834.41,641.55,0.34,36.51,1824.01,1793.45,1813.5457142857142,26.992190140140995,11,0
28-11-2023,1824.96,661.28,0.27,33.96,1834.41,1849.91,1809.9814285714288,22.69532141820884,11,1
29-11-2023,1789.32,649.02,0.39,35.64,1824.96,1810.5,1806.9557142857143,23.98960459368857,11,2
30-11-2023,1784.54,645.83,0.35,32.99,1789.32,1766.71,1809.5028571428572,19.53773248015968,11,3
01-12-2023,1757.3,642.15,0.34,34.54,1784.54,1796.19,1803.947142857143,27.7554269251911,12,4
02-12-2023,1780.86,644.38,0.36,36.86,1757.3,1813.09,1799.3428571428574,28.64498368765975,12,5
03-12-2023,1769.46,651.65,0.51,34.64,1780.86,1824.01,1791.55,28.233040336753934,12,6
04-12-2023,1738.16,659.22,0.19,32.76,1769.46,1834.41,1777.8,27.302937570710583,12,0
05-12-2023,1723.42,652.2,0.35,34.87,1738.16,1824.96,1763.2942857142857,24.942971526294958,12,1
06-12-2023,1731.31,649.49,0.21,31.96,1723.42,1789.32,1755.0071428571428,24.48751567226993,12,2
07-12-2023,1709.39,651.33,0.36,33.3,1731.31,1784.54,1744.2714285714285,25.819164993131196,12,3
08-12-2023,1680.67,647.81,0.21,33.33,1709.39,1757.3,1733.3242857142857,34.244936782366146,12,4
09-12-2023,1685.24,662.93,0.26,32.56,1680.67,1780.86,1719.6642857142856,31.044536211088754,12,5
10-12-2023,1689.48,666.58,0.27,33.12,1685.24,1769.46,1708.2385714285715,23.452891384132055,12,6
11-12-2023,1670.81,672.6,0.4,34.52,1689.48,1738.16,1698.6171428571429,22.941343838865333,12,0
12-12-2023,1654.02,677.77,0.39,33.97,1670.81,1723.42,1688.702857142857,25.309759457563306,12,1
13-12-2023,1659.02,687.95,0.18,32.91,1654.02,1731.31,1678.3757142857144,18.98533544330885,12,2
14-12-2023,1613.22,688.0,0.31,32.27,1659.02,1709.39,1664.6371428571426,26.2195872799909,12,3
15-12-2023,1570.79,673.28,0.23,31.81,1613.22,1680.67,1648.94,42.72047167331147,12,4
16-12-2023,1551.0,675.81,0.17,30.77,1570.79,1685.24,1629.7628571428572,52.67897452620987,12,5
17-12-2023,1547.21,667.78,0.28,31.74,1551.0,1689.48,1609.4385714285713,53.24119189383283,12,6
18-12-2023,1559.19,661.14,0.27,30.85,1547.21,1670.81,1593.4928571428572,48.281040348495765,12,0
19-12-2023,1605.35,665.78,0.54,33.27,1559.19,1654.02,1586.5400000000002,41.079221024627785,12,1
20-12-2023,1630.53,676.84,0.34,31.95,1605.35,1659.02,1582.4699999999998,33.39368652889679,12,2
21-12-2023,1623.76,675.52,0.16,31.89,1630.53,1613.22,1583.9757142857143,35.20005012157866,12,3
22-12-2023,1621.41,677.1,0.24,31.5,1623.76,1570.79,1591.2071428571428,37.18348410876002,12,4
23-12-2023,1589.51,692.58,0.4,31.67,1621.41,1551.0,1596.7085714285713,32.83817617158314,12,5
24-12-2023,1588.57,693.13,0.51,33.56,1589.51,1547.21,1602.6171428571429,25.30422936585383,12,6
25-12-2023,1579.42,717.29,0.14,31.78,1588.57,1559.19,1605.5071428571428,20.1475810905364,12,0
26-12-2023,1588.91,720.6,0.11,32.38,1579.42,1605.35,1603.1585714285716,21.10442325538884,12,1
27-12-2023,1563.26,700.58,0.49,32.46,1588.91,1630.53,1593.5485714285714,21.86556000371208,12,2
28-12-2023,1579.14,706.1,0.34,32.85,1563.26,1623.76,1587.1742857142858,17.696855518094573,12,3
29-12-2023,1624.46,707.79,0.21,33.06,1579.14,1621.41,1587.6100000000001,18.689942036388224,12,4
30-12-2023,1618.1,718.53,0.35,33.67,1624.46,1589.51,1591.6942857142858,22.004332798223583,12,5
31-12-2023,1627.21,722.89,0.04,30.99,1618.1,1588.57,1597.2142857142858,25.636744370043893,12,6
01-01-2024,1644.36,719.05,0.3,33.51,1627.21,1579.42,1606.4914285714287,29.572171844645798,1,0
02-01-2024,1627.74,704.43,0.33,33.49,1644.36,1588.91,1612.0385714285712,29.365738783077283,1,1
03-01-2024,1630.55,700.25,0.39,33.43,1627.74,1563.26,1621.6514285714288,20.37381688039649,1,2
04-01-2024,1626.7,689.74,0.2,30.2,1630.55,1579.14,1628.445714285714,8.017530494379873,1,3
05-01-2024,1625.43,682.14,0.31,32.91,1626.7,1624.46,1628.5842857142857,7.945218387704093,1,4
06-01-2024,1597.94,686.38,0.21,34.08,1625.43,1618.1,1625.7042857142858,13.843471213113869,1,5
07-01-2024,1595.57,701.35,0.33,32.21,1597.94,1627.21,1621.1842857142858,17.854249593910385,1,6
08-01-2024,1607.36,703.27,0.21,31.47,1595.57,1644.36,1615.8985714285716,15.116608336835155,1,0
09-01-2024,1646.99,689.25,0.26,33.27,1607.36,1627.74,1618.6485714285716,18.905868073412336,1,1
10-01-2024,1669.7,691.91,0.2,33.28,1646.99,1630.55,1624.2414285714283,27.05006187810423,1,2
11-01-2024,1726.93,702.04,0.37,35.94,1669.7,1626.7,1638.56,47.42359258136757,1,3
12-01-2024,1693.51,693.9,0.39,33.01,1726.93,1625.43,1648.2857142857142,51.11907956163035,1,4
13-01-2024,1710.78,690.68,0.28,34.68,1693.51,1597.94,1664.4057142857143,50.383240883203854,1,5
14-01-2024,1706.34,689.01,0.3,34.59,1710.78,1595.57,1680.23,41.82921307718837,1,6
15-01-2024,1762.15,679.38,0.16,33.86,1706.34,1607.36,1702.3428571428572,37.58567710976697,1,0
16-01-2024,1725.05,684.28,0.27,34.41,1762.15,1646.99,1713.4942857142855,29.032435227314647,1,1
17-01-2024,1688.69,681.38,0.29,34.65,1725.05,1669.7,1716.207142857143,24.84314037716743,1,2
18-01-2024,1661.19,683.95,0.56,35.44,1688.69,1726.93,1706.8157142857144,31.616460827047526,1,3
19-01-2024,1589.15,673.4,0.19,30.37,1661.19,1693.51,1691.9071428571428,54.939244235182294,1,4
20-01-2024,1568.49,667.55,0.45,33.26,1589.15,1710.78,1671.58,70.82040736955827,1,5
21-01-2024,1541.69,673.43,0.4,31.79,1568.49,1706.34,1648.0585714285714,83.54991710115134,1,6
22-01-2024,1543.35,668.23,0.33,31.55,1541.69,1762.15,1616.8014285714287,74.15243296262075,1,0
23-01-2024,1550.49,684.14,0.48,32.55,1543.35,1725.05,1591.8642857142859,59.6069411105931,1,1
24-01-2024,1603.13,678.46,0.34,32.37,1550.49,1688.69,1579.6414285714286,42.863804244094055,1,2
25-01-2024,1625.2,679.13,0.34,34.06,1603.13,1661.19,1574.5,32.31152580721482,1,3
26-01-2024,1600.17,686.88,0.29,32.26,1625.2,1589.15,1576.0742857142857,33.3945753363487,1,4
27-01-2024,1566.58,670.96,0.42,31.2,1600.17,1568.49,1575.8014285714287,33.474579623091444,1,5
28-01-2024,1576.22,651.93,0.41,31.82,1566.58,1541.69,1580.7342857142855,29.97092750030264,1,6
29-01-2024,1530.83,635.63,0.24,30.68,1576.22,1543.35,1578.945714285714,32.812596593814376,1,0
30-01-2024,1582.1,647.55,0.17,32.28,1530.83,1550.49,1583.4614285714285,30.324574978214386,1,1
31-01-2024,1611.07,641.08,0.28,32.58,1582.1,1603.13,1584.5957142857144,31.31520762443904,1,2
01-02-2024,1588.97,665.84,0.22,30.74,1611.07,1625.2,1579.4199999999998,26.03447586035934,2,3
02-02-2024,1530.49,658.88,0.29,33.5,1588.97,1600.17,1569.4657142857143,29.823735992691113,2,4
03-02-2024,1566.78,659.55,0.42,32.48,1530.49,1566.58,1569.4942857142855,29.82060633010457,2,5
04-02-2024,1557.04,673.78,0.25,32.64,1566.78,1576.22,1566.7542857142857,29.980360714336687,2,6
05-02-2024,1588.19,692.36,0.3,32.07,1557.04,1530.83,1574.9485714285713,26.114630272627217,2,0
06-02-2024,1532.66,711.13,0.31,32.16,1588.19,1582.1,1567.8857142857144,30.220953468772965,2,1
07-02-2024,1509.59,720.99,0.38,32.62,1532.66,1611.07,1553.3885714285716,30.392361665546503,2,2
08-02-2024,1505.65,728.81,0.08,31.47,1509.59,1588.97,1541.4857142857143,30.450399481152537,2,3
09-02-2024,1503.0,732.16,0.24,32.12,1505.65,1530.49,1537.5585714285714,33.703729481212186,2,4
10-02-2024,1485.41,737.3,0.32,32.13,1503.0,1566.78,1525.9342857142858,35.90580679911156,2,5
11-02-2024,1500.73,729.04,0.42,31.59,1485.41,1557.04,1517.8899999999999,34.034488880012695,2,6
12-02-2024,1464.42,718.28,0.25,29.83,1500.73,1588.19,1500.2085714285715,21.128965448946573,2,0
13-02-2024,1457.52,715.88,0.11,29.92,1464.42,1532.66,1489.4742857142858,20.981117587690726,2,1
14-02-2024,1458.69,711.86,0.36,31.74,1457.52,1509.59,1482.202857142857,21.657017118398603,2,2
15-02-2024,1471.48,705.09,0.24,30.08,1458.69,1505.65,1477.3214285714287,19.20317285266874,2,3
16-02-2024,1489.39,709.95,0.18,31.41,1471.48,1503.0,1475.3771428571429,16.69516268663729,2,4
17-02-2024,1451.17,717.31,0.24,31.58,1489.39,1485.41,1470.4857142857143,18.212705141243145,2,5
18-02-2024,1402.43,715.85,0.28,28.69,1451.17,1500.73,1456.4428571428573,26.85351107645546,2,6
19-02-2024,1440.33,728.3,0.24,29.25,1402.43,1464.42,1453.0014285714285,27.2021803221025,2,0
20-02-2024,1447.83,714.32,0.08,29.12,1440.33,1457.52,1451.6171428571429,27.18045910453549,2,1
21-02-2024,1422.39,710.1,0.39,30.69,1447.83,1458.69,1446.4314285714286,29.00753719770421,2,2
22-02-2024,1467.06,700.73,0.43,30.63,1422.39,1471.48,1445.8,28.413434029061207,2,3
23-02-2024,1466.3,680.05,0.37,31.97,1467.06,1489.39,1442.5014285714285,23.409176568378744,2,4
24-02-2024,1497.35,677.62,0.19,30.59,1466.3,1451.17,1449.0985714285714,31.40197150301527,2,5
25-02-2024,1493.36,674.85,0.28,30.59,1497.35,1402.43,1462.0885714285712,27.436109678235294,2,6
26-02-2024,1549.22,688.49,0.3,30.18,1493.36,1440.33,1477.6442857142858,40.70427776735314,2,0
27-02-2024,1593.0,693.03,0.36,31.31,1549.22,1447.83,1498.3828571428571,56.78682379859983,2,1
28-02-2024,1574.33,680.92,0.37,32.54,1593.0,1422.39,1520.0885714285716,51.710005617314586,2,2
29-02-2024,1593.08,697.85,0.23,29.88,1574.33,1467.06,1538.0914285714284,52.106537154909866,2,3
01-03-2024,1600.98,708.1,0.31,33.65,1593.08,1466.3,1557.3314285714284,45.64403445076513,3,4
02-03-2024,1630.06,711.76,0.35,33.14,1600.98,1497.35,1576.2899999999997,44.11339290196967,3,5
03-03-2024,1587.55,707.26,0.45,36.36,1630.06,1493.36,1589.7457142857143,24.691285815612776,3,6
04-03-2024,1596.58,695.52,0.37,35.06,1587.55,1549.22,1596.5114285714285,17.038717115515286,3,0
05-03-2024,1616.21,689.89,0.38,32.86,1596.58,1593.0,1599.8271428571427,18.442040481818243,3,1
06-03-2024,1550.22,698.98,0.31,31.68,1616.21,1574.33,1596.3828571428571,25.061177621965317,3,2
07-03-2024,1504.69,715.84,0.44,32.93,1550.22,1593.08,1583.7557142857142,42.91257347089495,3,3
08-03-2024,1435.64,728.96,0.34,32.23,1504.69,1600.98,1560.1357142857144,69.26421848180347,3,4
09-03-2024,1423.02,721.49,0.21,27.99,1435.64,1630.06,1530.5585714285714,78.07352676126973,3,5
10-03-2024,1440.54,707.87,0.44,29.1,1423.02,1587.55,1509.5571428571427,79.93826132585009,3,6
11-03-2024,1480.62,707.12,0.37,30.51,1440.54,1596.58,1492.9914285714283,70.33748892027262,3,0
12-03-2024,1475.75,687.29,0.26,30.87,1480.62,1616.21,1472.9257142857143,44.68443869956561,3,1
13-03-2024,1517.66,688.78,0.25,31.41,1475.75,1550.22,1468.2742857142857,36.18354499716573,3,2
14-03-2024,1467.11,685.52,0.33,31.58,1517.66,1504.69,1462.9057142857143,32.47818234695302,3,3
15-03-2024,1409.29,679.15,0.35,28.46,1467.11,1435.64,1459.1414285714286,37.329681411394716,3,4
16-03-2024,1403.71,661.62,0.32,26.95,1409.29,1423.02,1456.3828571428571,40.97895464503754,3,5
17-03-2024,1411.5,665.53,0.33,30.34,1403.71,1440.54,1452.2342857142855,44.193982568089815,3,6
18-03-2024,1406.31,658.89,0.47,29.21,1411.5,1480.62,1441.6185714285716,45.15360097426276,3,0
19-03-2024,1340.26,646.01,0.41,26.58,1406.31,1475.75,1422.2628571428572,55.85574566506236,3,1
20-03-2024,1336.77,616.37,0.32,27.96,1340.26,1517.66,1396.4214285714284,45.190603163449644,3,2
21-03-2024,1296.92,615.77,0.39,28.38,1336.77,1467.11,1372.1085714285714,46.58146749809893,3,3
22-03-2024,1318.2,633.17,0.2,26.97,1296.92,1409.29,1359.0957142857144,47.18285877196855,3,4
23-03-2024,1329.26,649.12,0.34,27.67,1318.2,1403.71,1348.4600000000003,43.71353604233054,3,5
24-03-2024,1300.49,643.57,0.48,28.19,1329.26,1411.5,1332.6014285714286,36.58747209464677,3,6
25-03-2024,1285.88,636.68,0.28,26.68,1300.49,1406.31,1315.3971428571429,21.25199968160829,3,0
26-03-2024,1255.56,640.63,0.22,24.97,1285.88,1340.26,1303.297142857143,27.83084901927679,3,1
27-03-2024,1256.6,629.83,0.23,25.61,1255.56,1336.77,1291.8442857142857,28.2528829542943,3,2
28-03-2024,1288.05,632.26,0.19,27.12,1256.6,1296.92,1290.577142857143,28.186127033237806,3,3
29-03-2024,1259.65,639.27,0.22,26.72,1288.05,1318.2,1282.212857142857,27.296164391122332,3,4
30-03-2024,1277.31,650.75,0.26,27.15,1259.65,1329.26,1274.7914285714287,17.77425425374357,3,5
31-03-2024,1263.0,648.74,0.16,25.23,1277.31,1300.49,1269.4357142857145,13.98439708731787,3,6
01-04-2024,1241.47,645.73,0.3,26.41,1263.0,1285.88,1263.0914285714284,15.293228815723856,4,0
02-04-2024,1241.55,636.03,0.39,24.76,1241.47,1255.56,1261.09,17.236433312155345,4,1
03-04-2024,1213.74,627.04,0.21,25.7,1241.55,1256.6,1254.967142857143,24.97333425477239,4,2
04-04-2024,1201.72,624.24,0.45,27.96,1213.74,1288.05,1242.6342857142859,27.135744481449713,4,3
05-04-2024,1170.94,627.43,0.35,24.12,1201.72,1259.65,1229.9614285714285,36.84295202989101,4,4
06-04-2024,1236.54,636.01,0.4,26.34,1170.94,1277.31,1224.137142857143,30.844645518047564,4,5
07-04-2024,1240.94,627.26,0.23,26.39,1236.54,1263.0,1220.9857142857143,27.11348610124847,4,6
08-04-2024,1223.04,641.64,0.39,27.94,1240.94,1241.47,1218.3528571428571,25.648058220211603,4,0
09-04-2024,1233.42,638.1,0.19,25.39,1223.04,1241.55,1217.1914285714286,24.584569298855445,4,1
10-04-2024,1233.47,637.12,0.39,26.13,1233.42,1213.74,1220.01,25.245050339776228,4,2
11-04-2024,1230.23,628.91,0.32,24.36,1233.47,1201.72,1224.0828571428572,24.075168891079734,4,3
12-04-2024,1252.2,604.09,0.36,26.7,1230.23,1170.94,1235.6914285714286,9.135831340213878,4,4
13-04-2024,1277.35,612.85,0.18,28.24,1252.2,1236.54,1241.5214285714285,18.246345230670585,4,5
14-04-2024,1262.58,619.96,0.21,26.47,1277.35,1240.94,1244.612857142857,19.89054022562692,4,6
15-04-2024,1247.19,616.75,0.36,26.65,1262.58,1223.04,1248.0628571428572,17.47253818044972,4,0
16-04-2024,1241.59,617.08,0.21,26.14,1247.19,1233.42,1249.23,16.581548982460802,4,1
17-04-2024,1175.45,621.9,0.35,25.57,1241.59,1233.47,1240.9414285714286,32.56760784803639,4,2
18-04-2024,1136.22,605.84,0.16,23.11,1175.45,1230.23,1227.5114285714285,51.56417213153127,4,3
19-04-2024,1185.42,600.43,0.38,26.53,1136.22,1252.2,1217.9714285714285,52.40589134448735,4,4
20-04-2024,1240.5,608.36,0.18,25.8,1185.42,1277.35,1212.707142857143,47.021267427275674,4,5
21-04-2024,1236.02,595.65,0.36,26.29,1240.5,1262.58,1208.912857142857,43.246211284543634,4,6
22-04-2024,1256.55,598.67,0.36,25.67,1236.02,1247.19,1210.25,44.74567167139773,4,0
23-04-2024,1268.1,585.14,0.23,27.33,1256.55,1241.59,1214.037142857143,48.78025649584783,4,1
24-04-2024,1362.12,590.1,0.36,28.79,1268.1,1175.45,1240.7042857142858,70.40204775830406,4,2
25-04-2024,1392.68,589.94,0.33,27.87,1362.12,1136.22,1277.3414285714284,73.6233433154416,4,3
26-04-2024,1384.3,573.99,0.25,28.74,1392.68,1185.42,1305.7528571428572,70.54844924211385,4,4
27-04-2024,1351.55,586.16,0.2,26.63,1384.3,1240.5,1321.6171428571429,65.7523334729174,4,5
28-04-2024,1300.93,579.09,0.1,25.04,1351.55,1236.02,1330.8899999999999,55.43675375288057,4,6
29-04-2024,1307.18,571.4,0.33,26.24,1300.93,1256.55,1338.1228571428571,46.74207765814819,4,0
30-04-2024,1284.35,573.98,0.14,23.95,1307.18,1268.1,1340.4442857142858,42.933140601353514,4,1
01-05-2024,1242.72,585.99,0.31,26.52,1284.35,1362.12,1323.3871428571426,54.928899410665935,5,2
02-05-2024,1226.49,576.11,0.27,23.7,1242.72,1392.68,1299.6457142857143,55.894352981576,5,3
03-05-2024,1198.06,577.2,0.37,24.35,1226.49,1384.3,1273.0400000000002,53.14027537242958,5,4
04-05-2024,1254.16,581.95,0.27,23.91,1198.06,1351.55,1259.1271428571429,40.37531081986284,5,5
05-05-2024,1283.34,589.24,0.27,26.39,1254.16,1300.93,1256.6142857142856,37.80559211583795,5,6
06-05-2024,1284.42,591.22,0.37,26.89,1283.34,1307.18,1253.362857142857,33.46102345217805,5,0
07-05-2024,1330.14,587.72,0.33,27.17,1284.42,1284.35,1259.9042857142856,43.498726363298296,5,1
08-05-2024,1331.56,579.69,0.33,26.39,1330.14,1242.72,1272.5957142857144,50.10750171942724,5,2
09-05-2024,1304.81,580.96,0.35,25.94,1331.56,1226.49,1283.7842857142857,46.726696101504736,5,3
10-05-2024,1350.98,570.62,0.15,27.17,1304.81,1198.06,1305.6299999999999,33.97614113841611,5,4
11-05-2024,1365.39,542.0,0.38,27.23,1350.98,1254.16,1321.52,31.835307966536377,5,5
12-05-2024,1331.86,547.52,0.36,27.58,1365.39,1283.34,1328.4514285714286,27.061076862225015,5,6
13-05-2024,1325.49,557.61,0.2,25.56,1331.86,1284.42,1334.3185714285714,19.247731838926935,5,0
14-05-2024,1298.95,534.83,0.28,26.39,1325.49,1330.14,1329.8628571428574,23.51365823942313,5,1
15-05-2024,1258.6,526.03,0.3,26.92,1298.95,1331.56,1319.44,35.66608005735356,5,2
16-05-2024,1289.61,533.71,0.29,26.7,1258.6,1304.81,1317.2685714285715,37.137586274239816,5,3
17-05-2024,1348.66,555.61,0.33,27.04,1289.61,1350.98,1316.9371428571428,36.79536733250193,5,4
18-05-2024,1305.59,556.7,0.44,27.62,1348.66,1365.39,1308.3942857142858,29.982244110400835,5,5
19-05-2024,1323.61,550.29,0.41,27.16,1305.59,1331.86,1307.2157142857143,29.053871719543114,5,6
20-05-2024,1304.42,549.45,0.17,25.91,1323.61,1325.49,1304.2057142857143,27.914185674951575,5,0
21-05-2024,1291.18,564.21,0.36,26.5,1304.42,1298.95,1303.0957142857144,28.30969377961678,5,1
22-05-2024,1275.53,558.47,0.43,26.72,1291.18,1258.6,1305.5142857142857,24.316270860523307,5,2
23-05-2024,1252.62,551.31,0.34,26.21,1275.53,1289.61,1300.23,31.35038436751476,5,3
24-05-2024,1258.33,547.45,0.41,25.4,1252.62,1348.66,1287.3257142857144,26.27286487161904,5,4
25-05-2024,1237.47,538.97,0.5,25.44,1258.33,1305.59,1277.5942857142857,30.634087145352154,5,5
26-05-2024,1250.8,541.42,0.4,24.8,1237.47,1323.61,1267.1928571428573,24.06187697999617,5,6
27-05-2024,1253.95,558.84,0.32,24.42,1250.8,1304.42,1259.9828571428573,17.792638659488958,5,0
28-05-2024,1251.39,562.89,0.4,25.21,1253.95,1291.18,1254.2985714285714,11.356831172323936,5,1
29-05-2024,1229.01,561.11,0.31,25.78,1251.39,1275.53,1247.652857142857,10.435878359477968,5,2
30-05-2024,1217.79,558.97,0.3,24.48,1229.01,1252.62,1242.6771428571428,14.984764166773813,5,3
31-05-2024,1247.21,544.16,0.26,25.99,1217.79,1258.33,1241.0885714285716,13.571593407187745,5,4
01-06-2024,1267.64,554.11,0.86,28.87,1247.21,1237.47,1245.3985714285716,16.668235687778964,6,5
02-06-2024,1242.81,554.25,0.62,25.31,1267.64,1250.8,1244.2571428571428,16.509521206478407,6,6
03-06-2024,1251.66,553.36,0.85,29.23,1242.81,1253.95,1243.93,16.306887092809504,6,0
04-06-2024,1279.75,586.22,0.75,29.62,1251.66,1251.39,1247.9814285714285,21.244645151426088,6,1
05-06-2024,1233.93,589.48,0.56,26.21,1279.75,1229.01,1248.6842857142856,20.58348517369508,6,2
06-06-2024,1256.92,582.18,0.74,28.78,1233.93,1217.79,1254.2742857142857,15.47423973024357,6,3
07-06-2024,1242.71,578.27,0.49,26.02,1256.92,1247.21,1253.6314285714286,15.904130939580929,6,4
08-06-2024,1266.34,590.19,0.76,28.81,1242.71,1267.64,1253.4457142857143,15.719810067630666,6,5
09-06-2024,1248.9,591.52,0.79,27.33,1266.34,1242.81,1254.3157142857142,15.19276895639438,6,6
10-06-2024,1201.23,577.3,0.64,25.2,1248.9,1251.66,1247.1114285714286,25.27399680059887,6,0
11-06-2024,1161.39,586.95,0.71,26.47,1201.23,1279.75,1230.202857142857,36.77462427363731,6,1
12-06-2024,1173.96,580.53,0.9,27.77,1161.39,1233.93,1221.6357142857144,42.327756400449395,6,2
13-06-2024,1192.38,599.65,0.65,26.73,1173.96,1256.92,1212.4157142857143,40.34371279264965,6,3
14-06-2024,1175.11,610.46,0.59,25.52,1192.38,1242.71,1202.7585714285713,39.97257536040733,6,4
15-06-2024,1205.13,605.78,0.85,27.98,1175.11,1266.34,1194.0142857142857,28.909711665156966,6,5
16-06-2024,1164.8,618.47,0.9,28.41,1205.13,1248.9,1182.0,17.53691344919172,6,6
17-06-2024,1174.49,618.78,0.7,27.26,1164.8,1201.23,1178.18,15.436538903667783,6,0
18-06-2024,1149.49,626.93,0.8,27.7,1174.49,1161.39,1176.48,18.03100292989232,6,1
19-06-2024,1142.68,631.24,0.83,26.95,1149.49,1173.96,1172.0114285714285,22.162336991921805,6,2
20-06-2024,1157.33,622.15,0.63,27.88,1142.68,1192.38,1167.0042857142857,20.70499284140323,6,3
21-06-2024,1144.17,615.27,0.65,25.4,1157.33,1175.11,1162.5842857142857,21.95118664740542,6,4
22-06-2024,1146.1,625.27,0.82,28.05,1144.17,1205.13,1154.1514285714286,11.936846915197318,6,5
23-06-2024,1189.81,621.42,0.87,29.59,1146.1,1164.8,1157.7242857142858,17.905838765494867,6,6
24-06-2024,1184.0,616.95,0.76,28.19,1189.81,1174.49,1159.0828571428572,19.664343123209733,6,0
25-06-2024,1221.01,607.06,0.61,27.24,1184.0,1149.49,1169.3,29.8114530562409,6,1
26-06-2024,1197.37,611.16,0.9,28.04,1221.01,1142.68,1177.1128571428574,28.822305432898677,6,2
27-06-2024,1224.86,631.56,0.65,28.96,1197.37,1157.33,1186.76,32.20069460934696,6,3
28-06-2024,1278.49,620.25,0.67,27.29,1224.86,1144.17,1205.9485714285713,41.32066530131682,6,4
29-06-2024,1212.2,620.09,0.73,27.08,1278.49,1146.1,1215.3914285714286,31.826195410019814,6,5
30-06-2024,1199.64,633.81,0.86,28.21,1212.2,1189.81,1216.7957142857142,30.706498148803576,6,6
01-07-2024,1229.08,632.34,0.79,29.92,1199.64,1184.0,1223.2357142857143,27.21018121762142,7,0
02-07-2024,1233.82,636.21,0.74,28.96,1229.08,1221.01,1225.0657142857142,27.465113542379424,7,1
03-07-2024,1255.71,624.86,0.75,27.85,1233.82,1197.37,1233.3999999999999,26.49462901528685,7,2
04-07-2024,1247.41,628.65,0.7,28.21,1255.71,1224.86,1236.6214285714286,26.65363479171373,7,3
05-07-2024,1260.42,626.21,0.76,28.33,1247.41,1278.49,1234.0400000000002,22.469408091692404,7,4
06-07-2024,1265.68,635.54,0.45,26.87,1260.42,1212.2,1241.68,22.893822310636292,7,5
07-07-2024,1310.55,646.7,0.67,30.46,1265.68,1199.64,1257.5242857142857,26.966609511808585,7,6
08-07-2024,1325.94,671.66,0.72,28.85,1310.55,1229.08,1271.3614285714286,33.89826712793156,7,0
09-07-2024,1343.23,676.03,0.58,31.44,1325.94,1233.82,1286.9914285714287,38.60097037998598,7,1
10-07-2024,1337.34,677.76,0.74,31.36,1343.23,1255.71,1298.652857142857,39.88470455116424,7,2
11-07-2024,1329.64,678.15,0.68,31.21,1337.34,1247.41,1310.4,33.94393171084884,7,3
12-07-2024,1324.15,673.06,0.88,30.51,1329.64,1260.42,1319.5042857142857,25.897197310947934,7,4
13-07-2024,1343.92,674.98,0.86,31.05,1324.15,1265.68,1330.6814285714286,11.89231324328527,7,5
14-07-2024,1338.4,670.53,0.65,28.62,1343.92,1310.55,1334.66,8.083536766623633,7,6
15-07-2024,1354.66,670.8,0.68,29.93,1338.4,1325.94,1338.7628571428572,9.984896450816763,7,0
16-07-2024,1423.85,682.56,0.69,32.14,1354.66,1343.23,1350.28,33.88594448032944,7,1
17-07-2024,1453.61,670.85,0.65,33.08,1423.85,1337.34,1366.8899999999999,50.77391718842701,7,2
18-07-2024,1446.15,680.83,0.72,30.99,1453.61,1329.64,1383.5342857142857,55.41254877638538,7,3
19-07-2024,1485.05,692.38,0.62,31.95,1446.15,1324.15,1406.5200000000002,59.866307719705375,7,4
20-07-2024,1473.9,689.35,0.59,31.79,1485.05,1343.92,1425.0885714285716,57.31726075924058,7,5
21-07-2024,1414.58,666.35,0.76,30.3,1473.9,1338.4,1435.9714285714285,43.738000041261785,7,6
22-07-2024,1389.3,658.94,0.76,31.83,1414.58,1354.66,1440.9199999999998,33.84605146823418,7,0
23-07-2024,1339.57,670.73,0.62,29.17,1389.3,1423.85,1428.8799999999999,51.37936940047435,7,1
24-07-2024,1338.08,669.09,0.79,30.51,1339.57,1453.61,1412.3757142857144,59.95187593863838,7,2
25-07-2024,1347.93,657.72,0.64,29.53,1338.08,1446.15,1398.3442857142857,62.18218578147547,7,3
26-07-2024,1407.2,651.51,0.73,30.46,1347.93,1485.05,1387.222857142857,49.82383121693266,7,4
27-07-2024,1423.19,658.89,0.78,31.84,1407.2,1473.9,1379.9785714285715,37.21074102473105,7,5
28-07-2024,1422.17,663.18,0.7,31.23,1423.19,1414.58,1381.0628571428572,38.4761041487667,7,6
29-07-2024,1452.82,659.53,0.75,31.74,1422.17,1389.3,1390.137142857143,47.23575965798276,7,0
30-07-2024,1390.9,654.67,0.65,29.92,1452.82,1339.57,1397.4699999999998,41.74216972467806,7,1
31-07-2024,1405.64,649.66,0.68,31.3,1390.9,1338.08,1407.1214285714284,32.51148178120325,7,2
01-08-2024,1435.87,639.44,0.68,32.98,1405.64,1347.93,1419.6842857142858,20.656137793930682,8,3
02-08-2024,1397.27,654.8,0.63,30.77,1435.87,1407.2,1418.2657142857145,21.95644389608338,8,4
03-08-2024,1439.44,650.49,0.68,32.5,1397.27,1423.19,1420.587142857143,23.376951408027484,8,5
04-08-2024,1455.51,661.65,0.55,29.78,1439.44,1422.17,1425.35,26.886173646016225,8,6
05-08-2024,1448.33,675.63,0.65,31.89,1455.51,1452.82,1424.7085714285713,26.165490904550616,8,0
06-08-2024,1473.11,684.1,0.67,31.2,1448.33,1390.9,1436.452857142857,26.90098679354637,8,1
07-08-2024,1545.95,678.1,0.67,31.87,1473.11,1405.64,1456.4971428571428,45.770727440870886,8,2
08-08-2024,1552.64,680.57,0.68,32.74,1545.95,1435.87,1473.1785714285713,56.92075849467655,8,3
09-08-2024,1561.15,678.72,0.69,34.87,1552.64,1397.27,1496.59,54.12952459909008,8,4
10-08-2024,1548.17,668.11,0.75,34.59,1561.15,1439.44,1512.122857142857,50.473621729238936,8,5
11-08-2024,1524.28,669.99,0.79,33.74,1548.17,1455.51,1521.947142857143,43.879918229180845,8,6
12-08-2024,1552.15,656.8,0.64,31.49,1524.28,1448.33,1536.7785714285715,30.29194966118444,8,0
13-08-2024,1528.19,667.54,0.58,32.3,1552.15,1473.11,1544.6471428571429,13.492522267272424,8,1
14-08-2024,1533.41,661.54,0.6,32.9,1528.19,1545.95,1542.8557142857142,14.109100912581928,8,2
15-08-2024,1522.04,662.33,0.65,32.89,1533.41,1552.64,1538.4842857142855,15.265409544504106,8,3
16-08-2024,1540.1,663.91,0.66,31.22,1522.04,1561.15,1535.4771428571428,11.717308726817043,8,4
17-08-2024,1553.04,660.04,0.62,32.12,1540.1,1548.17,1536.1728571428573,12.699928758312245,8,5
18-08-2024,1586.6,664.71,0.57,33.23,1553.04,1524.28,1545.0757142857142,21.65779217498277,8,6
19-08-2024,1572.21,658.67,0.65,33.98,1586.6,1552.15,1547.9414285714286,23.955157710655023,8,0
20-08-2024,1565.88,666.21,0.72,31.54,1572.21,1528.19,1553.3257142857142,22.992162328963012,8,1
21-08-2024,1538.75,651.42,0.76,33.23,1565.88,1533.41,1554.0885714285712,22.299399415133802,8,2
22-08-2024,1529.15,651.66,0.64,32.82,1538.75,1522.04,1555.1042857142857,20.700962020190723,8,3
23-08-2024,1544.82,670.01,0.66,34.02,1529.15,1540.1,1555.7785714285715,20.20162652549695,8,4
24-08-2024,1571.23,658.61,0.61,33.88,1544.82,1553.04,1558.3771428571429,20.946810189926172,8,5
25-08-2024,1546.09,650.66,0.7,33.76,1571.23,1586.6,1552.5900000000001,17.09103176103266,8,6
26-08-2024,1576.1,654.79,0.62,32.47,1546.09,1572.21,1553.1457142857143,17.880315859292118,8,0
27-08-2024,1619.31,655.49,0.76,32.72,1576.1,1565.88,1560.7785714285712,30.892181550390916,8,1
28-08-2024,1632.24,657.88,0.52,33.28,1619.31,1538.75,1574.1342857142859,38.941865584843036,8,2
29-08-2024,1688.55,661.62,0.66,36.27,1632.24,1529.15,1596.9057142857143,52.498281513727335,8,3
30-08-2024,1662.65,666.73,0.73,36.65,1688.55,1544.82,1613.7385714285715,51.90117417691163,8,4
31-08-2024,1624.05,676.5,0.72,35.43,1662.65,1571.23,1621.2842857142857,48.41345124956979,8,5
01-09-2024,1571.48,679.06,0.97,35.64,1624.05,1546.09,1624.9114285714284,42.4212342380017,9,6
02-09-2024,1619.9,675.07,0.73,35.1,1571.48,1576.1,1631.1685714285716,36.89142331593324,9,0
03-09-2024,1640.77,680.29,0.6,33.86,1619.9,1619.31,1634.2342857142855,36.63248597298695,9,1
04-09-2024,1639.42,697.69,0.69,34.89,1640.77,1632.24,1635.26,36.667842405250944,9,2
05-09-2024,1648.32,694.41,0.52,35.95,1639.42,1688.55,1629.5128571428572,29.344834703899792,9,3
06-09-2024,1614.72,682.77,0.69,33.57,1648.32,1662.65,1622.6657142857143,25.68816449705583,9,4
07-09-2024,1690.05,692.19,0.62,36.97,1614.72,1624.05,1632.0942857142857,36.2301227603186,9,5
08-09-2024,1692.23,689.14,0.79,35.91,1690.05,1571.48,1649.3442857142857,30.916569913683443,9,6
09-09-2024,1693.81,665.63,0.65,36.61,1692.23,1619.9,1659.902857142857,31.79322659203354,9,0
10-09-2024,1713.91,672.79,0.69,34.47,1693.81,1640.77,1670.3514285714286,36.17400605787531,9,1
11-09-2024,1725.76,665.98,0.64,36.31,1713.91,1639.42,1682.6857142857145,38.513561618744895,9,2
12-09-2024,1729.4,663.76,0.87,36.21,1725.76,1648.32,1694.2685714285712,38.64766203720172,9,3
13-09-2024,1702.53,665.8,0.67,34.12,1729.4,1614.72,1706.8128571428572,16.33305922963763,9,4
14-09-2024,1714.95,666.39,0.88,37.02,1702.53,1690.05,1710.3700000000001,14.704079932317363,9,5
15-09-2024,1769.16,672.16,0.78,38.18,1714.95,1692.23,1721.3600000000001,24.423361766744193,9,6
16-09-2024,1804.65,666.36,0.75,36.63,1769.16,1693.81,1737.1942857142858,36.5197502988993,9,0
17-09-2024,1845.89,670.17,0.74,36.58,1804.65,1713.91,1756.0485714285714,52.89354826071101,9,1
18-09-2024,1822.02,666.17,0.74,37.6,1845.89,1725.76,1769.8,56.121124958929,9,2
19-09-2024,1785.07,672.23,0.51,35.95,1822.02,1729.4,1777.7528571428572,53.31629104190591,9,3
20-09-2024,1775.96,676.94,0.67,37.32,1785.07,1702.53,1788.242857142857,42.09159999887358,9,4
21-09-2024,1772.83,666.05,0.78,38.13,1775.96,1714.95,1796.5114285714285,28.917541059732837,9,5
22-09-2024,1801.09,675.59,0.7,37.19,1772.83,1769.16,1801.0728571428572,26.28231770218258,9,6
23-09-2024,1744.4,668.71,0.56,37.51,1801.09,1804.65,1792.465714285714,33.726838401492586,9,0
24-09-2024,1787.28,675.42,0.69,37.26,1744.4,1845.89,1784.0928571428572,24.176441504045197,9,1
25-09-2024,1777.45,677.59,0.87,37.44,1787.28,1822.02,1777.7257142857143,17.4588934899604,9,2
26-09-2024,1760.11,694.42,0.82,35.86,1777.45,1785.07,1774.1599999999999,18.240305187204722,9,3
27-09-2024,1726.14,690.29,0.69,36.0,1760.11,1775.96,1767.0428571428572,25.639672198864996,9,4
28-09-2024,1674.64,684.99,0.8,35.61,1726.14,1772.83,1753.0157142857145,42.95701062566937,9,5
29-09-2024,1700.12,683.1,0.66,36.61,1674.64,1801.09,1738.5914285714287,41.03297065704047,9,6
30-09-2024,1701.87,678.41,0.53,35.42,1700.12,1744.4,1732.5157142857145,43.1249188817859,9,0
01-10-2024,1662.69,684.84,0.21,31.65,1701.87,1787.28,1714.717142857143,42.46082732510173,10,1
02-10-2024,1625.36,666.98,0.46,33.5,1662.69,1777.45,1692.99,43.898249015831944,10,2
03-10-2024,1618.72,655.1,0.27,32.87,1625.36,1760.11,1672.7914285714287,40.24384028571042,10,3
04-10-2024,1672.6,643.32,0.28,34.43,1618.72,1726.14,1665.142857142857,32.81732810267972,10,4
05-10-2024,1665.96,651.96,0.27,33.75,1672.6,1674.64,1663.902857142857,32.56166187096315,10,5
06-10-2024,1622.38,668.02,0.49,34.23,1665.96,1700.12,1652.797142857143,31.38651234419495,10,6
07-10-2024,1618.73,665.62,0.46,33.31,1622.38,1701.87,1640.92,24.75088617920875,10,0
08-10-2024,1614.49,662.62,0.52,33.84,1618.73,1662.69,1634.0342857142857,24.387014206217636,10,1
09-10-2024,1537.75,662.07,0.28,32.36,1614.49,1625.36,1621.5185714285715,44.09700950867962,10,2
10-10-2024,1544.16,672.44,0.33,30.2,1537.75,1618.72,1610.8671428571429,52.99311833121122,10,3
11-10-2024,1544.97,661.72,0.15,30.18,1544.16,1672.6,1592.6342857142856,50.09000527611327,10,4
12-10-2024,1573.56,662.87,0.45,31.7,1544.97,1665.96,1579.4342857142858,38.343925575781874,10,5
13-10-2024,1635.33,671.37,0.18,32.54,1573.56,1622.38,1581.2842857142857,40.98288010736217,10,6
14-10-2024,1672.34,674.95,0.32,34.67,1635.33,1618.73,1588.9428571428573,52.52930030436177,10,0
15-10-2024,1665.65,675.35,0.19,32.09,1672.34,1614.49,1596.2514285714285,59.74025315989759,10,1
16-10-2024,1634.17,683.85,0.24,30.17,1665.65,1537.75,1610.0257142857142,54.92520880155415,10,2
17-10-2024,1714.66,655.14,0.22,32.94,1634.17,1544.16,1634.3828571428571,58.534633541169455,10,3
18-10-2024,1715.7,660.82,0.24,34.45,1714.66,1544.97,1658.7728571428572,50.01921954408035,10,4
19-10-2024,1715.33,653.06,0.25,34.03,1715.7,1573.56,1679.0257142857142,36.69188323358994,10,5
20-10-2024,1713.83,633.69,0.25,33.7,1715.33,1635.33,1690.24,32.91268043357435,10,6
21-10-2024,1719.06,638.13,0.38,33.8,1713.83,1672.34,1696.9142857142856,33.4111432792612,10,0
22-10-2024,1713.74,651.1,0.19,31.89,1719.06,1665.65,1703.7842857142857,30.749248693704605,10,1
23-10-2024,1695.8,648.71,0.32,34.05,1713.74,1634.17,1712.5885714285712,7.616754401200754,10,2
24-10-2024,1679.54,657.26,0.42,33.04,1695.8,1714.66,1707.5714285714287,14.490254688636943,10,3
25-10-2024,1679.49,672.24,0.25,35.34,1679.54,1715.7,1702.3985714285714,17.296380573448992,10,4
26-10-2024,1664.1,683.94,0.23,33.51,1679.49,1715.33,1695.08,21.290126819472693,10,5
27-10-2024,1644.37,698.66,0.28,32.46,1664.1,1713.83,1685.1571428571426,26.615524738996317,10,6
28-10-2024,1650.17,704.11,0.42,33.27,1644.37,1719.06,1675.3157142857142,24.6544024850343,10,0
29-10-2024,1644.81,702.78,0.32,33.2,1650.17,1713.74,1665.4685714285713,20.0933101871009,10,1
30-10-2024,1692.45,684.71,0.25,33.23,1644.81,1695.8,1664.99,19.27366683645525,10,2
31-10-2024,1613.02,680.55,0.35,33.86,1692.45,1679.54,1655.4871428571428,26.095637383776708,10,3
01-11-2024,1649.79,670.51,0.19,32.59,1613.02,1679.49,1651.2442857142855,23.861409469982092,11,4
02-11-2024,1689.32,690.81,0.37,33.36,1649.79,1664.1,1654.847142857143,27.718308458470176,11,5
03-11-2024,1627.24,687.24,0.34,34.88,1689.32,1644.37,1652.4,29.496587373051334,11,6
04-11-2024,1620.13,686.72,0.27,32.56,1627.24,1650.17,1648.1085714285714,31.95767379323961,11,0
05-11-2024,1612.47,690.5,0.22,32.94,1620.13,1644.81,1643.4885714285717,34.731287253356,11,1
06-11-2024,1574.05,689.13,0.21,30.95,1612.47,1692.45,1626.5742857142857,35.7291108466784,11,2
07-11-2024,1556.38,704.3,0.35,32.52,1574.05,1613.02,1618.482857142857,44.61807694719352,11,3
08-11-2024,1529.55,695.98,0.42,32.33,1556.38,1649.79,1601.3057142857144,52.927895876317486,11,4
09-11-2024,1589.88,696.01,0.24,30.1,1529.55,1689.32,1587.1,36.00830737468214,11,5
10-11-2024,1622.63,686.67,0.35,34.95,1589.88,1627.24,1586.4414285714286,35.184547947576434,11,6
11-11-2024,1663.76,671.73,0.09,33.42,1622.63,1620.13,1592.6742857142858,44.71952700138572,11,0
12-11-2024,1686.25,664.18,0.24,32.75,1663.76,1612.47,1603.2142857142858,57.1342270029764,11,1
13-11-2024,1652.03,662.53,0.3,31.79,1686.25,1574.05,1614.3542857142857,58.09423461263264,11,2
14-11-2024,1637.57,656.98,0.21,32.53,1652.03,1556.38,1625.952857142857,52.41803783494443,11,3
15-11-2024,1654.17,648.92,0.21,32.42,1637.57,1529.55,1643.7557142857142,31.010773319834858,11,4
16-11-2024,1618.52,633.88,0.23,32.14,1654.17,1589.88,1647.847142857143,23.75948422137145,11,5
17-11-2024,1642.61,632.37,0.33,32.8,1618.52,1622.63,1650.7014285714286,21.29778269230038,11,6
18-11-2024,1636.81,616.67,0.28,32.63,1642.61,1663.76,1646.8514285714284,20.97721496310841,11,0
19-11-2024,1627.18,623.94,0.08,32.48,1636.81,1686.25,1638.412857142857,12.757432753717424,11,1
20-11-2024,1650.51,624.29,0.09,32.01,1627.18,1652.03,1638.1957142857143,12.497311519984102,11,2
21-11-2024,1664.58,609.23,0.24,31.21,1650.51,1637.57,1642.054285714286,15.961494141449183,11,3
22-11-2024,1653.68,605.95,0.35,33.96,1664.58,1654.17,1641.984285714286,15.900462107357669,11,4
23-11-2024,1688.84,598.31,0.03,33.08,1653.68,1618.52,1652.03,20.229593833195597,11,5
24-11-2024,1654.93,601.53,0.25,35.24,1688.84,1642.61,1653.7899999999997,19.804920263814783,11,6
25-11-2024,1673.52,614.91,0.25,31.37,1654.93,1636.81,1659.0342857142857,19.415818170437184,11,0
26-11-2024,1690.39,595.86,0.44,33.75,1673.52,1627.18,1668.064285714286,16.631010048324224,11,1
27-11-2024,1679.22,597.09,0.26,30.38,1690.39,1650.51,1672.1657142857143,15.044866075424277,11,2
28-11-2024,1687.57,595.55,0.34,33.51,1679.22,1664.58,1675.45,15.611593981910227,11,3
29-11-2024,1648.07,602.35,0.31,31.77,1687.57,1653.68,1674.6485714285714,16.997875777335633,11,4
30-11-2024,1675.68,604.44,0.09,33.54,1648.07,1688.84,1672.7685714285715,15.856087609340207,11,5
01-12-2024,1668.53,596.83,0.38,32.11,1675.68,1654.93,1674.7114285714288,14.034606547450263,12,6
02-12-2024,1651.48,593.7,0.32,30.63,1668.53,1673.52,1671.5628571428572,16.58667307807346,12,0
03-12-2024,1682.31,585.87,0.35,32.38,1651.48,1690.39,1670.4085714285713,15.288445994990697,12,1
04-12-2024,1658.87,596.91,0.69,32.34,1682.31,1679.22,1667.5014285714285,15.268466882492028,12,2
05-12-2024,1615.35,597.18,0.09,31.41,1658.87,1687.57,1657.1842857142856,22.251128703075608,12,3
06-12-2024,1569.44,616.25,0.47,30.0,1615.35,1648.07,1645.9514285714286,40.21489418455741,12,4
07-12-2024,1590.56,615.32,0.27,31.4,1569.44,1675.68,1633.7914285714285,42.52996881739413,12,5
08-12-2024,1553.91,607.93,0.33,28.95,1590.56,1668.53,1617.4171428571426,48.56309151127402,12,6
09-12-2024,1610.01,592.63,0.3,31.23,1553.91,1651.48,1611.492857142857,46.186488902409465,12,0
10-12-2024,1548.07,574.75,0.26,31.9,1610.01,1682.31,1592.3157142857142,39.22627089797131,12,1
11-12-2024,1602.44,559.41,0.24,31.21,1548.07,1658.87,1584.2542857142855,27.234548436885504,12,2
12-12-2024,1609.38,562.9,0.33,30.57,1602.44,1615.35,1583.4014285714288,26.171200092379287,12,3
13-12-2024,1606.61,568.73,0.15,30.5,1609.38,1569.44,1588.7114285714285,26.633105607032256,12,4
14-12-2024,1590.38,553.54,0.38,31.28,1606.61,1590.56,1588.6857142857145,26.631110163886287,12,5
15-12-2024,1603.15,563.42,0.26,31.45,1590.38,1553.91,1595.7199999999998,22.01814857467039,12,6
16-12-2024,1602.02,559.32,0.19,29.19,1603.15,1610.01,1594.5785714285716,21.35087463334102,12,0
17-12-2024,1635.03,561.6,0.25,32.01,1602.02,1548.07,1607.0014285714283,13.712149634853006,12,1
18-12-2024,1636.57,578.49,0.43,29.76,1635.03,1602.44,1611.877142857143,17.39360008161217,12,2
19-12-2024,1638.96,587.89,0.25,31.07,1636.57,1609.38,1616.1028571428571,20.0726710678735,12,3
20-12-2024,1625.66,585.45,0.34,31.43,1638.96,1606.61,1618.8242857142857,19.861412216345762,12,4
21-12-2024,1622.08,576.83,0.23,31.87,1625.66,1590.38,1623.3528571428571,15.410065664980955,12,5
22-12-2024,1629.46,555.77,0.38,31.9,1622.08,1603.15,1627.1114285714286,12.616619235828294,12,6
23-12-2024,1575.77,549.46,0.37,29.57,1629.46,1602.02,1623.3614285714284,21.844142943633262,12,0
24-12-2024,1535.48,548.36,0.48,29.96,1575.77,1635.03,1609.14,38.80344958878711,12,1
25-12-2024,1559.78,539.52,0.28,30.4,1535.48,1636.57,1598.1699999999998,40.570647435343055,12,2
26-12-2024,1565.53,539.42,0.37,30.63,1559.78,1638.96,1587.68,37.65441408373796,12,3
27-12-2024,1560.19,541.4,0.31,29.79,1565.53,1625.66,1578.327142857143,34.660297995436856,12,4
28-12-2024,1561.03,540.33,0.43,30.49,1560.19,1622.08,1569.6057142857142,29.04150183033036,12,5
29-12-2024,1571.54,535.02,0.23,30.76,1561.03,1629.46,1561.3314285714284,12.925506345029222,12,6
30-12-2024,1554.73,538.0,0.37,30.06,1571.54,1575.77,1558.3257142857142,11.359860411163247,12,0
31-12-2024,1531.45,543.66,0.28,29.72,1554.73,1535.48,1557.75,12.73012044940479,12,1
01-01-2025,1538.55,533.89,0.29,32.06,1531.45,1559.78,1554.717142857143,14.56289430250345,1,2
02-01-2025,1509.91,549.32,0.31,28.26,1538.55,1565.53,1546.7714285714285,21.296669871338285,1,3
03-01-2025,1524.13,549.35,0.33,28.13,1509.91,1560.19,1541.6200000000001,21.86360979625889,1,4
04-01-2025,1474.15,550.55,0.29,29.84,1524.13,1561.03,1529.2085714285715,31.53107590312802,1,5
05-01-2025,1508.46,558.62,0.32,29.14,1474.15,1571.54,1520.197142857143,25.933777661561916,1,6
06-01-2025,1524.18,561.78,0.46,30.45,1508.46,1554.73,1515.8328571428572,21.312675973060642,1,0
07-01-2025,1532.45,572.07,0.4,29.92,1524.18,1531.45,1515.9757142857143,21.437787398918935,1,1
08-01-2025,1561.93,575.5,0.39,30.86,1532.45,1538.55,1519.3157142857144,26.7132338344606,1,2
09-01-2025,1610.26,569.87,0.25,32.72,1561.93,1509.91,1533.6514285714288,42.86682455709553,1,3
10-01-2025,1636.46,574.09,0.21,32.15,1610.26,1524.13,1549.6985714285713,57.302933440986145,1,4
11-01-2025,1575.53,563.17,0.4,32.1,1636.46,1474.15,1564.1814285714286,46.89200551204906,1,5
12-01-2025,1534.31,564.99,0.39,29.19,1575.53,1508.46,1567.8742857142859,42.5932807129764,1,6
13-01-2025,1514.63,565.36,0.45,29.46,1534.31,1524.18,1566.5100000000002,44.34309378760479,1,0
14-01-2025,1515.28,563.97,0.24,26.73,1514.63,1532.45,1564.0571428571427,46.93998569591297,1,1
15-01-2025,1530.48,563.41,0.28,29.17,1515.28,1561.93,1559.564285714286,48.65143535286943,1,2
16-01-2025,1507.44,545.32,0.14,29.7,1530.48,1610.26,1544.8757142857141,46.257215241456976,1,3
17-01-2025,1512.76,540.93,0.26,29.92,1507.44,1636.46,1527.2042857142858,23.438436279493352,1,4
18-01-2025,1489.37,543.04,0.4,29.55,1512.76,1575.53,1514.8957142857143,14.898063472408518,1,5
19-01-2025,1471.3,545.77,0.25,28.77,1489.37,1534.31,1505.8942857142858,19.528635262812003,1,6
20-01-2025,1430.1,536.58,0.36,27.95,1471.3,1514.63,1493.8185714285714,33.999770797398156,1,0
21-01-2025,1405.3,550.51,0.28,28.19,1430.1,1515.28,1478.107142857143,45.794665160177914,1,1
22-01-2025,1368.71,542.83,0.33,28.39,1405.3,1530.48,1454.997142857143,54.877472826284205,1,2
23-01-2025,1345.05,553.67,0.19,25.02,1368.71,1507.44,1431.7985714285714,62.769588025910316,1,3
24-01-2025,1383.29,558.87,0.31,28.18,1345.05,1512.76,1413.302857142857,53.29761649266989,1,4
25-01-2025,1359.36,553.23,0.0,26.86,1383.29,1489.37,1394.7299999999998,44.258294890979855,1,5
26-01-2025,1443.9,571.92,0.28,28.37,1359.36,1471.3,1390.8157142857142,36.969024356818586,1,6
27-01-2025,1459.88,560.54,0.14,28.89,1443.9,1430.1,1395.07,43.39773496382352,1,0
28-01-2025,1465.63,570.53,0.42,32.61,1459.88,1405.3,1403.6885714285713,51.07883235035774,1,1
29-01-2025,1439.63,581.12,0.38,29.19,1465.63,1368.71,1413.82,50.00674554487824,1,2
30-01-2025,1461.53,574.79,0.35,29.8,1439.63,1345.05,1430.4600000000003,42.057008135665825,1,3
31-01-2025,1443.88,589.22,0.45,29.07,1461.53,1383.29,1439.1157142857141,36.61372550326156,1,4
01-02-2025,1447.87,586.94,0.21,28.79,1443.88,1359.36,1451.76,10.32720678547842,2,5
02-02-2025,1524.65,590.08,0.47,31.6,1447.87,1443.9,1463.2957142857144,28.75056744764207,2,6
03-02-2025,1517.73,592.89,0.39,30.86,1524.65,1459.88,1471.56,35.19684218775817,2,0
04-02-2025,1548.35,591.68,0.28,29.5,1517.73,1465.63,1483.377142857143,45.30807754105323,2,1
05-02-2025,1521.71,599.96,0.41,31.1,1548.35,1439.63,1495.1028571428571,42.64207652619705,2,2
06-02-2025,1516.28,607.9,0.19,31.23,1521.71,1461.53,1502.9242857142856,40.42109921680239,2,3
07-02-2025,1565.14,590.25,0.22,30.92,1516.28,1443.88,1520.2471428571428,36.71327948394067,2,4
08-02-2025,1539.45,603.49,0.24,31.28,1565.14,1447.87,1533.3300000000002,18.34557258095315,2,5
09-02-2025,1588.08,586.8,0.25,30.69,1539.45,1524.65,1542.3914285714286,26.977811517529734,2,6
10-02-2025,1600.97,597.39,0.19,31.71,1588.08,1517.73,1554.282857142857,32.1461100362981,2,0
11-02-2025,1574.95,608.7,0.42,32.1,1600.97,1548.35,1558.0828571428572,32.89145365895375,2,1
12-02-2025,1585.93,597.62,0.27,30.18,1574.95,1521.71,1567.257142857143,29.87304343047528,2,2
13-02-2025,1606.4,593.56,0.34,32.03,1585.93,1516.28,1580.1314285714286,22.831469092939724,2,3
14-02-2025,1615.18,582.63,0.24,30.28,1606.4,1565.14,1587.2800000000002,25.078545943816565,2,4
15-02-2025,1557.6,580.83,0.12,29.13,1615.18,1539.45,1589.8728571428571,19.662714049666857,2,5
16-02-2025,1528.04,578.13,0.33,30.53,1557.6,1588.08,1581.2957142857142,30.618214000181503,2,6
17-02-2025,1514.2,586.37,0.11,29.42,1528.04,1600.97,1568.9,38.00006885944906,2,0
18-02-2025,1506.1,599.74,0.29,28.87,1514.2,1574.95,1559.064285714286,44.523551766389275,2,1
19-02-2025,1519.11,613.7,0.16,30.79,1506.1,1585.93,1549.5185714285712,44.96445575053713,2,2
20-02-2025,1518.03,607.81,0.5,31.91,1519.11,1606.4,1536.8942857142858,38.23444949990934,2,3
21-02-2025,1471.47,605.56,0.39,29.38,1518.03,1615.18,1516.3642857142856,25.73116324410034,2,4
22-02-2025,1478.57,588.61,0.31,28.08,1471.47,1557.6,1505.0742857142855,21.634585626443805,2,5
23-02-2025,1492.08,580.78,0.43,30.18,1478.57,1528.04,1499.9371428571428,19.429477359570132,2,6
24-02-2025,1503.25,590.82,0.22,29.09,1492.08,1514.2,1498.372857142857,18.508757129155253,2,0
25-02-2025,1529.36,607.16,0.35,30.9,1503.25,1506.1,1501.695714285714,21.903763646793948,2,1
26-02-2025,1546.62,594.67,0.32,30.38,1529.36,1519.11,1505.6257142857141,27.341875610400127,2,2
27-02-2025,1551.65,588.85,0.33,28.79,1546.62,1518.03,1510.4285714285713,32.37376892293396,2,3
28-02-2025,1540.41,588.81,0.43,30.74,1551.65,1471.47,1520.277142857143,28.840136219037255,2,4
01-03-2025,1481.88,591.84,0.37,29.71,1540.41,1478.57,1520.75,28.05889757854174,3,5
02-03-2025,1488.86,583.9,0.33,30.45,1481.88,1492.08,1520.2900000000002,28.627878021078757,3,6
03-03-2025,1488.72,588.47,0.13,28.19,1488.86,1503.25,1518.2142857142858,30.532702608206854,3,0
04-03-2025,1490.37,583.96,0.2,30.89,1488.72,1529.36,1512.6442857142858,31.694843353894246,3,1
05-03-2025,1445.38,584.13,0.29,27.05,1490.37,1546.62,1498.1814285714286,36.36228331126785,3,2
06-03-2025,1408.38,589.91,0.31,29.88,1445.38,1551.65,1477.7142857142858,41.243938486700095,3,3
07-03-2025,1437.14,590.18,0.19,28.17,1408.38,1540.41,1462.9614285714285,32.655697016126304,3,4
08-03-2025,1431.57,586.01,0.54,30.9,1437.14,1481.88,1455.7742857142857,33.32739506614313,3,5
09-03-2025,1447.8,585.2,0.45,29.91,1431.57,1488.86,1449.9085714285716,29.978798301617925,3,6
10-03-2025,1443.51,584.61,0.36,30.44,1447.8,1488.72,1443.4500000000003,24.613657455229983,3,0
11-03-2025,1439.37,581.22,0.31,28.55,1443.51,1490.37,1436.1642857142856,13.407593441585881,3,1
12-03-2025,1462.59,579.0,0.28,28.02,1439.37,1445.38,1438.6228571428571,16.581406970849624,3,2
13-03-2025,1440.91,595.41,0.2,30.01,1462.59,1408.38,1443.27,9.908644373646588,3,3
14-03-2025,1438.59,601.11,0.31,29.02,1440.91,1437.14,1443.4771428571428,9.773369794135565,3,4
15-03-2025,1419.53,598.13,0.33,29.12,1438.59,1431.57,1441.7571428571428,12.806829836702818,3,5
16-03-2025,1402.16,605.14,0.18,29.2,1419.53,1447.8,1435.2371428571428,19.226432078424928,3,6
17-03-2025,1389.32,601.7,0.33,27.49,1402.16,1443.51,1427.4957142857145,25.29285133316444,3,0
18-03-2025,1392.97,613.4,0.28,29.05,1389.32,1439.37,1420.8671428571429,27.634008464203692,3,1
19-03-2025,1375.33,616.83,0.11,26.75,1392.97,1462.59,1408.4014285714286,25.2550552221912,3,2
20-03-2025,1410.52,615.42,0.21,28.25,1375.33,1440.91,1404.06,20.986710080196705,3,3
21-03-2025,1379.36,619.59,0.26,28.25,1410.52,1438.59,1395.5985714285712,16.120642489552992,3,4
22-03-2025,1370.9,603.49,0.49,27.54,1379.36,1419.53,1388.6514285714288,14.483998559652331,3,5
23-03-2025,1355.21,592.15,0.36,27.25,1370.9,1402.16,1381.9442857142856,17.69964487106319,3,6
24-03-2025,1396.82,580.37,0.17,28.94,1355.21,1389.32,1383.015714285714,18.43237446889979,3,0
25-03-2025,1398.77,582.19,0.35,29.43,1396.82,1392.97,1383.8442857142857,19.07362302312835,3,1
26-03-2025,1425.61,599.87,0.15,28.05,1398.77,1375.33,1391.027142857143,24.13001707002732,3,2
27-03-2025,1375.52,622.18,0.41,29.14,1425.61,1410.52,1386.0271428571427,23.018276589118546,3,3
28-03-2025,1380.45,628.12,0.25,27.96,1375.52,1379.36,1386.182857142857,22.969292337085513,3,4
29-03-2025,1403.75,632.57,0.29,30.19,1380.45,1370.9,1390.8757142857141,22.680420231888302,3,5
30-03-2025,1401.6,613.91,0.43,29.13,1403.75,1355.21,1397.5028571428572,16.441526403179573,3,6
31-03-2025,1429.0,608.2,0.17,28.61,1401.6,1396.82,1402.1000000000001,20.271533406649556,3,0
01-04-2025,1407.5,600.16,0.16,29.06,1429.0,1398.77,1403.347142857143,20.301042431357097,4,1
02-04-2025,1444.82,593.95,0.24,28.04,1407.5,1425.61,1406.0914285714284,24.645619237691594,4,2
03-04-2025,1506.91,592.39,0.4,32.11,1444.82,1375.52,1424.8614285714284,41.64937191534271,4,3
04-04-2025,1486.0,587.82,0.15,27.38,1506.91,1380.45,1439.94,41.996086722337616,4,4
05-04-2025,1463.61,568.27,0.02,29.35,1486.0,1403.75,1448.4914285714287,39.41381332657941,4,5
06-04-2025,1499.27,576.38,0.25,29.15,1463.61,1401.6,1462.4442857142858,37.27728032678133,4,6
07-04-2025,1536.9,566.13,0.36,30.25,1499.27,1429.0,1477.8585714285714,43.01066822245772,4,0
08-04-2025,1509.54,569.2,0.42,28.55,1536.9,1407.5,1492.435714285714,30.728483451481864,4,1
09-04-2025,1486.6,590.55,0.25,29.02,1509.54,1444.82,1498.4042857142856,23.032117326926436,4,2
10-04-2025,1468.93,581.55,0.26,28.1,1486.6,1506.91,1492.9785714285715,25.077175165389143,4,3
11-04-2025,1420.24,556.62,0.42,28.34,1468.93,1486.0,1483.5842857142857,37.4112714106506,4,4
12-04-2025,1386.73,554.62,0.11,26.78,1420.24,1463.61,1472.6014285714284,52.4960917365191,4,5
13-04-2025,1352.32,566.54,0.26,28.21,1386.73,1499.27,1451.6085714285712,67.33813541331875,4,6
14-04-2025,1326.7,586.79,0.32,27.57,1352.32,1536.9,1421.58,69.7878506617749,4,0
15-04-2025,1324.35,574.76,0.34,27.65,1326.7,1509.54,1395.1242857142859,65.87797073803759,4,1
16-04-2025,1330.17,580.23,0.25,25.9,1324.35,1486.6,1372.777142857143,55.36986476234093,4,2
17-04-2025,1375.18,575.98,0.3,27.02,1330.17,1468.93,1359.3842857142859,36.285334437325304,4,3
18-04-2025,1341.47,575.4,0.05,27.93,1375.18,1420.24,1348.1314285714286,24.599692022656342,4,4
19-04-2025,1368.93,602.33,0.23,26.99,1341.47,1386.73,1345.5885714285716,20.527774216320143,4,5
20-04-2025,1359.06,587.26,0.35,29.64,1368.93,1352.32,1346.5514285714287,21.047623324488384,4,6
21-04-2025,1354.63,590.05,0.2,26.99,1359.06,1326.7,1350.5414285714287,19.22566897690513,4,0
22-04-2025,1372.16,594.92,0.31,28.06,1354.63,1324.35,1357.3714285714286,16.696244516143107,4,1
23-04-2025,1334.9,605.88,0.34,28.88,1372.16,1330.17,1358.047142857143,15.461989645578575,4,2
24-04-2025,1344.67,606.75,0.27,28.84,1334.9,1375.18,1353.6885714285713,14.064564726391387,4,3
25-04-2025,1347.49,609.69,0.32,27.78,1344.67,1341.47,1354.5485714285714,13.359288189976644,4,4
26-04-2025,1359.96,605.58,0.2,27.09,1347.49,1368.93,1353.267142857143,12.122892550872374,4,5
27-04-2025,1365.74,608.16,0.28,27.91,1359.96,1359.06,1354.2214285714288,12.893328285442228,4,6
28-04-2025,1436.24,604.57,0.36,29.73,1365.74,1354.63,1365.8799999999999,33.59774446780275,4,0
29-04-2025,1410.45,610.69,0.32,29.73,1436.24,1372.16,1371.3500000000001,37.661763987592074,4,1
30-04-2025,1389.18,606.78,0.24,28.12,1410.45,1334.9,1379.1042857142857,34.34834923585839,4,2
01-05-2025,1366.25,610.42,0.32,28.83,1389.18,1344.67,1382.187142857143,31.601263536973445,5,3
02-05-2025,1346.53,609.91,0.37,29.79,1366.25,1347.49,1382.0499999999997,31.778524194656853,5,4
03-05-2025,1325.39,620.98,0.1,26.95,1346.53,1359.96,1377.1114285714286,37.883392767932634,5,5
04-05-2025,1360.13,620.04,0.42,28.99,1325.39,1365.74,1376.31,38.221878987351445,5,6
05-05-2025,1400.13,601.91,0.27,26.83,1360.13,1436.24,1371.1514285714288,30.4274648019866,5,0
06-05-2025,1378.44,614.49,0.34,25.9,1400.13,1410.45,1366.5785714285716,25.55175168703984,5,1
07-05-2025,1350.03,605.15,0.42,28.79,1378.44,1389.18,1360.9857142857143,24.018820299129356,5,2
08-05-2025,1362.22,598.51,0.16,27.14,1350.03,1366.25,1360.41,23.9197024784404,5,3
09-05-2025,1343.14,592.58,0.23,26.7,1362.22,1346.53,1359.9257142857143,24.279174105157217,5,4
10-05-2025,1360.63,606.47,0.27,28.07,1343.14,1325.39,1364.9600000000003,19.005446587503055,5,5
11-05-2025,1364.41,584.99,0.22,27.36,1360.63,1360.13,1365.5714285714287,18.892673560831582,5,6
12-05-2025,1316.51,616.66,0.47,29.41,1364.41,1400.13,1353.6257142857144,19.813408638980153,5,0
13-05-2025,1362.97,626.89,0.21,27.87,1316.51,1378.44,1351.4157142857143,17.28585727973065,5,1
14-05-2025,1414.63,628.58,0.24,27.98,1362.97,1350.03,1360.6442857142858,29.413050310395768,5,2
15-05-2025,1391.52,627.46,0.32,29.74,1414.63,1362.22,1364.8300000000002,31.672676447117176,5,3
16-05-2025,1376.39,629.77,0.18,27.63,1391.52,1343.14,1369.5800000000002,30.343012924292243,5,4
17-05-2025,1382.31,634.39,0.26,28.91,1376.39,1360.63,1372.6771428571428,30.383644017792736,5,5
18-05-2025,1389.46,640.15,0.33,28.42,1382.31,1364.41,1376.2557142857145,30.720976469320092,5,6
19-05-2025,1406.07,644.9,0.27,28.22,1389.46,1316.51,1389.05,17.49359597082327,5,0
20-05-2025,1462.49,644.9,0.29,29.92,1406.07,1362.97,1403.267142857143,29.253297656843884,5,1
21-05-2025,1450.56,642.03,0.25,29.43,1462.49,1414.63,1408.3999999999999,34.29676563939681,5,2
22-05-2025,1420.67,639.68,0.15,28.93,1450.56,1391.52,1412.5642857142855,33.669566800922745,5,3
23-05-2025,1374.95,636.93,0.33,28.39,1420.67,1376.39,1412.3585714285714,33.930806272119234,5,4
24-05-2025,1351.06,647.53,0.48,27.28,1374.95,1382.31,1407.8942857142858,40.04765280548254,5,5
25-05-2025,1349.4,652.52,0.3,27.84,1351.06,1389.46,1402.1714285714284,45.598588950493856,5,6
26-05-2025,1402.75,622.06,0.32,29.67,1349.4,1406.07,1401.6971428571428,45.568536555389954,5,0
27-05-2025,1384.18,628.18,0.37,28.59,1402.75,1462.49,1390.51,36.95484361564894,5,1
28-05-2025,1388.88,629.57,0.17,27.75,1384.18,1450.56,1381.6985714285715,25.97154945209852,5,2
29-05-2025,1386.25,628.79,0.47,30.42,1388.88,1420.67,1376.7814285714287,19.91575375448978,5,3
30-05-2025,1420.0,624.33,0.32,28.43,1386.25,1374.95,1383.217142857143,25.672246177534603,5,4
31-05-2025,1492.34,635.08,0.46,29.51,1420.0,1351.06,1403.4,44.677860661895174,5,5
01-06-2025,1469.44,643.85,0.63,31.45,1492.34,1349.4,1420.5485714285714,43.519027420306834,6,6
02-06-2025,1449.05,635.25,0.88,32.01,1469.44,1402.75,1427.1628571428573,43.880016983435105,6,0
03-06-2025,1475.81,638.61,0.78,31.44,1449.05,1384.18,1440.2528571428572,42.568214164247124,6,1
04-06-2025,1490.48,628.12,0.76,32.24,1475.81,1388.88,1454.7671428571427,39.33035541580068,6,2
05-06-2025,1539.49,613.77,0.72,33.34,1490.48,1386.25,1476.6585714285713,37.438799583801384,6,3
06-06-2025,1548.29,607.22,0.68,32.66,1539.49,1420.0,1494.9857142857143,36.46839035697105,6,4
07-06-2025,1528.48,615.7,0.82,33.49,1548.29,1492.34,1500.1485714285714,38.5312485429169,6,5
08-06-2025,1538.29,624.92,0.71,34.71,1528.48,1469.44,1509.984285714286,38.171773977138464,6,6
09-06-2025,1563.28,629.55,0.5,31.92,1538.29,1449.05,1526.302857142857,31.638272031404654,6,0
10-06-2025,1578.51,636.21,0.59,33.26,1563.28,1475.81,1540.9742857142858,27.91410327943664,6,1
11-06-2025,1583.72,640.65,0.68,33.06,1578.51,1490.48,1554.294285714286,21.25538900832087,6,2
12-06-2025,1605.58,633.42,0.73,33.23,1583.72,1539.49,1563.7357142857145,27.379502586698706,6,3
13-06-2025,1629.57,637.07,0.69,33.7,1605.58,1548.29,1575.347142857143,35.706276625636356,6,4
14-06-2025,1658.89,644.34,0.82,34.96,1629.57,1528.48,1593.9771428571428,40.83089259943345,6,5
15-06-2025,1664.89,650.99,0.5,34.37,1658.89,1538.29,1612.062857142857,40.085106841150804,6,6
16-06-2025,1646.25,661.86,0.71,37.23,1664.89,1563.28,1623.9157142857143,35.22891040838075,6,0
17-06-2025,1638.1,667.71,0.52,33.12,1646.25,1578.51,1632.4285714285713,29.09378709637746,6,1
18-06-2025,1662.31,669.87,0.78,35.1,1638.1,1583.72,1643.655714285714,21.278801545866926,6,2
19-06-2025,1624.75,679.17,0.69,34.55,1662.31,1605.58,1646.3942857142854,16.185857877430763,6,3
20-06-2025,1624.78,677.32,0.74,35.25,1624.75,1629.57,1645.7099999999998,17.091591499631974,6,4
21-06-2025,1602.11,666.96,0.61,34.03,1624.78,1658.89,1637.5985714285714,22.432921067247133,6,5
22-06-2025,1593.38,663.99,0.83,35.96,1602.11,1664.89,1627.3828571428571,24.150051562397955,6,6
23-06-2025,1622.74,655.26,0.8,32.49,1593.38,1646.25,1624.0242857142857,22.67883363906496,6,0
24-06-2025,1618.16,647.4,0.76,32.15,1622.74,1638.1,1621.1757142857143,21.853453469914495,6,1
25-06-2025,1609.63,645.01,0.69,33.53,1618.16,1662.31,1613.65,12.317061337441315,6,2
26-06-2025,1559.5,636.18,0.76,34.64,1609.63,1624.75,1604.3285714285716,22.770775443010493,6,3
27-06-2025,1575.21,632.38,0.63,31.53,1559.5,1624.78,1597.2471428571428,23.056644533261057,6,4
28-06-2025,1587.28,612.8,0.79,30.86,1575.21,1602.11,1595.1285714285714,23.216126886484528,6,5
29-06-2025,1644.44,614.67,0.86,35.71,1587.28,1593.38,1602.4228571428573,29.692997330456322,6,6
30-06-2025,1624.77,614.39,0.81,34.79,1644.44,1622.74,1602.7128571428573,29.933438222159168,6,0
01-07-2025,1622.06,605.93,0.63,32.44,1624.77,1618.16,1603.2700000000002,30.302885451008798,7,1
02-07-2025,1620.55,612.41,0.74,33.13,1622.06,1609.63,1604.83,30.958851184386006,7,2
03-07-2025,1659.13,621.54,0.57,32.99,1620.55,1559.5,1619.0628571428572,29.51373788254893,7,3
04-07-2025,1645.76,605.03,0.76,34.63,1659.13,1575.21,1629.1414285714288,23.469787265247678,7,4
05-07-2025,1644.46,597.3,0.75,33.74,1645.76,1587.28,1637.31,14.833441946839551,7,5
06-07-2025,1653.25,589.66,0.51,33.75,1644.46,1644.44,1638.5685714285714,15.876317192891596,7,6
07-07-2025,1649.13,580.47,0.58,30.61,1653.25,1624.77,1642.0485714285714,14.992859887603231,7,0
08-07-2025,1626.4,589.16,0.67,32.79,1649.13,1622.06,1642.6685714285716,14.09112655571941,7,1
09-07-2025,1624.19,587.44,0.67,32.46,1626.4,1620.55,1643.1885714285713,13.176321474876787,7,2
10-07-2025,1648.65,585.04,0.58,33.22,1624.19,1659.13,1641.6914285714286,11.559272509229729,7,3
11-07-2025,1609.05,565.3,0.74,32.95,1648.65,1645.76,1636.447142857143,16.623740768344398,7,4
12-07-2025,1606.38,572.35,0.73,34.24,1609.05,1644.46,1631.007142857143,19.53955195152777,7,5
13-07-2025,1579.03,560.51,0.68,30.83,1606.38,1653.25,1620.4042857142856,24.868652192972444,7,6
14-07-2025,1610.07,561.9,0.62,32.94,1579.03,1649.13,1614.8242857142857,21.503391869540867,7,0
15-07-2025,1558.18,565.44,0.8,33.61,1610.07,1626.4,1605.0785714285714,29.39416179463747,7,1
16-07-2025,1537.99,579.73,0.87,35.05,1558.18,1624.19,1592.7642857142857,37.0995030770186,7,2
17-07-2025,1547.06,567.05,0.65,31.65,1537.99,1648.65,1578.2514285714285,30.955737986292704,7,3
18-07-2025,1591.5,537.51,0.64,32.77,1547.06,1609.05,1575.7442857142858,28.672049605176824,7,4
19-07-2025,1584.95,540.6,0.75,31.12,1591.5,1606.38,1572.682857142857,25.862167809366184,7,5
20-07-2025,1564.22,559.8,0.66,29.99,1584.95,1579.03,1570.567142857143,25.86216780936621,7,6
21-07-2025,1617.79,572.99,0.69,34.27,1564.22,1610.07,1571.67,27.910926175788102,7,0
22-07-2025,1568.98,575.63,0.77,33.16,1617.79,1558.18,1573.212857142857,27.333471369973296,7,1
23-07-2025,1500.25,571.2,0.51,31.94,1568.98,1537.99,1567.8214285714287,37.3322208591454,7,2
24-07-2025,1514.3,579.84,0.83,31.3,1500.25,1547.06,1563.1414285714286,42.115630284681885,7,3
25-07-2025,1499.55,570.51,0.71,32.25,1514.3,1591.5,1550.0057142857142,45.960472457990896,7,4
26-07-2025,1470.14,575.87,0.66,32.97,1499.55,1584.95,1533.6042857142857,51.55671855890123,7,5
27-07-2025,1494.26,581.4,0.69,32.1,1470.14,1564.22,1523.61,51.41339319662077,7,6
28-07-2025,1503.4,592.38,0.7,32.23,1494.26,1617.79,1507.2685714285715,30.3570356635173,7,0
29-07-2025,1488.02,620.13,0.53,31.16,1503.4,1568.98,1495.702857142857,13.87530505850419,7,1
30-07-2025,1452.09,623.65,0.85,30.69,1488.02,1500.25,1488.8228571428572,21.233654665802618,7,2
31-07-2025,1482.71,618.09,0.7,33.3,1452.09,1514.3,1484.31,18.032052942571735,7,3
01-08-2025,1505.3,617.47,0.74,31.86,1482.71,1499.55,1485.1314285714286,18.949621305171867,8,4
02-08-2025,1504.45,599.43,0.8,33.04,1505.3,1470.14,1490.032857142857,18.86277260814437,8,5
03-08-2025,1562.18,592.49,0.6,30.78,1504.45,1494.26,1499.7357142857145,33.32453693444404,8,6
04-08-2025,1529.69,588.55,0.75,31.39,1562.18,1503.4,1503.4914285714283,35.233135648270185,8,0
05-08-2025,1485.32,583.54,0.67,32.92,1529.69,1488.02,1503.1057142857146,35.44488061617816,8,1
06-08-2025,1468.35,585.39,0.78,31.46,1485.32,1452.09,1505.4285714285713,31.89990670220535,8,2
07-08-2025,1471.78,577.46,0.49,31.74,1468.35,1482.71,1503.8671428571429,33.428158646065896,8,3
08-08-2025,1483.86,589.12,0.69,31.52,1471.78,1505.3,1500.804285714286,34.247179376241434,8,4
09-08-2025,1480.97,589.34,0.64,29.46,1483.86,1504.45,1497.45,34.9727627350728,8,5
10-08-2025,1496.18,589.46,0.74,32.95,1480.97,1562.18,1488.0214285714285,20.526077258195603,8,6
11-08-2025,1462.68,586.39,0.75,30.95,1496.18,1529.69,1478.4485714285715,11.491736782405138,8,0
12-08-2025,1511.88,588.22,0.63,32.41,1462.68,1485.32,1482.242857142857,17.13684015408207,8,1
13-08-2025,1512.99,596.7,0.63,31.83,1511.88,1468.35,1488.6200000000001,19.277479952620904,8,2
14-08-2025,1550.19,588.1,0.69,31.04,1512.99,1471.78,1499.8214285714287,28.456700106350127,8,3
15-08-2025,1562.44,581.75,0.61,32.47,1550.19,1483.86,1511.047142857143,35.69057845519675,8,4
16-08-2025,1577.66,579.08,0.78,35.57,1562.44,1480.97,1524.8600000000001,40.49686695688563,8,5
17-08-2025,1595.65,566.04,0.66,33.4,1577.66,1496.18,1539.07,45.85337210417238,8,6
18-08-2025,1609.24,558.53,0.41,31.71,1595.65,1462.68,1560.0071428571428,37.93643706429499,8,0
19-08-2025,1628.15,554.59,0.66,34.36,1609.24,1511.88,1576.6171428571429,38.79652463558923,8,1
20-08-2025,1666.85,564.25,0.6,33.84,1628.15,1512.99,1598.597142857143,40.2962660445507,8,2
21-08-2025,1669.78,567.59,0.54,33.62,1666.85,1550.19,1615.6814285714286,41.68007574700491,8,3
22-08-2025,1688.09,570.17,0.58,32.81,1669.78,1562.44,1633.6314285714286,41.98473191859232,8,4
23-08-2025,1681.66,579.28,0.71,34.81,1688.09,1577.66,1648.4885714285715,36.97996368678674,8,5
24-08-2025,1721.59,578.32,0.83,36.81,1681.66,1595.65,1666.48,37.619077606851945,8,6
25-08-2025,1696.16,582.66,0.73,34.09,1721.59,1609.24,1678.8971428571429,28.914692755296695,8,0
26-08-2025,1746.47,581.97,0.64,36.64,1696.16,1628.15,1695.8,28.88837482431908,8,1
27-08-2025,1739.16,584.98,0.75,35.57,1746.47,1666.85,1706.1299999999999,29.72724339709876,8,2
28-08-2025,1690.63,579.46,0.65,33.54,1739.16,1669.78,1709.1085714285714,26.328306331324555,8,3
29-08-2025,1691.43,555.48,0.63,35.08,1690.63,1688.09,1709.5857142857144,25.910860565184706,8,4
30-08-2025,1668.04,555.03,0.58,33.21,1691.43,1681.66,1707.6399999999999,28.716825497554865,8,5
31-08-2025,1691.61,570.15,0.52,34.46,1668.04,1721.59,1703.357142857143,28.524535470360878,8,6
01-09-2025,1669.32,580.01,0.66,33.85,1691.61,1696.16,1699.5228571428572,31.320149911303783,9,0
02-09-2025,1654.46,590.07,0.72,34.24,1669.32,1746.47,1686.3785714285716,27.395047866528653,9,1
03-09-2025,1597.17,602.63,0.69,33.93,1654.46,1739.16,1666.0942857142857,33.652776436649354,9,2
04-09-2025,1585.98,603.46,0.66,33.41,1597.17,1690.63,1651.1442857142858,42.9084998793374,9,3
05-09-2025,1516.32,605.37,0.61,29.83,1585.98,1691.43,1626.1285714285714,62.210641755324936,9,4
06-09-2025,1475.45,599.08,0.76,30.81,1516.32,1668.04,1598.6157142857144,80.48783196998424,9,5
07-09-2025,1507.08,595.94,0.57,32.34,1475.45,1691.61,1572.2542857142855,74.9845783826809,9,6
08-09-2025,1537.99,602.18,0.78,32.85,1507.08,1669.32,1553.4928571428572,61.94684810760352,9,0
09-09-2025,1556.66,614.17,0.6,31.97,1537.99,1654.46,1539.5214285714287,43.72972498895168,9,1
10-09-2025,1532.72,612.5,0.62,30.88,1556.66,1597.17,1530.3142857142855,35.597833200374964,9,2
11-09-2025,1537.67,607.74,0.55,30.83,1532.72,1585.98,1523.412857142857,26.53695895287318,9,3
12-09-2025,1543.79,607.59,0.65,30.46,1537.67,1516.32,1527.337142857143,27.33246038077212,9,4
13-09-2025,1515.07,613.45,0.8,32.75,1543.79,1475.45,1532.9971428571428,16.91320166220699,9,5
14-09-2025,1567.73,598.75,0.75,32.66,1515.07,1507.08,1541.6614285714288,16.958392640302808,9,6
15-09-2025,1599.07,575.81,0.8,32.77,1567.73,1537.99,1550.3871428571426,27.30940174738038,9,0
16-09-2025,1595.98,570.79,0.75,33.34,1599.07,1556.66,1556.0042857142855,32.386505346544105,9,1
17-09-2025,1600.58,559.17,0.59,32.91,1595.98,1532.72,1565.6985714285713,34.35184731970056,9,2
18-09-2025,1610.48,554.9,0.67,35.13,1600.58,1537.67,1576.1000000000001,35.45594449440471,9,3
19-09-2025,1552.46,554.32,0.62,30.43,1610.48,1543.79,1577.3385714285712,34.27078222445502,9,4
20-09-2025,1551.26,550.71,0.83,34.1,1552.46,1515.07,1582.5085714285713,24.706725419259588,9,5
21-09-2025,1537.16,566.22,0.58,32.59,1551.26,1567.73,1578.1414285714286,29.90851853473668,9,6
22-09-2025,1514.25,570.16,0.79,31.58,1537.16,1599.07,1566.0242857142857,36.47704842630596,9,0
23-09-2025,1514.17,573.76,0.79,32.6,1514.25,1595.98,1554.337142857143,38.33807364052736,9,1
24-09-2025,1576.54,580.51,0.88,33.41,1514.17,1600.58,1550.9028571428573,34.37744450168598,9,2
25-09-2025,1601.15,569.51,0.66,33.19,1576.54,1610.48,1549.57,31.764120219575496,9,3
26-09-2025,1588.23,580.51,0.77,34.99,1601.15,1552.46,1554.68,35.01717388163949,9,4
27-09-2025,1610.33,580.14,0.93,35.2,1588.23,1551.26,1563.1185714285714,40.71030681464683,9,5
28-09-2025,1656.19,587.24,0.64,34.42,1610.33,1537.16,1580.1228571428571,51.491743258505146,9,6
29-09-2025,1685.58,576.78,0.55,33.35,1656.19,1514.25,1604.5985714285714,55.523192279827,9,0
30-09-2025,1687.6,561.71,0.51,32.01,1685.58,1514.17,1629.3742857142859,46.389667979285335,9,1
01-10-2025,1668.37,570.65,0.37,32.38,1687.6,1576.54,1642.492857142857,41.70638109210323,10,2
02-10-2025,1690.51,575.0,0.11,32.87,1668.37,1601.15,1655.2585714285713,40.604193719482495,10,3
03-10-2025,1702.45,566.48,0.26,30.99,1690.51,1588.23,1671.5757142857144,30.991022278959537,10,4
04-10-2025,1728.88,558.46,0.34,32.18,1702.45,1610.33,1688.5114285714285,23.408244579120076,10,5
05-10-2025,1746.24,570.54,0.32,33.62,1728.88,1656.19,1701.3757142857141,27.132882176950453,10,6
06-10-2025,1775.19,559.24,0.34,32.95,1746.24,1685.58,1714.1771428571428,37.57008549098202,10,0
07-10-2025,1755.19,576.48,0.32,32.91,1775.19,1687.6,1723.8328571428572,38.27999508620255,10,1
08-10-2025,1791.79,567.94,0.43,34.27,1755.19,1668.37,1741.4642857142858,36.87393381818988,10,2
09-10-2025,1793.01,574.97,0.2,32.3,1791.79,1690.51,1756.107142857143,33.461048356753565,10,3
10-10-2025,1850.51,572.18,0.23,33.67,1793.01,1702.45,1777.2585714285713,40.039523152453384,10,4
11-10-2025,1822.23,578.77,0.22,34.94,1850.51,1728.88,1790.5942857142857,36.64249530115136,10,5
12-10-2025,1868.14,573.75,0.38,34.37,1822.23,1746.24,1808.0085714285717,40.78248906425224,10,6
13-10-2025,1865.63,572.65,0.39,34.06,1868.14,1775.19,1820.9285714285713,42.922321476622386,10,0
14-10-2025,1837.78,573.61,0.35,34.4,1865.63,1755.19,1832.7271428571428,31.73305569590895,10,1
15-10-2025,1816.36,564.11,0.42,35.71,1837.78,1791.79,1836.2371428571428,27.530933943469083,10,2
16-10-2025,1800.92,572.24,0.18,33.45,1816.36,1793.01,1837.3671428571429,25.5522025886809,10,3
17-10-2025,1808.6,567.66,0.47,34.67,1800.92,1850.51,1831.3799999999999,26.837110500017292,10,4
18-10-2025,1818.86,566.02,0.45,35.25,1808.6,1822.23,1830.8985714285716,27.057927013647106,10,5
19-10-2025,1795.7,556.76,0.37,32.63,1818.86,1868.14,1820.5499999999997,24.1355664250254,10,6
20-10-2025,1790.18,532.0,0.48,35.06,1795.7,1865.63,1809.7714285714285,16.186623518897783,10,0
21-10-2025,1849.93,531.45,0.13,34.12,1790.18,1837.78,1811.5071428571428,19.913071681678787,10,1
22-10-2025,1894.24,556.95,0.25,34.81,1849.93,1816.36,1822.6328571428571,37.26903840723112,10,2
23-10-2025,1897.58,565.65,0.23,36.26,1894.24,1800.92,1836.4414285714286,44.99032652629351,10,3
24-10-2025,1888.79,566.15,0.37,34.73,1897.58,1808.6,1847.8971428571429,46.88882408207353,10,4
25-10-2025,1882.89,564.2,0.19,35.99,1888.79,1818.86,1857.0442857142857,46.52422983666541,10,5
26-10-2025,1892.06,565.14,0.38,36.07,1882.89,1795.7,1870.81,38.99473981607552,10,6
27-10-2025,1851.66,571.31,0.44,35.34,1892.06,1790.18,1879.5928571428574,20.203522559187746,10,0
28-10-2025,1836.22,560.07,0.37,34.97,1851.66,1849.93,1877.6342857142859,23.887101021852427,10,1
29-10-2025,1779.18,572.01,0.33,33.94,1836.22,1894.24,1861.197142857143,42.71962964648642,10,2
30-10-2025,1786.99,579.73,0.2,34.83,1779.18,1897.58,1845.3985714285716,47.232799842297105,10,3
31-10-2025,1801.82,587.31,0.22,32.9,1786.99,1888.79,1832.9742857142858,45.31622220825816,10,4
01-11-2025,1781.95,591.95,0.42,34.01,1801.82,1882.89,1818.554285714286,42.774027110248184,11,5
02-11-2025,1824.75,592.31,0.38,36.22,1781.95,1892.06,1808.9385714285715,28.768522976960124,11,6
03-11-2025,1781.38,599.19,0.3,33.6,1824.75,1851.66,1798.8985714285714,23.074194408672927,11,0
04-11-2025,1732.96,605.13,0.26,34.24,1781.38,1836.22,1784.1471428571429,27.76774010369588,11,1
05-11-2025,1737.59,601.48,0.1,34.27,1732.96,1779.18,1778.205714285714,32.96987354987857,11,2
06-11-2025,1766.6,595.72,0.19,33.02,1737.59,1786.99,1775.292857142857,32.96516126356859,11,3
07-11-2025,1813.22,596.82,0.49,36.3,1766.6,1801.82,1776.9214285714286,34.728528823950185,11,4
08-11-2025,1793.16,612.38,0.17,32.73,1813.22,1781.95,1778.5228571428572,35.253550513384404,11,5
09-11-2025,1820.17,599.74,0.32,35.65,1793.16,1824.75,1777.8685714285714,34.28171545118386,11,6
10-11-2025,1812.25,585.07,0.4,35.24,1820.17,1781.38,1782.2785714285715,36.708382071073764,11,0
11-11-2025,1800.63,587.01,0.17,34.23,1812.25,1732.96,1791.945714285714,29.81976350054266,11,1
12-11-2025,1821.22,587.78,0.32,34.14,1800.63,1737.59,1803.892857142857,19.315841265647848,11,2
13-11-2025,1833.76,589.76,0.39,33.71,1821.22,1766.6,1813.4871428571428,13.512630775180527,11,3
14-11-2025,1778.74,592.4,0.3,34.61,1833.76,1813.22,1808.5614285714287,18.854712433303067,11,4
15-11-2025,1817.98,590.32,0.59,34.04,1778.74,1793.16,1812.107142857143,17.77874171962193,11,5
16-11-2025,1852.28,605.42,0.13,34.19,1817.98,1820.17,1816.6942857142858,23.445175663554455,11,6
17-11-2025,1824.62,589.3,0.41,36.23,1852.28,1812.25,1818.4614285714285,23.52042830411917,11,0
18-11-2025,1828.89,581.23,0.28,34.85,1824.62,1800.63,1822.4985714285715,22.345651648793037,11,1
19-11-2025,1835.81,580.57,0.38,37.18,1828.89,1821.22,1824.5828571428572,22.880554126441385,11,2
20-11-2025,1835.29,564.53,0.34,35.92,1835.81,1833.76,1824.8014285714285,22.989878518075525,11,3
21-11-2025,1810.38,563.48,0.23,33.27,1835.29,1778.74,1829.3214285714287,13.629115192943772,11,4
22-11-2025,1782.98,580.82,0.32,34.19,1810.38,1817.98,1824.3214285714287,22.20516713761019,11,5
23-11-2025,1776.23,581.42,0.11,32.98,1782.98,1852.28,1813.457142857143,24.709281463983547,11,6
24-11-2025,1805.66,584.09,0.36,33.15,1776.23,1824.62,1810.7485714285715,24.317768146135915,11,0
25-11-2025,1814.65,571.81,0.33,33.65,1805.66,1828.89,1808.7142857142858,23.112999846297317,11,1
26-11-2025,1795.65,566.21,0.36,33.86,1814.65,1835.81,1802.9771428571428,20.047272228403344,11,2
27-11-2025,1811.77,563.14,0.41,32.8,1795.65,1835.29,1799.6171428571429,15.086004235705328,11,3
28-11-2025,1718.36,560.7,0.34,33.11,1811.77,1810.38,1786.4714285714285,33.273464616857474,11,4
29-11-2025,1749.44,574.3,0.31,33.31,1718.36,1782.98,1781.68,36.15054817459286,11,5
30-11-2025,1692.19,580.39,0.21,30.57,1749.44,1776.23,1769.6742857142858,49.68395141855844,11,6
01-12-2025,1679.0,569.67,0.23,32.43,1692.19,1805.66,1751.5800000000002,56.929784822975414,12,0
02-12-2025,1643.64,572.74,0.42,33.19,1679.0,1814.65,1727.1499999999999,61.83505855626717,12,1
03-12-2025,1604.67,578.27,0.44,32.3,1643.64,1795.65,1699.8671428571429,68.36186454303225,12,2
04-12-2025,1641.19,590.1,0.28,31.58,1604.67,1811.77,1675.4985714285715,49.6723160416624,12,3
05-12-2025,1626.91,606.11,0.3,32.58,1641.19,1718.36,1662.4342857142858,48.5335831690648,12,4
06-12-2025,1637.64,595.83,0.21,32.25,1626.91,1749.44,1646.462857142857,29.978349806707502,12,5
07-12-2025,1635.9,587.81,0.42,32.81,1637.64,1692.19,1638.4214285714286,22.211705193647884,12,6
08-12-2025,1649.84,575.48,0.37,31.51,1635.9,1679.0,1634.2557142857142,14.84615646877155,12,0
09-12-2025,1650.94,573.63,0.49,33.25,1649.84,1643.64,1635.2985714285714,15.838444187362512,12,1
10-12-2025,1611.06,578.82,0.21,32.21,1650.94,1604.67,1636.2114285714285,13.836568009307673,12,2
11-12-2025,1641.41,589.11,0.26,31.23,1611.06,1641.19,1636.2428571428572,13.850004469313578,12,3
12-12-2025,1625.4,588.57,0.32,33.98,1641.41,1626.91,1636.027142857143,14.030177848718566,12,4
13-12-2025,1578.17,585.6,0.36,30.83,1625.4,1637.64,1627.5314285714287,25.88655663227939,12,5
14-12-2025,1567.02,587.41,0.28,30.8,1578.17,1635.9,1617.6914285714286,33.99633236506872,12,6
15-12-2025,1614.14,579.31,0.21,30.4,1567.02,1649.84,1612.5914285714287,30.90716121348296,12,0
16-12-2025,1639.25,600.62,0.39,32.76,1614.14,1650.94,1610.9214285714286,28.728788945519895,12,1
17-12-2025,1626.99,584.53,0.37,30.37,1639.25,1611.06,1613.197142857143,29.365477301303393,12,2
18-12-2025,1615.17,586.68,0.21,30.59,1626.99,1641.41,1609.4485714285715,26.719380873744605,12,3
19-12-2025,1604.63,607.19,0.44,31.23,1615.17,1625.4,1606.4814285714285,25.78983936119482,12,4
20-12-2025,1666.41,607.11,0.42,33.29,1604.63,1578.17,1619.087142857143,30.73614414876003,12,5
21-12-2025,1674.11,605.07,0.31,33.72,1666.41,1567.02,1634.3857142857141,26.914886746220944,12,6
22-12-2025,1682.71,601.39,0.31,33.44,1674.11,1614.14,1644.1814285714286,30.55083819269399,12,0
23-12-2025,1708.73,599.56,0.36,31.03,1682.71,1639.25,1654.107142857143,38.84302327488555,12,1
24-12-2025,1709.55,613.3,0.21,34.89,1708.73,1626.99,1665.9014285714286,41.66836826990162,12,2
25-12-2025,1695.24,590.91,0.3,33.15,1709.55,1615.17,1677.3400000000001,36.02939771895191,12,3
26-12-2025,1683.36,606.43,0.08,30.96,1695.24,1604.63,1688.5871428571427,16.596755419858308,12,4
27-12-2025,1675.66,592.06,0.39,33.15,1683.36,1666.41,1689.9085714285713,14.808645479677924,12,5
28-12-2025,1669.22,589.55,0.14,31.83,1675.66,1674.11,1689.2100000000003,15.762730304648107,12,6
29-12-2025,1685.88,585.47,0.45,32.73,1669.22,1682.71,1689.662857142857,15.58944804881157,12,0
30-12-2025,1681.28,591.65,0.27,32.67,1685.88,1708.73,1685.7414285714287,13.274401968053398,12,1
31-12-2025,1659.41,585.0598,0.27,31.91,1681.28,1709.55,1678.5785714285716,11.72325954144758,12,2
01-01-2026,1617.99,595.6568,0.28,31.12,1659.41,1695.24,1667.5428571428572,23.683579905354367,1,3
02-01-2026,1580.1,587.7667,0.33,30.39,1617.99,1683.36,1652.7914285714287,39.23924584234761,1,4
03-01-2026,1500.58,592.5093,0.33,28.86,1580.1,1675.66,1627.7800000000002,67.7060521666308,1,5
04-01-2026,1533.44,586.7842,0.33,29.49,1500.58,1669.22,1608.3828571428571,73.0908965407692,1,6
05-01-2026,1507.56,590.8072,0.35,28.99,1533.44,1685.88,1582.9085714285716,72.6527605413334,1,0
06-01-2026,1387.71,602.6433,0.42,26.69,1507.56,1681.28,1540.9699999999998,89.2414137792764,1,1
07-01-2026,1407.37,602.7573,0.38,27.06,1387.71,1659.41,1504.9642857142858,84.1924638070149,1,2
08-01-2026,1394.6,606.6144,0.36,26.82,1407.37,1617.99,1473.0514285714287,76.16503581659492,1,3
09-01-2026,1370.26,615.1686,0.38,26.35,1394.6,1580.1,1443.0742857142855,67.85149663219632,1,4
10-01-2026,1376.89,616.0509,0.33,26.48,1370.26,1500.58,1425.4042857142856,66.47155252609174,1,5
11-01-2026,1354.93,622.9701,0.37,26.06,1376.89,1533.44,1399.902857142857,50.42065242008576,1,6
12-01-2026,1323.72,625.2267,0.34,25.46,1354.93,1507.56,1373.6399999999999,27.806044906176094,1,0
13-01-2026,1361.78,623.4525,0.31,26.19,1323.72,1387.71,1369.9357142857145,27.342577820968422,1,1
14-01-2026,1269.39,628.0283,0.27,24.41,1361.78,1407.37,1350.2242857142858,41.7812385554697,1,2
15-01-2026,1268.69,632.4448,0.29,24.4,1269.39,1394.6,1332.2371428571428,46.3463517852324,1,3
16-01-2026,1310.86,630.7288,0.28,25.21,1268.69,1370.26,1323.7514285714285,43.5796188710202,1,4
17-01-2026,1339.89,635.61,0.27,25.77,1310.86,1376.89,1318.4657142857143,37.93914726544467,1,5
18-01-2026,1367.97,637.0661,0.27,26.31,1339.89,1354.93,1320.3285714285716,40.27615482652295,1,6
19-01-2026,1347.32,639.0242,0.29,25.91,1367.97,1323.72,1323.7,41.57419391871594,1,0
20-01-2026,1347.53,641.1353,0.3,25.91,1347.32,1361.78,1321.6642857142856,39.7056989431294,1,1
21-01-2026,1346.63,648.6184,0.27,25.9,1347.53,1269.39,1332.6985714285713,32.90808635594055,1,2
22-01-2026,1417.53,656.4025,0.29,27.26,1346.63,1268.69,1353.9614285714285,32.741826678985,1,3
23-01-2026,1420.21,667.1355,0.27,27.31,1417.53,1310.86,1369.5828571428572,34.77331386471281,1,4
24-01-2026,1375.99,665.4597,0.3,26.46,1420.21,1339.89,1374.74,32.218816965519316,1,5
25-01-2026,1431.39,661.1198,0.27,27.53,1375.99,1367.97,1383.7999999999997,38.33431317576505,1,6
26-01-2026,1450.85,661.3644,0.31,27.9,1431.39,1347.32,1398.59,41.734919032599386,1,0
27-01-2026,1451.43,660.0402,0.37,27.91,1450.85,1347.53,1413.4328571428573,38.93068614602726,1,1
28-01-2026,1402.6,666.582,0.4,26.97,1451.43,1346.63,1421.4285714285713,26.773117380623983,1,2
29-01-2026,1356.06,663.2147,0.39,26.08,1402.6,1417.53,1412.6471428571429,36.55784398913336,1,3
30-01-2026,1345.28,666.1344,0.4,25.87,1356.06,1420.21,1401.9428571428573,44.15487655741418,1,4
31-01-2026,1399.97,664.1013,0.41,26.92,1345.28,1375.99,1405.3685714285714,42.71243278340246,1,5
01-02-2026,1448.47,669.2409,0.43,27.86,1399.97,1431.39,1407.8085714285714,44.87956974998023,2,6
02-02-2026,1455.21,668.5054,0.42,27.98,1448.47,1450.85,1408.4314285714286,45.600931799069,2,0
03-02-2026,1479.56,668.2659,0.44,28.45,1455.21,1451.43,1412.45,50.947724842799694,2,1
04-02-2026,1464.64,669.2831,0.47,28.17,1479.56,1402.6,1421.3128571428572,54.23858703727901,2,2
05-02-2026,1527.0,662.893,0.46,29.37,1464.64,1356.06,1445.7328571428573,58.29297834045284,2,3
06-02-2026,1492.11,665.543,0.48,28.69,1527.0,1345.28,1466.7085714285713,39.51503234141881,2,4
07-02-2026,1469.03,660.7826,0.5,28.25,1492.11,1399.97,1476.5742857142857,26.578978445927856,2,5
08-02-2026,1491.24,661.0311,0.52,28.68,1469.03,1448.47,1482.6842857142856,23.813722134428474,2,6
09-02-2026,1580.78,658.0927,0.53,30.4,1491.24,1455.21,1500.6228571428571,40.86144585221968,2,0
10-02-2026,1556.05,667.912,0.57,29.92,1580.78,1479.56,1511.55,44.36713047581173,2,1
11-02-2026,1489.3,669.136,0.52,28.64,1556.05,1464.64,1515.072857142857,40.8621551536451,2,2
12-02-2026,1429.5,668.1938,0.51,27.49,1489.3,1527.0,1501.1442857142854,51.38209119167019,2,3
13-02-2026,1447.74,667.0765,0.48,27.84,1429.5,1492.11,1494.8057142857142,55.27186259960036,2,4
14-02-2026,1486.28,675.4217,0.46,28.58,1447.74,1469.03,1497.27,54.30724966942881,2,5
15-02-2026,1567.73,688.0441,0.44,30.15,1486.28,1491.24,1508.1971428571428,60.26068057863728,2,6
16-02-2026,1669.27,687.8316,0.43,32.1,1567.73,1580.78,1520.8385714285712,83.01169785604574,2,0
17-02-2026,1758.6,688.4239,0.45,33.82,1669.27,1556.05,1549.7742857142857,123.00093168439491,2,1
18-02-2026,1726.14,678.0332,0.47,33.2,1758.6,1489.3,1583.6085714285714,135.52969470787644,2,2
19-02-2026,1772.23,674.3279,0.49,34.08,1726.14,1429.5,1632.5700000000002,132.4498836037914,2,3
20-02-2026,1722.87,671.711,0.51,33.13,1772.23,1447.74,1671.8742857142856,106.79887871709778,2,4
21-02-2026,1777.96,670.1464,0.52,34.19,1722.87,1486.28,1713.542857142857,74.26422865104156,2,5
22-02-2026,1827.19,668.2871,0.52,35.14,1777.96,1567.73,1750.6085714285714,50.213324071177475,2,6
23-02-2026,1834.18,656.2107,0.56,35.27,1827.19,1669.27,1774.1671428571428,43.9913702575205,2,0
24-02-2026,1817.0,665.4462,0.51,34.94,1834.18,1758.6,1782.51,46.03719293489498,2,1
25-02-2026,1812.87,658.6309,0.5,34.86,1817.0,1726.14,1794.9,39.55187901130309,2,2
26-02-2026,1840.42,651.2513,0.55,35.39,1812.87,1772.23,1804.6414285714286,41.392391180149076,2,3
27-02-2026,1766.47,645.8545,0.58,33.97,1840.42,1722.87,1810.8700000000001,28.222054023844045,2,4
28-02-2026,1762.16,650.7124,0.58,33.89,1766.47,1777.96,1808.6128571428574,31.7091972535986,2,5
01-03-2026,1799.65,642.6056,0.59,34.61,1762.16,1827.19,1804.6785714285713,30.712949184512997,3,6
02-03-2026,1809.5,649.1476,0.61,34.8,1799.65,1834.18,1801.152857142857,28.064238046565308,3,0
03-03-2026,1755.81,656.3654,0.58,33.77,1809.5,1817.0,1792.4114285714288,31.611083197888092,3,1
04-03-2026,1760.61,650.2406,0.59,33.86,1755.81,1812.87,1784.945714285714,32.14079176419766,3,2
05-03-2026,1804.57,641.8549,0.57,34.7,1760.61,1840.42,1779.8242857142855,23.53117071523455,3,3
06-03-2026,1786.29,640.3987,0.62,34.35,1804.57,1766.47,1782.6557142857143,22.838730157990696,3,4
07-03-2026,1810.67,648.4713,0.66,34.82,1786.29,1762.16,1789.5857142857144,22.942671928733958,3,5
08-03-2026,1775.58,653.8907,0.67,34.15,1810.67,1799.65,1786.1471428571429,22.986593711718402,3,6
09-03-2026,1929.96,654.1145,0.7,37.11,1775.58,1809.5,1803.3557142857142,59.48968870229681,3,0
10-03-2026,1966.02,643.8606,0.73,37.81,1929.96,1755.81,1833.3857142857141,80.74714336678524,3,1
11-03-2026,1914.93,641.9798,0.72,36.83,1966.02,1760.61,1855.4314285714286,78.60415413710939,3,2
12-03-2026,1898.43,630.3587,0.68,36.51,1914.93,1804.57,1868.8400000000001,76.45820426868136,3,3
13-03-2026,1999.73,639.5533,0.68,38.46,1898.43,1786.29,1899.3314285714284,80.5033550912245,3,4
14-03-2026,2066.35,637.9469,0.63,39.74,1999.73,1810.67,1935.857142857143,90.90306260224453,3,5
15-03-2026,2050.31,637.3859,0.6,39.43,2066.35,1775.58,1975.1042857142857,66.09151126957336,3,6
16-03-2026,2021.57,642.9435,0.6,38.88,2050.31,1929.96,1988.1914285714286,64.71819693314308,3,0
17-03-2026,2024.21,651.0075,0.58,38.93,2021.57,1966.02,1996.5042857142857,65.13154659530305,3,1
18-03-2026,2016.61,655.9213,0.57,38.78,2024.21,1914.93,2011.03,54.35318328602931,3,2
19-03-2026,1930.99,655.3276,0.57,37.13,2016.61,1898.43,2015.6814285714286,43.40084923451473,3,3
20-03-2026,1977.67,662.0604,0.55,38.03,1930.99,1999.73,2012.5300000000002,45.50220214441674,3,4
21-03-2026,1968.4,663.0486,0.52,37.85,1977.67,2066.35,1998.537142857143,41.034470352792745,3,5
22-03-2026,1968.0,657.2801,0.53,37.85,1968.4,2050.31,1986.7785714285715,35.08847599441194,3,6
23-03-2026,1868.36,657.9811,0.56,35.93,1968.0,2021.57,1964.8914285714288,52.98803683484074,3,0
24-03-2026,1882.09,656.202,0.57,36.19,1868.36,2024.21,1944.5885714285712,53.69409322831006,3,1
25-03-2026,1841.94,652.1784,0.58,35.42,1882.09,2016.61,1919.6357142857141,55.21090075244364,3,2
26-03-2026,1853.52,662.8735,0.61,35.64,1841.94,1930.99,1908.5685714285714,60.10332448606437,3,3
27-03-2026,1819.53,654.2281,0.57,34.99,1853.52,1977.67,1885.9771428571428,59.51849704476452,3,4
28-03-2026,1784.35,656.8888,0.62,34.31,1819.53,1968.4,1859.6842857142856,57.66289588544991,3,5
29-03-2026,1861.04,661.1709,0.64,35.79,1784.35,1968.0,1844.4042857142856,33.12917287270515,3,6
30-03-2026,1912.12,663.7134,0.67,36.77,1861.04,1868.36,1850.6557142857143,41.479375942303065,3,0
31-03-2026,1908.83,667.7066,0.7,36.71,1912.12,1882.09,1854.4757142857143,45.85705720202262,3,1
01-04-2026,1936.95,661.7758,0.7,37.25,1908.83,1841.94,1868.0485714285714,54.73043742693689,4,2
02-04-2026,2026.93,662.2257,0.69,38.98,1936.95,1853.52,1892.8214285714287,80.32111852398373,4,3
03-04-2026,2084.86,655.445,0.67,40.09,2026.93,1819.53,1930.7257142857145,100.13235222392508,4,4
04-04-2026,2003.15,645.0371,0.64,38.52,2084.86,1784.35,1961.9828571428573,78.6758035048531,4,5
05-04-2026,1925.47,642.2675,0.66,37.03,2003.15,1861.04,1971.1871428571428,67.93377724275003,4,6
06-04-2026,1940.19,643.8978,0.64,37.31,1925.47,1912.12,1975.197142857143,64.61336722227767,4,0
07-04-2026,2036.84,642.3293,0.68,39.17,1940.19,1908.83,1993.484285714286,60.695456133300915,4,1
08-04-2026,2050.93,647.3216,0.65,39.44,2036.84,1936.95,2009.7671428571427,58.240299539644646,4,2
09-04-2026,1960.06,655.5363,0.62,37.69,2050.93,2026.93,2000.2142857142858,60.400099022237626,4,3
10-04-2026,1976.12,662.255,0.63,38.0,1960.06,2084.86,1984.6799999999998,47.63659517630702,4,4
11-04-2026,1991.52,654.0284,0.62,38.3,1976.12,2003.15,1983.0185714285712,47.08466396762048,4,5
12-04-2026,2054.02,661.1062,0.61,39.5,1991.52,1925.47,2001.3828571428571,45.95365299735017,4,6
13-04-2026,2062.73,664.4287,0.61,39.67,2054.02,1940.19,2018.8885714285714,41.920928118030176,4,0
14-04-2026,2041.39,660.5051,0.62,39.26,2062.73,2036.84,2019.5385714285712,42.279404532353425,4,1
15-04-2026,2036.03,661.0755,0.69,39.15,2041.39,2050.93,2017.41,40.78422489138837,4,2
16-04-2026,2053.98,669.9352,0.68,39.5,2036.03,1960.06,2030.8271428571427,33.586511039416635,4,3
17-04-2026,2029.87,657.3033,0.67,39.04,2053.98,1976.12,2038.5057142857145,23.67714710917301,4,4
18-04-2026,2090.05,660.5537,0.69,40.19,2029.87,1991.52,2052.5814285714287,20.107708661365702,4,5
19-04-2026,2095.42,661.6366,0.71,40.3,2090.05,2054.02,2058.4957142857143,25.86549171958791,4,6
20-04-2026,2036.49,662.4985,0.68,39.16,2095.42,2062.73,2054.747142857143,27.024993810683902,4,0
21-04-2026,2079.37,665.4078,0.69,39.99,2036.49,2041.39,2060.172857142857,27.70049621338032,4,1
22-04-2026,2106.06,669.15,0.69,40.5,2079.37,2036.03,2070.177142857143,30.07229384556744,4,2
23-04-2026,2021.19,674.5969,0.7,38.87,2106.06,2053.98,2065.4928571428572,35.14221616708533,4,3
24-04-2026,2015.46,672.0221,0.71,38.76,2021.19,2029.87,2063.434285714286,37.89126322205062,4,4
25-04-2026,2031.56,665.8138,0.71,39.07,2015.46,2090.05,2055.0785714285716,37.490743492365596,4,5
26-04-2026,2068.47,670.5099,0.7,39.78,2031.56,2095.42,2051.2285714285713,33.86610174806597,4,6
27-04-2026,1950.1,670.5414,0.66,37.5,2068.47,2036.49,2038.887142857143,51.356699567510404,4,0
28-04-2026,1910.68,660.0971,0.69,36.74,1950.1,2079.37,2014.7885714285715,66.53080149532559,4,1
29-04-2026,1868.55,664.5996,0.68,35.93,1910.68,2106.06,1980.8585714285714,72.51967214218827,4,2
30-04-2026,1931.13,670.2098,0.66,37.14,1868.55,2021.19,1967.9928571428572,72.15981977851413,4,3
01-05-2026,1856.47,672.2868,0.68,35.7,1931.13,2015.46,1945.2800000000002,79.38864150488715,5,4
02-05-2026,1860.68,670.671,0.68,35.78,1856.47,2031.56,1920.8685714285714,74.56187037807766,5,5
03-05-2026,1891.61,678.4426,0.68,36.38,1860.68,2068.47,1895.6028571428571,36.41937017304289,5,6
04-05-2026,1858.03,670.8944,0.67,35.73,1891.61,1950.1,1882.45,29.408107158712205,5,0
05-05-2026,1811.07,671.8371,0.66,34.83,1858.03,1910.68,1868.2199999999998,36.67365494000197,5,1
06-05-2026,1865.83,675.7863,0.65,35.88,1811.07,1868.55,1867.8314285714284,36.683983984077386,5,2
07-05-2026,1881.98,663.8156,0.62,36.19,1865.83,1931.13,1860.8099999999997,25.569049649755836,5,3
08-05-2026,1877.2,676.8742,0.62,36.1,1881.98,1856.47,1863.7714285714285,26.17589185256896,5,4
09-05-2026,1912.21,675.1781,0.61,36.77,1877.2,1860.68,1871.1328571428571,31.802693132309518,5,5
10-05-2026,1900.95,674.0419,0.57,36.56,1912.21,1891.61,1872.467142857143,32.97917055457648,5,6
11-05-2026,1954.62,666.9512,0.55,37.59,1900.95,1858.03,1886.2657142857145,44.22218706218683,5,0
12-05-2026,1937.88,675.223,0.59,37.27,1954.62,1811.07,1904.3814285714286,32.777015030006716,5,1
13-05-2026,1900.22,673.5506,0.65,36.54,1937.88,1865.83,1909.294285714286,28.30826725940065,5,2
14-05-2026,1928.22,672.2395,0.65,37.08,1900.22,1881.98,1915.9,26.18782223333737,5,3
15-05-2026,1954.86,665.5322,0.64,37.59,1928.22,1877.2,1926.9942857142855,23.357445534481702,5,4
16-05-2026,1882.81,658.3501,0.66,36.21,1954.86,1912.21,1922.794285714286,28.52956820381779,5,5
17-05-2026,1831.83,654.1645,0.67,35.23,1882.81,1900.95,1912.92,44.718443994898706,5,6
18-05-2026,1837.42,660.2072,0.71,35.34,1831.83,1954.62,1896.1771428571428,48.30033219831718,5,0
19-05-2026,1776.7,665.7596,0.71,34.17,1837.42,1937.88,1873.1514285714286,61.67374817762716,5,1
20-05-2026,1767.05,654.2092,0.7,33.98,1776.7,1900.22,1854.127142857143,71.66269222639178,5,2
21-05-2026,1720.24,650.3374,0.66,33.08,1767.05,1928.22,1824.4157142857143,78.602249089301,5,3
22-05-2026,1709.93,641.306,0.63,32.88,1720.24,1954.86,1789.4257142857143,64.01959045398993,5,4
23-05-2026,1777.55,639.0812,0.64,34.18,1709.93,1882.81,1774.3885714285714,49.03849828734142,5,5
24-05-2026,1761.86,638.7244,0.62,33.88,1777.55,1831.83,1764.392857142857,42.005343197440446,5,6
25-05-2026,1740.09,625.7641,0.62,33.46,1761.86,1837.42,1750.4885714285715,27.358893391564294,5,0
26-05-2026,1719.19,631.8464,0.65,33.06,1740.09,1776.7,1742.2728571428572,26.805254903994893,5,1
27-05-2026,1721.62,637.2335,0.6,33.11,1719.19,1767.05,1735.782857142857,25.261707328184006,5,2
28-05-2026,1627.73,625.4866,0.55,31.3,1721.62,1720.24,1722.5671428571427,48.37385130903045,5,3
29-05-2026,1669.32,634.9097,0.56,32.1,1627.73,1709.93,1716.765714285714,52.40887611111412,5,4
30-05-2026,1763.84,622.0079,0.54,33.92,1669.32,1777.55,1714.8071428571427,49.957563229220256,5,5
31-05-2026,1790.26,632.2605,0.55,34.43,1763.84,1761.86,1718.8642857142856,55.28485050382338,5,6
01-06-2026,1834.97,642.1304,0.6,35.29,1790.26,1740.09,1732.418571428571,70.80779557561216,6,0
02-06-2026,1872.7,650.1387,0.59,36.01,1834.97,1719.19,1754.3485714285714,87.76851493717787,6,1
03-06-2026,1831.84,638.5582,0.58,35.23,1872.7,1721.62,1770.0942857142857,90.75437801320263,6,2
04-06-2026,1803.78,640.7737,0.58,34.69,1831.84,1627.73,1795.2442857142855,65.64757265299207,6,3
05-06-2026,1780.82,645.9363,0.59,34.25,1803.78,1669.32,1811.1728571428573,37.489379257792315,6,4
06-06-2026,1898.02,647.727,0.59,36.5,1780.82,1763.84,1830.3414285714284,43.13295199277151,6,5
07-06-2026,1869.57,649.4305,0.6,35.95,1898.02,1790.26,1841.6714285714286,41.22395518317033,6,6
08-06-2026,1821.21,661.1137,0.58,35.02,1869.57,1834.97,1839.7057142857143,41.9189686008982,6,0
09-06-2026,1766.94,654.7583,0.57,33.98,1821.21,1872.7,1824.597142857143,46.817986826303105,6,1
10-06-2026,1819.53,663.8415,0.56,34.99,1766.94,1831.84,1822.8385714285712,46.73170281094788,6,2
11-06-2026,1861.79,675.7582,0.58,35.8,1819.53,1803.78,1831.1257142857144,47.91721988905909,6,3
12-06-2026,1835.27,673.5426,0.57,35.29,1861.79,1780.82,1838.9042857142856,42.50358175373474,6,4
13-06-2026,1899.39,672.3372,0.58,36.53,1835.27,1898.02,1839.1000000000001,42.82311019365968,6,5
14-06-2026,1952.53,676.7313,0.61,37.55,1899.39,1869.57,1850.9514285714288,60.49471338563944,6,6
15-06-2026,2022.56,680.3541,0.64,38.9,1952.53,1821.21,1879.7157142857143,86.34323209472154,6,0
16-06-2026,1981.8,663.2724,0.68,38.11,2022.56,1766.94,1910.4099999999999,77.28603560793782,6,1
17-06-2026,2001.47,664.0856,0.72,38.49,1981.8,1819.53,1936.4014285714288,72.04472741020263,6,2
18-06-2026,2026.69,659.3014,0.69,38.97,2001.47,1861.79,1959.9585714285713,70.52569801812425,6,3
19-06-2026,1937.5,668.0544,0.66,37.26,2026.69,1835.27,1974.562857142857,47.094578496900766,6,4
20-06-2026,1879.59,668.891,0.68,36.15,1937.5,1899.39,1971.7342857142855,52.631225477175946,6,5
21-06-2026,1820.19,669.6035,0.68,35.0,1879.59,1952.53,1952.8285714285714,78.22527200939403,6,6
22-06-2026,1821.12,683.6337,0.7,35.02,1820.19,2022.56,1924.0514285714287,85.05191266285823,6,0
23-06-2026,1796.75,687.219,0.65,34.55,1821.12,1981.8,1897.6157142857144,92.53989623524332,6,1
24-06-2026,1868.99,688.3148,0.63,35.94,1796.75,2001.47,1878.69,80.52767081356716,6,2
25-06-2026,1845.39,695.0753,0.58,35.49,1868.99,2026.69,1852.7900000000002,47.28892505994382,6,3
26-06-2026,1832.76,694.0971,0.56,35.25,1845.39,1937.5,1837.827142857143,29.08511000153205,6,4
27-06-2026,1845.68,693.6617,0.51,35.49,1832.76,1879.59,1832.9828571428573,23.19814339843969,6,5
28-06-2026,1824.51,689.4844,0.51,35.09,1845.68,1820.19,1833.6000000000001,22.856032026397575,6,6
29-06-2026,1813.38,689.6004,0.48,34.87,1824.51,1821.12,1832.4942857142858,23.73088343410632,6,0
30-06-2026,1862.23,692.8078,0.48,35.81,1813.38,1796.75,1841.8485714285712,19.887052260471794,6,1
01-07-2026,1853.8,685.1027,0.5,35.65,1862.23,1868.99,1839.6785714285713,17.059632106547358,7,2
02-07-2026,1856.79,685.5445,0.49,35.71,1853.8,1845.39,1841.3071428571427,18.20165350916999,7,3
03-07-2026,1887.61,695.04,0.49,36.3,1856.79,1832.76,1849.142857142857,24.59306522445963,7,4
04-07-2026,1845.57,697.6584,0.49,35.49,1887.61,1845.68,1849.1271428571429,24.59568167655708,7,5
05-07-2026,1784.47,692.0365,0.51,34.32,1845.57,1824.51,1843.4071428571426,34.09594047880975,7,6
06-07-2026,1757.67,690.7385,0.48,33.8,1784.47,1813.38,1835.4485714285713,46.51353796775099,7,0
07-07-2026,1792.9,695.7913,0.51,34.48,1757.67,1862.23,1825.544285714286,47.23615700459925,7,1
08-07-2026,1879.45,701.285,0.51,36.14,1792.9,1853.8,1829.2085714285713,50.66389063502157,7,2
09-07-2026,1726.11,695.8883,0.53,33.19,1879.45,1856.79,1810.5400000000002,61.6846147754184,7,3
10-07-2026,1697.22,693.7084,0.56,32.64,1726.11,1887.61,1783.3414285714284,63.97037294152313,7,4
11-07-2026,1664.39,704.1708,0.56,32.01,1697.22,1845.57,1757.4585714285715,70.8764686922086,7,5
12-07-2026,1684.81,699.9283,0.58,32.4,1664.39,1784.47,1743.2214285714288,74.46494352564612,7,6
13-07-2026,1722.83,702.8473,0.61,33.13,1684.81,1757.67,1738.2442857142858,74.50258650026898,7,0
14-07-2026,1749.99,704.3054,0.62,33.65,1722.83,1792.9,1732.1142857142856,70.93599083138317,7,1
15-07-2026,1741.37,695.1533,0.65,33.49,1749.99,1879.45,1712.3885714285716,31.213292269123734,7,2
16-07-2026,1727.72,692.2857,0.67,33.23,1741.37,1726.11,1712.6185714285714,31.33693902746522,7,3
17-07-2026,1793.63,687.1767,0.65,34.49,1727.72,1697.22,1726.3914285714286,42.60265423199638,7,4
18-07-2026,1794.49,680.4371,0.65,34.51,1793.63,1664.39,1744.9771428571428,39.29621216438216,7,5
19-07-2026,1817.19,680.5989,0.66,34.95,1794.49,1684.81,1763.8885714285714,37.319053412579294,7,6
20-07-2026,1817.51,687.0347,0.65,34.95,1817.19,1722.83,1777.4142857142856,37.114927750119975,7,0
21-07-2026,1753.49,680.153,0.69,33.72,1817.51,1749.99,1777.9142857142856,36.70521573150912,7,1
22-07-2026,1733.95,676.3837,0.66,33.35,1753.49,1741.37,1776.8542857142857,38.020050787665,7,2
23-07-2026,1809.89,676.0129,0.62,34.81,1733.95,1727.72,1788.5928571428572,32.623528173206914,7,3
24-07-2026,1858.51,679.2706,0.62,35.74,1809.89,1793.63,1797.8614285714286,42.12571796750202,7,4
25-07-2026,1832.61,672.478,0.58,35.24,1858.51,1794.49,1803.3071428571432,44.037791995073,7,5
26-07-2026,1844.82,669.557,0.63,35.48,1832.61,1817.19,1807.2542857142857,46.650271116359825,7,6
27-07-2026,1809.0,682.5821,0.62,34.79,1844.82,1817.51,1806.0385714285715,46.44891259162225,7,0
28-07-2026,1816.97,685.6234,0.58,34.94,1809.0,1753.49,1815.107142857143,40.264706925560546,7,1
29-07-2026,1805.18,677.433,0.56,34.72,1816.97,1733.95,1825.282857142857,20.472460944756747,7,2
30-07-2026,1790.35,677.6805,0.56,34.43,1805.18,1809.89,1822.4914285714287,23.956731432817012,7,3
31-07-2026,1814.75,684.9585,0.58,34.9,1790.35,1858.51,1816.24,17.947049896619713,7,4
01-08-2026,1744.51,699.0847,0.57,33.55,1814.75,1832.61,1803.6542857142856,30.82475782921725,8,5
02-08-2026,1732.87,697.0767,0.54,33.32,1744.51,1844.82,1787.6614285714284,34.704449488178916,8,6
03-08-2026,1800.19,700.5699,0.52,34.62,1732.87,1809.0,1786.402857142857,33.9532407456889,8,0
04-08-2026,1767.95,707.7808,0.49,34.0,1800.19,1816.97,1779.4,31.569534364508325,8,1
05-08-2026,1688.52,711.6092,0.49,32.47,1767.95,1805.18,1762.7342857142855,44.026803902812226,8,2
06-08-2026,1754.08,716.2869,0.43,33.73,1688.52,1790.35,1757.552857142857,42.336932936481425,8,3
07-08-2026,1800.17,719.1379,0.43,34.62,1754.08,1814.75,1755.4699999999998,39.30401803028891,8,4
08-08-2026,1881.47,727.0889,0.44,36.18,1800.17,1744.51,1775.0357142857142,61.02594143938561,8,5
09-08-2026,1968.53,739.2633,0.44,37.86,1881.47,1732.87,1808.7014285714286,91.35409321760493,8,6
10-08-2026,1921.52,744.961,0.44,36.95,1968.53,1800.19,1826.0342857142857,100.52032312869135,8,0
11-08-2026,1882.3,742.8863,0.44,36.2,1921.52,1767.95,1842.3700000000001,98.78433546532086,8,1
12-08-2026,1849.46,740.3451,0.46,35.57,1882.3,1688.52,1865.3614285714286,72.14600322224398,8,2
13-08-2026,1882.83,738.526,0.41,36.21,1849.46,1754.08,1883.7542857142857,52.88949008920748,8,3
14-08-2026,1882.16,759.0155,0.42,36.2,1882.83,1800.17,1895.467142857143,38.38328790590745,8,4
15-08-2026,1874.92,758.8082,0.44,36.06,1882.16,1881.47,1894.5314285714285,38.8582828700734,8,5
16-08-2026,1941.51,756.9281,0.45,37.34,1874.92,1968.53,1890.6714285714286,30.786082585219948,8,6
17-08-2026,1954.22,755.669,0.46,37.58,1941.51,1921.52,1895.3428571428572,37.90498679331143,8,0
18-08-2026,2037.61,756.7767,0.43,39.18,1954.22,1882.3,1917.53,64.86481686290492,8,1
19-08-2026,1966.18,761.4534,0.42,37.81,2037.61,1849.46,1934.2042857142858,59.20549210360116,8,2
20-08-2026,1959.41,757.1948,0.4,37.68,1966.18,1882.83,1945.1442857142858,55.06052332263907,8,3
21-08-2026,1982.54,764.3418,0.42,38.13,1959.41,1882.16,1959.4842857142855,48.61744777919588,8,4
22-08-2026,2004.92,762.7759,0.39,38.56,1982.54,1874.92,1978.0557142857142,33.36899102304583,8,5
23-08-2026,1997.89,761.6909,0.37,38.42,2004.92,1941.51,1986.1100000000001,29.6778435872845,8,6
24-08-2026,1999.16,751.0475,0.41,38.45,1997.89,1954.22,1992.5300000000002,26.297851623113658,8,0
25-08-2026,2031.78,750.4379,0.43,39.07,1999.16,2037.61,1991.697142857143,24.674421785879737,8,1
26-08-2026,2043.6,754.5541,0.45,39.3,2031.78,1966.18,2002.7571428571428,28.400350182127255,8,2
27-08-2026,2099.36,759.4778,0.49,40.37,2043.6,1959.41,2022.75,39.779844561342024,8,3
28-08-2026,2025.04,769.2687,0.48,38.94,2099.36,1982.54,2028.8214285714287,35.64870377648473,8,4
29-08-2026,2045.76,772.9376,0.49,39.34,2025.04,2004.92,2034.6557142857143,34.405293128082036,8,5
30-08-2026,1954.95,762.057,0.45,37.6,2045.76,1997.89,2028.5214285714285,44.42263328091011,8,6
31-08-2026,1865.46,759.8652,0.51,35.87,1954.95,1999.16,2009.4214285714286,76.39097687299392,8,0
01-09-2026,1961.26,749.9467,0.51,37.72,1865.46,2031.78,1999.3471428571427,77.59152331580735,9,1
02-09-2026,1966.2,742.7358,0.47,37.81,1961.26,2043.6,1988.2900000000002,75.72676959520102,9,2
03-09-2026,1995.74,733.9117,0.5,38.38,1966.2,2099.36,1973.4871428571428,58.58376814841784,9,3
04-09-2026,1760.28,732.8317,0.5,33.85,1995.74,2025.04,1935.6642857142856,94.32033747764213,9,4
05-09-2026,1771.71,724.9601,0.46,34.07,1760.28,2045.76,1896.5142857142857,97.81687002708915,9,5
06-09-2026,1797.5,725.7813,0.45,34.57,1771.71,1954.95,1874.0214285714285,100.21346889321225,9,6
07-09-2026,1820.67,727.8133,0.43,35.01,1797.5,1865.46,1867.622857142857,102.2602243810759,9,0
08-09-2026,1851.57,732.9473,0.4,35.61,1820.67,1961.26,1851.952857142857,93.55377984775062,9,1
09-09-2026,1773.09,726.0456,0.4,34.1,1851.57,1966.2,1824.3657142857141,82.0095987993483,9,2
10-09-2026,1863.7,720.9878,0.41,35.84,1773.09,1995.74,1805.5028571428572,40.90809688152504,9,3
11-09-2026,1875.81,722.2439,0.4,36.07,1863.7,1760.28,1822.0071428571428,42.87983547622556,9,4
12-09-2026,1821.61,721.5968,0.4,35.03,1875.81,1771.71,1829.1357142857144,36.84815954558268,9,5
13-09-2026,1844.03,714.792,0.34,35.46,1821.61,1797.5,1835.782857142857,34.29881179382339,9,6
14-09-2026,1737.5,718.8978287887627,0.34,35.46,1844.03,1820.67,1823.9014285714286,50.82878791535712,9,0
15-09-2026,1733.4577175267837,724.4467946470113,0.34,35.46,1737.5,1851.57,1807.028245360969,59.05220702440573,9,1
16-09-2026,1747.8888176441462,723.5931288591348,0.34,35.46,1733.4577175267837,1773.09,1803.4280764529901,62.15292675603974,9,2
17-09-2026,1762.1344553710392,722.7538879540882,0.34,35.46,1747.8888176441462,1863.7,1788.9187129345669,57.41185242335287,9,3
18-09-2026,1776.3700149658068,721.9252465127155,0.34,35.46,1762.1344553710392,1875.81,1774.7130007868252,42.76190485610919,9,4
19-09-2026,1790.636312417602,730.9347289458733,0.34,35.46,1776.3700149658068,1821.61,1770.288188275054,38.4895085256527,9,5
20-09-2026,1772.3988785777765,720.5401123294566,0.34,35.46,1790.636312417602,1844.03,1760.0551709290223,21.300435474129415,9,6
21-09-2026,1748.2500076293943,720.5402094487923,0.34,35.46,1772.3988785777765,1737.5,1761.59088630465,19.733087700670687,9,0
22-09-2026,1762.6360050654018,719.7420917050547,0.34,35.46,1748.2500076293943,1733.4577175267837,1765.7592130958813,15.407579040225444,9,1
23-09-2026,1777.0709892136158,718.9482868216837,0.34,35.46,1762.6360050654018,1747.8888176441462,1769.9280947486623,13.60948919551332,9,2
24-09-2026,1745.0000762939453,717.6083617409231,0.34,35.46,1777.0709892136158,1762.1344553710392,1767.4803263090776,16.48248299443133,9,3
25-09-2026,1750.0,717.6084556904012,0.34,35.46,1745.0000762939453,1776.3700149658068,1763.7131813139622,17.11348906335341,9,4
26-09-2026,1768.868909941072,727.9852134167293,0.34,35.46,1750.0,1790.636312417602,1760.6035523887435,12.853449941642863,9,5
27-09-2026,1794.3699579467611,723.3398743555116,0.34,35.46,1768.868909941072,1772.3988785777765,1763.742278012884,17.90412562796256,9,6
